"...1","placekey","region","sub_category","category_tags","visitor_home_cbg","count"
3435,"restaurant_42","OH","Full-Service Restaurants","Caribbean Food","390351219001",6
3436,"restaurant_42","OH","Full-Service Restaurants","Caribbean Food","390351221002",5
3437,"restaurant_42","OH","Full-Service Restaurants","Caribbean Food","390351841042",4
3438,"restaurant_42","OH","Full-Service Restaurants","Caribbean Food","390351222002",4
3439,"restaurant_42","OH","Full-Service Restaurants","Caribbean Food","390351218001",4
3440,"restaurant_42","OH","Full-Service Restaurants","Caribbean Food","390351217004",4
3441,"restaurant_42","OH","Full-Service Restaurants","Caribbean Food","390351223001",4
3442,"restaurant_42","OH","Full-Service Restaurants","Caribbean Food","390351207021",4
3443,"restaurant_42","OH","Full-Service Restaurants","Caribbean Food","390351208021",4
3444,"restaurant_42","OH","Full-Service Restaurants","Caribbean Food","390351404001",4
3445,"restaurant_42","OH","Full-Service Restaurants","Caribbean Food","390351204001",4
3446,"restaurant_42","OH","Full-Service Restaurants","Caribbean Food","390351215001",4
3447,"restaurant_42","OH","Full-Service Restaurants","Caribbean Food","390351275011",4
3448,"restaurant_42","OH","Full-Service Restaurants","Caribbean Food","390351836042",4
3449,"restaurant_42","OH","Full-Service Restaurants","Caribbean Food","390351712061",4
3450,"restaurant_42","OH","Full-Service Restaurants","Caribbean Food","390351214032",4
347395,"restaurant_53","CA","Snack and Nonalcoholic Beverage Bars","Brunch,Coffee Shop,Sandwich Shop","060730018003",4
347396,"restaurant_53","CA","Snack and Nonalcoholic Beverage Bars","Brunch,Coffee Shop,Sandwich Shop","060730206021",4
347397,"restaurant_53","CA","Snack and Nonalcoholic Beverage Bars","Brunch,Coffee Shop,Sandwich Shop","060730021005",4
347398,"restaurant_53","CA","Snack and Nonalcoholic Beverage Bars","Brunch,Coffee Shop,Sandwich Shop","060730018002",4
572889,"restaurant_31","SC","Full-Service Restaurants","Seafood","450130009022",18
572890,"restaurant_31","SC","Full-Service Restaurants","Seafood","450130009021",14
572891,"restaurant_31","SC","Full-Service Restaurants","Seafood","450130009031",10
572892,"restaurant_31","SC","Full-Service Restaurants","Seafood","450130009023",9
572893,"restaurant_31","SC","Full-Service Restaurants","Seafood","450130005021",7
572894,"restaurant_31","SC","Full-Service Restaurants","Seafood","450130009011",6
572895,"restaurant_31","SC","Full-Service Restaurants","Seafood","450130007004",6
572896,"restaurant_31","SC","Full-Service Restaurants","Seafood","450130012001",5
572897,"restaurant_31","SC","Full-Service Restaurants","Seafood","450130008003",5
572898,"restaurant_31","SC","Full-Service Restaurants","Seafood","450130010002",5
572899,"restaurant_31","SC","Full-Service Restaurants","Seafood","450130005033",4
572900,"restaurant_31","SC","Full-Service Restaurants","Seafood","450130003001",4
572901,"restaurant_31","SC","Full-Service Restaurants","Seafood","450130009012",4
572902,"restaurant_31","SC","Full-Service Restaurants","Seafood","450130007006",4
572903,"restaurant_31","SC","Full-Service Restaurants","Seafood","450130007001",4
572904,"restaurant_31","SC","Full-Service Restaurants","Seafood","450850003003",4
572905,"restaurant_31","SC","Full-Service Restaurants","Seafood","370810170001",4
572906,"restaurant_31","SC","Full-Service Restaurants","Seafood","511277003004",4
572907,"restaurant_31","SC","Full-Service Restaurants","Seafood","450130004001",4
572908,"restaurant_31","SC","Full-Service Restaurants","Seafood","450130001001",4
572909,"restaurant_31","SC","Full-Service Restaurants","Seafood","450130011011",4
572910,"restaurant_31","SC","Full-Service Restaurants","Seafood","450130005022",4
572911,"restaurant_31","SC","Full-Service Restaurants","Seafood","450130006002",4
572912,"restaurant_31","SC","Full-Service Restaurants","Seafood","260992514003",4
572913,"restaurant_31","SC","Full-Service Restaurants","Seafood","010890110143",4
572914,"restaurant_31","SC","Full-Service Restaurants","Seafood","450790103072",4
572915,"restaurant_31","SC","Full-Service Restaurants","Seafood","171194037012",4
572916,"restaurant_31","SC","Full-Service Restaurants","Seafood","450130003003",4
572917,"restaurant_31","SC","Full-Service Restaurants","Seafood","450130011022",4
572918,"restaurant_31","SC","Full-Service Restaurants","Seafood","450130010001",4
572919,"restaurant_31","SC","Full-Service Restaurants","Seafood","450130005031",4
572920,"restaurant_31","SC","Full-Service Restaurants","Seafood","450750109003",4
572921,"restaurant_31","SC","Full-Service Restaurants","Seafood","130210134103",4
572922,"restaurant_31","SC","Full-Service Restaurants","Seafood","450790101033",4
572923,"restaurant_31","SC","Full-Service Restaurants","Seafood","371190056181",4
572924,"restaurant_31","SC","Full-Service Restaurants","Seafood","450379705023",4
572925,"restaurant_31","SC","Full-Service Restaurants","Seafood","371290116034",4
572926,"restaurant_31","SC","Full-Service Restaurants","Seafood","130771703052",4
572927,"restaurant_31","SC","Full-Service Restaurants","Seafood","450130005013",4
572928,"restaurant_31","SC","Full-Service Restaurants","Seafood","450190046141",4
572929,"restaurant_31","SC","Full-Service Restaurants","Seafood","450130002003",4
572930,"restaurant_31","SC","Full-Service Restaurants","Seafood","450130008001",4
572931,"restaurant_31","SC","Full-Service Restaurants","Seafood","450130005011",4
899535,"restaurant_1","NM","Limited-Service Restaurants","Counter Service,Dinner,Fast Food,Lunch,Pizza","350010040011",4
899536,"restaurant_1","NM","Limited-Service Restaurants","Counter Service,Dinner,Fast Food,Lunch,Pizza","350010004011",4
899537,"restaurant_1","NM","Limited-Service Restaurants","Counter Service,Dinner,Fast Food,Lunch,Pizza","350010009032",4
899538,"restaurant_1","NM","Limited-Service Restaurants","Counter Service,Dinner,Fast Food,Lunch,Pizza","350010007075",4
899539,"restaurant_1","NM","Limited-Service Restaurants","Counter Service,Dinner,Fast Food,Lunch,Pizza","350010009043",4
1026216,"restaurant_35","GA","Full-Service Restaurants","Mexican Food","131299705001",16
1026217,"restaurant_35","GA","Full-Service Restaurants","Mexican Food","131299706003",16
1026218,"restaurant_35","GA","Full-Service Restaurants","Mexican Food","131299709003",12
1026219,"restaurant_35","GA","Full-Service Restaurants","Mexican Food","131299706002",10
1026220,"restaurant_35","GA","Full-Service Restaurants","Mexican Food","131299708003",9
1026221,"restaurant_35","GA","Full-Service Restaurants","Mexican Food","131299705003",8
1026222,"restaurant_35","GA","Full-Service Restaurants","Mexican Food","131299709002",7
1026223,"restaurant_35","GA","Full-Service Restaurants","Mexican Food","131299708002",7
1026224,"restaurant_35","GA","Full-Service Restaurants","Mexican Food","131299703002",6
1026225,"restaurant_35","GA","Full-Service Restaurants","Mexican Food","131299702004",5
1026226,"restaurant_35","GA","Full-Service Restaurants","Mexican Food","131299702002",4
1026227,"restaurant_35","GA","Full-Service Restaurants","Mexican Food","131299704002",4
1026228,"restaurant_35","GA","Full-Service Restaurants","Mexican Food","131299703003",4
1026229,"restaurant_35","GA","Full-Service Restaurants","Mexican Food","131299702003",4
1026230,"restaurant_35","GA","Full-Service Restaurants","Mexican Food","131299701003",4
1026231,"restaurant_35","GA","Full-Service Restaurants","Mexican Food","131299707001",4
1026232,"restaurant_35","GA","Full-Service Restaurants","Mexican Food","131299704003",4
1026233,"restaurant_35","GA","Full-Service Restaurants","Mexican Food","131299703004",4
1026234,"restaurant_35","GA","Full-Service Restaurants","Mexican Food","131299707002",4
1026235,"restaurant_35","GA","Full-Service Restaurants","Mexican Food","131299708001",4
1026236,"restaurant_35","GA","Full-Service Restaurants","Mexican Food","131299704001",4
1026237,"restaurant_35","GA","Full-Service Restaurants","Mexican Food","130159602005",4
1026238,"restaurant_35","GA","Full-Service Restaurants","Mexican Food","131299703001",4
1026239,"restaurant_35","GA","Full-Service Restaurants","Mexican Food","130159603001",4
1026240,"restaurant_35","GA","Full-Service Restaurants","Mexican Food","130159602003",4
1026241,"restaurant_35","GA","Full-Service Restaurants","Mexican Food","131299707003",4
1026242,"restaurant_35","GA","Full-Service Restaurants","Mexican Food","131299701001",4
1026243,"restaurant_35","GA","Full-Service Restaurants","Mexican Food","130159602001",4
1106202,"restaurant_6","NY","Limited-Service Restaurants","Breakfast,Burgers,Counter Service,Dinner,Drive Through,Fast Food,Late Night,Lunch","360010006003",9
1106203,"restaurant_6","NY","Limited-Service Restaurants","Breakfast,Burgers,Counter Service,Dinner,Drive Through,Fast Food,Late Night,Lunch","360010005011",8
1106204,"restaurant_6","NY","Limited-Service Restaurants","Breakfast,Burgers,Counter Service,Dinner,Drive Through,Fast Food,Late Night,Lunch","360010002002",5
1106205,"restaurant_6","NY","Limited-Service Restaurants","Breakfast,Burgers,Counter Service,Dinner,Drive Through,Fast Food,Late Night,Lunch","360010003004",5
1106206,"restaurant_6","NY","Limited-Service Restaurants","Breakfast,Burgers,Counter Service,Dinner,Drive Through,Fast Food,Late Night,Lunch","360010005012",5
1106207,"restaurant_6","NY","Limited-Service Restaurants","Breakfast,Burgers,Counter Service,Dinner,Drive Through,Fast Food,Late Night,Lunch","360010003002",4
1106208,"restaurant_6","NY","Limited-Service Restaurants","Breakfast,Burgers,Counter Service,Dinner,Drive Through,Fast Food,Late Night,Lunch","360010002003",4
1106209,"restaurant_6","NY","Limited-Service Restaurants","Breakfast,Burgers,Counter Service,Dinner,Drive Through,Fast Food,Late Night,Lunch","360010006002",4
1106210,"restaurant_6","NY","Limited-Service Restaurants","Breakfast,Burgers,Counter Service,Dinner,Drive Through,Fast Food,Late Night,Lunch","360010005021",4
1106211,"restaurant_6","NY","Limited-Service Restaurants","Breakfast,Burgers,Counter Service,Dinner,Drive Through,Fast Food,Late Night,Lunch","360010019013",4
1106212,"restaurant_6","NY","Limited-Service Restaurants","Breakfast,Burgers,Counter Service,Dinner,Drive Through,Fast Food,Late Night,Lunch","360010008003",4
1106213,"restaurant_6","NY","Limited-Service Restaurants","Breakfast,Burgers,Counter Service,Dinner,Drive Through,Fast Food,Late Night,Lunch","360010023001",4
1106214,"restaurant_6","NY","Limited-Service Restaurants","Breakfast,Burgers,Counter Service,Dinner,Drive Through,Fast Food,Late Night,Lunch","360010008001",4
1106215,"restaurant_6","NY","Limited-Service Restaurants","Breakfast,Burgers,Counter Service,Dinner,Drive Through,Fast Food,Late Night,Lunch","360010020005",4
1106216,"restaurant_6","NY","Limited-Service Restaurants","Breakfast,Burgers,Counter Service,Dinner,Drive Through,Fast Food,Late Night,Lunch","360010026003",4
1106217,"restaurant_6","NY","Limited-Service Restaurants","Breakfast,Burgers,Counter Service,Dinner,Drive Through,Fast Food,Late Night,Lunch","360010007001",4
1106218,"restaurant_6","NY","Limited-Service Restaurants","Breakfast,Burgers,Counter Service,Dinner,Drive Through,Fast Food,Late Night,Lunch","360930208004",4
1106219,"restaurant_6","NY","Limited-Service Restaurants","Breakfast,Burgers,Counter Service,Dinner,Drive Through,Fast Food,Late Night,Lunch","360830410002",4
1106220,"restaurant_6","NY","Limited-Service Restaurants","Breakfast,Burgers,Counter Service,Dinner,Drive Through,Fast Food,Late Night,Lunch","360010023002",4
1106221,"restaurant_6","NY","Limited-Service Restaurants","Breakfast,Burgers,Counter Service,Dinner,Drive Through,Fast Food,Late Night,Lunch","360010020001",4
1106222,"restaurant_6","NY","Limited-Service Restaurants","Breakfast,Burgers,Counter Service,Dinner,Drive Through,Fast Food,Late Night,Lunch","360010142011",4
1106223,"restaurant_6","NY","Limited-Service Restaurants","Breakfast,Burgers,Counter Service,Dinner,Drive Through,Fast Food,Late Night,Lunch","360010004011",4
1106224,"restaurant_6","NY","Limited-Service Restaurants","Breakfast,Burgers,Counter Service,Dinner,Drive Through,Fast Food,Late Night,Lunch","360010015003",4
1106225,"restaurant_6","NY","Limited-Service Restaurants","Breakfast,Burgers,Counter Service,Dinner,Drive Through,Fast Food,Late Night,Lunch","360010005013",4
1106226,"restaurant_6","NY","Limited-Service Restaurants","Breakfast,Burgers,Counter Service,Dinner,Drive Through,Fast Food,Late Night,Lunch","360010018015",4
1106227,"restaurant_6","NY","Limited-Service Restaurants","Breakfast,Burgers,Counter Service,Dinner,Drive Through,Fast Food,Late Night,Lunch","360010002001",4
1106228,"restaurant_6","NY","Limited-Service Restaurants","Breakfast,Burgers,Counter Service,Dinner,Drive Through,Fast Food,Late Night,Lunch","360010137031",4
1106229,"restaurant_6","NY","Limited-Service Restaurants","Breakfast,Burgers,Counter Service,Dinner,Drive Through,Fast Food,Late Night,Lunch","360010140024",4
1106230,"restaurant_6","NY","Limited-Service Restaurants","Breakfast,Burgers,Counter Service,Dinner,Drive Through,Fast Food,Late Night,Lunch","360010020004",4
1106231,"restaurant_6","NY","Limited-Service Restaurants","Breakfast,Burgers,Counter Service,Dinner,Drive Through,Fast Food,Late Night,Lunch","360010017001",4
1106232,"restaurant_6","NY","Limited-Service Restaurants","Breakfast,Burgers,Counter Service,Dinner,Drive Through,Fast Food,Late Night,Lunch","360930202002",4
1106233,"restaurant_6","NY","Limited-Service Restaurants","Breakfast,Burgers,Counter Service,Dinner,Drive Through,Fast Food,Late Night,Lunch","360010004032",4
1767744,"restaurant_87","SC","Limited-Service Restaurants","Chicken,Chicken Wings,Pizza,Snacks,Vegetarian Food","371650104002",4
1767745,"restaurant_87","SC","Limited-Service Restaurants","Chicken,Chicken Wings,Pizza,Snacks,Vegetarian Food","371559620021",4
1767746,"restaurant_87","SC","Limited-Service Restaurants","Chicken,Chicken Wings,Pizza,Snacks,Vegetarian Food","371650106004",4
1767747,"restaurant_87","SC","Limited-Service Restaurants","Chicken,Chicken Wings,Pizza,Snacks,Vegetarian Food","371650101011",4
1767748,"restaurant_87","SC","Limited-Service Restaurants","Chicken,Chicken Wings,Pizza,Snacks,Vegetarian Food","450699604002",4
1767749,"restaurant_87","SC","Limited-Service Restaurants","Chicken,Chicken Wings,Pizza,Snacks,Vegetarian Food","450699604003",4
1767750,"restaurant_87","SC","Limited-Service Restaurants","Chicken,Chicken Wings,Pizza,Snacks,Vegetarian Food","450699603015",4
1767751,"restaurant_87","SC","Limited-Service Restaurants","Chicken,Chicken Wings,Pizza,Snacks,Vegetarian Food","450259505023",4
1791574,"restaurant_75","CA","Limited-Service Restaurants","Breakfast,Burgers,Counter Service,Dinner,Drive Through,Fast Food,Lunch","060374085011",43
1791575,"restaurant_75","CA","Limited-Service Restaurants","Breakfast,Burgers,Counter Service,Dinner,Drive Through,Fast Food,Lunch","060374084012",26
1791576,"restaurant_75","CA","Limited-Service Restaurants","Breakfast,Burgers,Counter Service,Dinner,Drive Through,Fast Food,Lunch","060374086311",22
1791577,"restaurant_75","CA","Limited-Service Restaurants","Breakfast,Burgers,Counter Service,Dinner,Drive Through,Fast Food,Lunch","060374084011",20
1791578,"restaurant_75","CA","Limited-Service Restaurants","Breakfast,Burgers,Counter Service,Dinner,Drive Through,Fast Food,Lunch","060374084023",14
1791579,"restaurant_75","CA","Limited-Service Restaurants","Breakfast,Burgers,Counter Service,Dinner,Drive Through,Fast Food,Lunch","060374082022",13
1791580,"restaurant_75","CA","Limited-Service Restaurants","Breakfast,Burgers,Counter Service,Dinner,Drive Through,Fast Food,Lunch","060374086302",12
1791581,"restaurant_75","CA","Limited-Service Restaurants","Breakfast,Burgers,Counter Service,Dinner,Drive Through,Fast Food,Lunch","060374084022",12
1791582,"restaurant_75","CA","Limited-Service Restaurants","Breakfast,Burgers,Counter Service,Dinner,Drive Through,Fast Food,Lunch","060374082111",11
1791583,"restaurant_75","CA","Limited-Service Restaurants","Breakfast,Burgers,Counter Service,Dinner,Drive Through,Fast Food,Lunch","060374077021",11
1791584,"restaurant_75","CA","Limited-Service Restaurants","Breakfast,Burgers,Counter Service,Dinner,Drive Through,Fast Food,Lunch","060374077012",11
1791585,"restaurant_75","CA","Limited-Service Restaurants","Breakfast,Burgers,Counter Service,Dinner,Drive Through,Fast Food,Lunch","060374085051",9
1791586,"restaurant_75","CA","Limited-Service Restaurants","Breakfast,Burgers,Counter Service,Dinner,Drive Through,Fast Food,Lunch","060374086312",8
1791587,"restaurant_75","CA","Limited-Service Restaurants","Breakfast,Burgers,Counter Service,Dinner,Drive Through,Fast Food,Lunch","060374084021",8
1791588,"restaurant_75","CA","Limited-Service Restaurants","Breakfast,Burgers,Counter Service,Dinner,Drive Through,Fast Food,Lunch","060374086291",8
1791589,"restaurant_75","CA","Limited-Service Restaurants","Breakfast,Burgers,Counter Service,Dinner,Drive Through,Fast Food,Lunch","060374073021",7
1791590,"restaurant_75","CA","Limited-Service Restaurants","Breakfast,Burgers,Counter Service,Dinner,Drive Through,Fast Food,Lunch","060374085041",7
1791591,"restaurant_75","CA","Limited-Service Restaurants","Breakfast,Burgers,Counter Service,Dinner,Drive Through,Fast Food,Lunch","060374086231",6
1791592,"restaurant_75","CA","Limited-Service Restaurants","Breakfast,Burgers,Counter Service,Dinner,Drive Through,Fast Food,Lunch","060374085043",6
1791593,"restaurant_75","CA","Limited-Service Restaurants","Breakfast,Burgers,Counter Service,Dinner,Drive Through,Fast Food,Lunch","060374086301",6
1791594,"restaurant_75","CA","Limited-Service Restaurants","Breakfast,Burgers,Counter Service,Dinner,Drive Through,Fast Food,Lunch","060374072005",6
1791595,"restaurant_75","CA","Limited-Service Restaurants","Breakfast,Burgers,Counter Service,Dinner,Drive Through,Fast Food,Lunch","060374087242",5
1791596,"restaurant_75","CA","Limited-Service Restaurants","Breakfast,Burgers,Counter Service,Dinner,Drive Through,Fast Food,Lunch","060374085033",5
1791597,"restaurant_75","CA","Limited-Service Restaurants","Breakfast,Burgers,Counter Service,Dinner,Drive Through,Fast Food,Lunch","060374085031",5
1791598,"restaurant_75","CA","Limited-Service Restaurants","Breakfast,Burgers,Counter Service,Dinner,Drive Through,Fast Food,Lunch","060374077022",5
1791599,"restaurant_75","CA","Limited-Service Restaurants","Breakfast,Burgers,Counter Service,Dinner,Drive Through,Fast Food,Lunch","060374086241",5
1791600,"restaurant_75","CA","Limited-Service Restaurants","Breakfast,Burgers,Counter Service,Dinner,Drive Through,Fast Food,Lunch","060374085042",4
1791601,"restaurant_75","CA","Limited-Service Restaurants","Breakfast,Burgers,Counter Service,Dinner,Drive Through,Fast Food,Lunch","060374081382",4
1791602,"restaurant_75","CA","Limited-Service Restaurants","Breakfast,Burgers,Counter Service,Dinner,Drive Through,Fast Food,Lunch","060374086313",4
1791603,"restaurant_75","CA","Limited-Service Restaurants","Breakfast,Burgers,Counter Service,Dinner,Drive Through,Fast Food,Lunch","060374338021",4
1791604,"restaurant_75","CA","Limited-Service Restaurants","Breakfast,Burgers,Counter Service,Dinner,Drive Through,Fast Food,Lunch","060374072004",4
1791605,"restaurant_75","CA","Limited-Service Restaurants","Breakfast,Burgers,Counter Service,Dinner,Drive Through,Fast Food,Lunch","060374081381",4
1791606,"restaurant_75","CA","Limited-Service Restaurants","Breakfast,Burgers,Counter Service,Dinner,Drive Through,Fast Food,Lunch","060374083011",4
1791607,"restaurant_75","CA","Limited-Service Restaurants","Breakfast,Burgers,Counter Service,Dinner,Drive Through,Fast Food,Lunch","060374082021",4
1791608,"restaurant_75","CA","Limited-Service Restaurants","Breakfast,Burgers,Counter Service,Dinner,Drive Through,Fast Food,Lunch","060374033202",4
1791609,"restaurant_75","CA","Limited-Service Restaurants","Breakfast,Burgers,Counter Service,Dinner,Drive Through,Fast Food,Lunch","060374080041",4
1791610,"restaurant_75","CA","Limited-Service Restaurants","Breakfast,Burgers,Counter Service,Dinner,Drive Through,Fast Food,Lunch","320030067001",4
1791611,"restaurant_75","CA","Limited-Service Restaurants","Breakfast,Burgers,Counter Service,Dinner,Drive Through,Fast Food,Lunch","060374078021",4
1791612,"restaurant_75","CA","Limited-Service Restaurants","Breakfast,Burgers,Counter Service,Dinner,Drive Through,Fast Food,Lunch","060374086253",4
1791613,"restaurant_75","CA","Limited-Service Restaurants","Breakfast,Burgers,Counter Service,Dinner,Drive Through,Fast Food,Lunch","060374086251",4
1791614,"restaurant_75","CA","Limited-Service Restaurants","Breakfast,Burgers,Counter Service,Dinner,Drive Through,Fast Food,Lunch","060374076023",4
1791615,"restaurant_75","CA","Limited-Service Restaurants","Breakfast,Burgers,Counter Service,Dinner,Drive Through,Fast Food,Lunch","060650406071",4
1791616,"restaurant_75","CA","Limited-Service Restaurants","Breakfast,Burgers,Counter Service,Dinner,Drive Through,Fast Food,Lunch","060374086283",4
1791617,"restaurant_75","CA","Limited-Service Restaurants","Breakfast,Burgers,Counter Service,Dinner,Drive Through,Fast Food,Lunch","060374076013",4
1791618,"restaurant_75","CA","Limited-Service Restaurants","Breakfast,Burgers,Counter Service,Dinner,Drive Through,Fast Food,Lunch","060374067021",4
1791619,"restaurant_75","CA","Limited-Service Restaurants","Breakfast,Burgers,Counter Service,Dinner,Drive Through,Fast Food,Lunch","060374078012",4
1791620,"restaurant_75","CA","Limited-Service Restaurants","Breakfast,Burgers,Counter Service,Dinner,Drive Through,Fast Food,Lunch","060374327003",4
1791621,"restaurant_75","CA","Limited-Service Restaurants","Breakfast,Burgers,Counter Service,Dinner,Drive Through,Fast Food,Lunch","060374013112",4
1791622,"restaurant_75","CA","Limited-Service Restaurants","Breakfast,Burgers,Counter Service,Dinner,Drive Through,Fast Food,Lunch","060374080032",4
1791623,"restaurant_75","CA","Limited-Service Restaurants","Breakfast,Burgers,Counter Service,Dinner,Drive Through,Fast Food,Lunch","060374086242",4
1791624,"restaurant_75","CA","Limited-Service Restaurants","Breakfast,Burgers,Counter Service,Dinner,Drive Through,Fast Food,Lunch","060371244003",4
1791625,"restaurant_75","CA","Limited-Service Restaurants","Breakfast,Burgers,Counter Service,Dinner,Drive Through,Fast Food,Lunch","060374041004",4
1791626,"restaurant_75","CA","Limited-Service Restaurants","Breakfast,Burgers,Counter Service,Dinner,Drive Through,Fast Food,Lunch","060375019001",4
1791627,"restaurant_75","CA","Limited-Service Restaurants","Breakfast,Burgers,Counter Service,Dinner,Drive Through,Fast Food,Lunch","060374072001",4
1791628,"restaurant_75","CA","Limited-Service Restaurants","Breakfast,Burgers,Counter Service,Dinner,Drive Through,Fast Food,Lunch","060374340032",4
1791629,"restaurant_75","CA","Limited-Service Restaurants","Breakfast,Burgers,Counter Service,Dinner,Drive Through,Fast Food,Lunch","060374086271",4
1791630,"restaurant_75","CA","Limited-Service Restaurants","Breakfast,Burgers,Counter Service,Dinner,Drive Through,Fast Food,Lunch","060374083031",4
1791631,"restaurant_75","CA","Limited-Service Restaurants","Breakfast,Burgers,Counter Service,Dinner,Drive Through,Fast Food,Lunch","060650406151",4
1791632,"restaurant_75","CA","Limited-Service Restaurants","Breakfast,Burgers,Counter Service,Dinner,Drive Through,Fast Food,Lunch","060374079001",4
1791633,"restaurant_75","CA","Limited-Service Restaurants","Breakfast,Burgers,Counter Service,Dinner,Drive Through,Fast Food,Lunch","060374066011",4
1791634,"restaurant_75","CA","Limited-Service Restaurants","Breakfast,Burgers,Counter Service,Dinner,Drive Through,Fast Food,Lunch","060650424122",4
1791635,"restaurant_75","CA","Limited-Service Restaurants","Breakfast,Burgers,Counter Service,Dinner,Drive Through,Fast Food,Lunch","060290010001",4
1791636,"restaurant_75","CA","Limited-Service Restaurants","Breakfast,Burgers,Counter Service,Dinner,Drive Through,Fast Food,Lunch","060374075011",4
1791637,"restaurant_75","CA","Limited-Service Restaurants","Breakfast,Burgers,Counter Service,Dinner,Drive Through,Fast Food,Lunch","060374087231",4
1791638,"restaurant_75","CA","Limited-Service Restaurants","Breakfast,Burgers,Counter Service,Dinner,Drive Through,Fast Food,Lunch","060375004042",4
1791639,"restaurant_75","CA","Limited-Service Restaurants","Breakfast,Burgers,Counter Service,Dinner,Drive Through,Fast Food,Lunch","060374075022",4
1791640,"restaurant_75","CA","Limited-Service Restaurants","Breakfast,Burgers,Counter Service,Dinner,Drive Through,Fast Food,Lunch","060372041201",4
1791641,"restaurant_75","CA","Limited-Service Restaurants","Breakfast,Burgers,Counter Service,Dinner,Drive Through,Fast Food,Lunch","060710005011",4
1791642,"restaurant_75","CA","Limited-Service Restaurants","Breakfast,Burgers,Counter Service,Dinner,Drive Through,Fast Food,Lunch","061110058022",4
1791643,"restaurant_75","CA","Limited-Service Restaurants","Breakfast,Burgers,Counter Service,Dinner,Drive Through,Fast Food,Lunch","060374085052",4
1791644,"restaurant_75","CA","Limited-Service Restaurants","Breakfast,Burgers,Counter Service,Dinner,Drive Through,Fast Food,Lunch","060374081392",4
1791645,"restaurant_75","CA","Limited-Service Restaurants","Breakfast,Burgers,Counter Service,Dinner,Drive Through,Fast Food,Lunch","060591100032",4
1791646,"restaurant_75","CA","Limited-Service Restaurants","Breakfast,Burgers,Counter Service,Dinner,Drive Through,Fast Food,Lunch","060374075023",4
1791647,"restaurant_75","CA","Limited-Service Restaurants","Breakfast,Burgers,Counter Service,Dinner,Drive Through,Fast Food,Lunch","060374077023",4
1791648,"restaurant_75","CA","Limited-Service Restaurants","Breakfast,Burgers,Counter Service,Dinner,Drive Through,Fast Food,Lunch","060374047021",4
1791649,"restaurant_75","CA","Limited-Service Restaurants","Breakfast,Burgers,Counter Service,Dinner,Drive Through,Fast Food,Lunch","060374086281",4
1791650,"restaurant_75","CA","Limited-Service Restaurants","Breakfast,Burgers,Counter Service,Dinner,Drive Through,Fast Food,Lunch","060374814011",4
1791651,"restaurant_75","CA","Limited-Service Restaurants","Breakfast,Burgers,Counter Service,Dinner,Drive Through,Fast Food,Lunch","060374073014",4
1791652,"restaurant_75","CA","Limited-Service Restaurants","Breakfast,Burgers,Counter Service,Dinner,Drive Through,Fast Food,Lunch","060374087041",4
1791653,"restaurant_75","CA","Limited-Service Restaurants","Breakfast,Burgers,Counter Service,Dinner,Drive Through,Fast Food,Lunch","060710017021",4
1791654,"restaurant_75","CA","Limited-Service Restaurants","Breakfast,Burgers,Counter Service,Dinner,Drive Through,Fast Food,Lunch","060374081351",4
1791655,"restaurant_75","CA","Limited-Service Restaurants","Breakfast,Burgers,Counter Service,Dinner,Drive Through,Fast Food,Lunch","060650481001",4
1791656,"restaurant_75","CA","Limited-Service Restaurants","Breakfast,Burgers,Counter Service,Dinner,Drive Through,Fast Food,Lunch","060375027002",4
1791657,"restaurant_75","CA","Limited-Service Restaurants","Breakfast,Burgers,Counter Service,Dinner,Drive Through,Fast Food,Lunch","060374082112",4
1791658,"restaurant_75","CA","Limited-Service Restaurants","Breakfast,Burgers,Counter Service,Dinner,Drive Through,Fast Food,Lunch","060371274001",4
1791659,"restaurant_75","CA","Limited-Service Restaurants","Breakfast,Burgers,Counter Service,Dinner,Drive Through,Fast Food,Lunch","060374003042",4
1791660,"restaurant_75","CA","Limited-Service Restaurants","Breakfast,Burgers,Counter Service,Dinner,Drive Through,Fast Food,Lunch","060374034021",4
1791661,"restaurant_75","CA","Limited-Service Restaurants","Breakfast,Burgers,Counter Service,Dinner,Drive Through,Fast Food,Lunch","060374046002",4
1791662,"restaurant_75","CA","Limited-Service Restaurants","Breakfast,Burgers,Counter Service,Dinner,Drive Through,Fast Food,Lunch","061110014012",4
1791663,"restaurant_75","CA","Limited-Service Restaurants","Breakfast,Burgers,Counter Service,Dinner,Drive Through,Fast Food,Lunch","060374072003",4
1791664,"restaurant_75","CA","Limited-Service Restaurants","Breakfast,Burgers,Counter Service,Dinner,Drive Through,Fast Food,Lunch","060374081333",4
1791665,"restaurant_75","CA","Limited-Service Restaurants","Breakfast,Burgers,Counter Service,Dinner,Drive Through,Fast Food,Lunch","060374080061",4
1791666,"restaurant_75","CA","Limited-Service Restaurants","Breakfast,Burgers,Counter Service,Dinner,Drive Through,Fast Food,Lunch","060374068002",4
1894754,"restaurant_66","NY","Full-Service Restaurants","Steak House","361130780002",6
1929821,"restaurant_33","ID","Full-Service Restaurants","American Food,Bakery,Beverages,Breakfast,Brunch","160830007001",8
1929822,"restaurant_33","ID","Full-Service Restaurants","American Food,Bakery,Beverages,Breakfast,Brunch","160830009001",7
1929823,"restaurant_33","ID","Full-Service Restaurants","American Food,Bakery,Beverages,Breakfast,Brunch","160539705002",6
1929824,"restaurant_33","ID","Full-Service Restaurants","American Food,Bakery,Beverages,Breakfast,Brunch","160830007003",4
1929825,"restaurant_33","ID","Full-Service Restaurants","American Food,Bakery,Beverages,Breakfast,Brunch","160830007002",4
1929826,"restaurant_33","ID","Full-Service Restaurants","American Food,Bakery,Beverages,Breakfast,Brunch","160199714003",4
1929827,"restaurant_33","ID","Full-Service Restaurants","American Food,Bakery,Beverages,Breakfast,Brunch","160830010002",4
1929828,"restaurant_33","ID","Full-Service Restaurants","American Food,Bakery,Beverages,Breakfast,Brunch","160830008004",4
1929829,"restaurant_33","ID","Full-Service Restaurants","American Food,Bakery,Beverages,Breakfast,Brunch","160539705003",4
1929830,"restaurant_33","ID","Full-Service Restaurants","American Food,Bakery,Beverages,Breakfast,Brunch","160830002001",4
1929831,"restaurant_33","ID","Full-Service Restaurants","American Food,Bakery,Beverages,Breakfast,Brunch","160539704002",4
1929832,"restaurant_33","ID","Full-Service Restaurants","American Food,Bakery,Beverages,Breakfast,Brunch","160830013002",4
1929833,"restaurant_33","ID","Full-Service Restaurants","American Food,Bakery,Beverages,Breakfast,Brunch","160830015001",4
1929834,"restaurant_33","ID","Full-Service Restaurants","American Food,Bakery,Beverages,Breakfast,Brunch","160830012002",4
1929835,"restaurant_33","ID","Full-Service Restaurants","American Food,Bakery,Beverages,Breakfast,Brunch","160830005005",4
1929836,"restaurant_33","ID","Full-Service Restaurants","American Food,Bakery,Beverages,Breakfast,Brunch","160830004003",4
1929837,"restaurant_33","ID","Full-Service Restaurants","American Food,Bakery,Beverages,Breakfast,Brunch","160830013005",4
1929838,"restaurant_33","ID","Full-Service Restaurants","American Food,Bakery,Beverages,Breakfast,Brunch","160830009002",4
1929839,"restaurant_33","ID","Full-Service Restaurants","American Food,Bakery,Beverages,Breakfast,Brunch","160139603003",4
1929840,"restaurant_33","ID","Full-Service Restaurants","American Food,Bakery,Beverages,Breakfast,Brunch","160830004004",4
1929841,"restaurant_33","ID","Full-Service Restaurants","American Food,Bakery,Beverages,Breakfast,Brunch","160830012003",4
1929842,"restaurant_33","ID","Full-Service Restaurants","American Food,Bakery,Beverages,Breakfast,Brunch","160679702002",4
1929843,"restaurant_33","ID","Full-Service Restaurants","American Food,Bakery,Beverages,Breakfast,Brunch","160539702002",4
1929844,"restaurant_33","ID","Full-Service Restaurants","American Food,Bakery,Beverages,Breakfast,Brunch","160830004002",4
1929845,"restaurant_33","ID","Full-Service Restaurants","American Food,Bakery,Beverages,Breakfast,Brunch","160830010001",4
1929846,"restaurant_33","ID","Full-Service Restaurants","American Food,Bakery,Beverages,Breakfast,Brunch","160139602003",4
1929847,"restaurant_33","ID","Full-Service Restaurants","American Food,Bakery,Beverages,Breakfast,Brunch","490532705001",4
1929848,"restaurant_33","ID","Full-Service Restaurants","American Food,Bakery,Beverages,Breakfast,Brunch","160830010003",4
1929849,"restaurant_33","ID","Full-Service Restaurants","American Food,Bakery,Beverages,Breakfast,Brunch","060610215012",4
2066377,"restaurant_47","AZ","Limited-Service Restaurants","Breakfast,Burgers,Counter Service,Dinner,Drive Through,Fast Food,Late Night,Lunch","040139413001",12
2066378,"restaurant_47","AZ","Limited-Service Restaurants","Breakfast,Burgers,Counter Service,Dinner,Drive Through,Fast Food,Late Night,Lunch","040134205014",10
2066379,"restaurant_47","AZ","Limited-Service Restaurants","Breakfast,Burgers,Counter Service,Dinner,Drive Through,Fast Food,Late Night,Lunch","040139413004",8
2066380,"restaurant_47","AZ","Limited-Service Restaurants","Breakfast,Burgers,Counter Service,Dinner,Drive Through,Fast Food,Late Night,Lunch","040134205011",8
2066381,"restaurant_47","AZ","Limited-Service Restaurants","Breakfast,Burgers,Counter Service,Dinner,Drive Through,Fast Food,Late Night,Lunch","040134206041",7
2066382,"restaurant_47","AZ","Limited-Service Restaurants","Breakfast,Burgers,Counter Service,Dinner,Drive Through,Fast Food,Late Night,Lunch","040134211011",6
2066383,"restaurant_47","AZ","Limited-Service Restaurants","Breakfast,Burgers,Counter Service,Dinner,Drive Through,Fast Food,Late Night,Lunch","040134205013",6
2066384,"restaurant_47","AZ","Limited-Service Restaurants","Breakfast,Burgers,Counter Service,Dinner,Drive Through,Fast Food,Late Night,Lunch","040139413002",5
2066385,"restaurant_47","AZ","Limited-Service Restaurants","Breakfast,Burgers,Counter Service,Dinner,Drive Through,Fast Food,Late Night,Lunch","040134204013",4
2066386,"restaurant_47","AZ","Limited-Service Restaurants","Breakfast,Burgers,Counter Service,Dinner,Drive Through,Fast Food,Late Night,Lunch","040134211013",4
2066387,"restaurant_47","AZ","Limited-Service Restaurants","Breakfast,Burgers,Counter Service,Dinner,Drive Through,Fast Food,Late Night,Lunch","040134206042",4
2066388,"restaurant_47","AZ","Limited-Service Restaurants","Breakfast,Burgers,Counter Service,Dinner,Drive Through,Fast Food,Late Night,Lunch","040134205042",4
2066389,"restaurant_47","AZ","Limited-Service Restaurants","Breakfast,Burgers,Counter Service,Dinner,Drive Through,Fast Food,Late Night,Lunch","040134207091",4
2066390,"restaurant_47","AZ","Limited-Service Restaurants","Breakfast,Burgers,Counter Service,Dinner,Drive Through,Fast Food,Late Night,Lunch","040134209012",4
2066391,"restaurant_47","AZ","Limited-Service Restaurants","Breakfast,Burgers,Counter Service,Dinner,Drive Through,Fast Food,Late Night,Lunch","040134201081",4
2066392,"restaurant_47","AZ","Limited-Service Restaurants","Breakfast,Burgers,Counter Service,Dinner,Drive Through,Fast Food,Late Night,Lunch","040134204011",4
2066393,"restaurant_47","AZ","Limited-Service Restaurants","Breakfast,Burgers,Counter Service,Dinner,Drive Through,Fast Food,Late Night,Lunch","040134223013",4
2066394,"restaurant_47","AZ","Limited-Service Restaurants","Breakfast,Burgers,Counter Service,Dinner,Drive Through,Fast Food,Late Night,Lunch","040134209021",4
2066395,"restaurant_47","AZ","Limited-Service Restaurants","Breakfast,Burgers,Counter Service,Dinner,Drive Through,Fast Food,Late Night,Lunch","040132183002",4
2066396,"restaurant_47","AZ","Limited-Service Restaurants","Breakfast,Burgers,Counter Service,Dinner,Drive Through,Fast Food,Late Night,Lunch","040134202121",4
2066397,"restaurant_47","AZ","Limited-Service Restaurants","Breakfast,Burgers,Counter Service,Dinner,Drive Through,Fast Food,Late Night,Lunch","040134201091",4
2066398,"restaurant_47","AZ","Limited-Service Restaurants","Breakfast,Burgers,Counter Service,Dinner,Drive Through,Fast Food,Late Night,Lunch","040134208002",4
2066399,"restaurant_47","AZ","Limited-Service Restaurants","Breakfast,Burgers,Counter Service,Dinner,Drive Through,Fast Food,Late Night,Lunch","040134210011",4
2066400,"restaurant_47","AZ","Limited-Service Restaurants","Breakfast,Burgers,Counter Service,Dinner,Drive Through,Fast Food,Late Night,Lunch","040132168181",4
2066401,"restaurant_47","AZ","Limited-Service Restaurants","Breakfast,Burgers,Counter Service,Dinner,Drive Through,Fast Food,Late Night,Lunch","040134213024",4
2066402,"restaurant_47","AZ","Limited-Service Restaurants","Breakfast,Burgers,Counter Service,Dinner,Drive Through,Fast Food,Late Night,Lunch","040134225021",4
2066403,"restaurant_47","AZ","Limited-Service Restaurants","Breakfast,Burgers,Counter Service,Dinner,Drive Through,Fast Food,Late Night,Lunch","040132168182",4
2066404,"restaurant_47","AZ","Limited-Service Restaurants","Breakfast,Burgers,Counter Service,Dinner,Drive Through,Fast Food,Late Night,Lunch","040210002061",4
2066405,"restaurant_47","AZ","Limited-Service Restaurants","Breakfast,Burgers,Counter Service,Dinner,Drive Through,Fast Food,Late Night,Lunch","040138133002",4
2066406,"restaurant_47","AZ","Limited-Service Restaurants","Breakfast,Burgers,Counter Service,Dinner,Drive Through,Fast Food,Late Night,Lunch","040134222132",4
2066407,"restaurant_47","AZ","Limited-Service Restaurants","Breakfast,Burgers,Counter Service,Dinner,Drive Through,Fast Food,Late Night,Lunch","040134225033",4
2066408,"restaurant_47","AZ","Limited-Service Restaurants","Breakfast,Burgers,Counter Service,Dinner,Drive Through,Fast Food,Late Night,Lunch","040134226342",4
2066409,"restaurant_47","AZ","Limited-Service Restaurants","Breakfast,Burgers,Counter Service,Dinner,Drive Through,Fast Food,Late Night,Lunch","040134209022",4
2066410,"restaurant_47","AZ","Limited-Service Restaurants","Breakfast,Burgers,Counter Service,Dinner,Drive Through,Fast Food,Late Night,Lunch","040134214001",4
2066411,"restaurant_47","AZ","Limited-Service Restaurants","Breakfast,Burgers,Counter Service,Dinner,Drive Through,Fast Food,Late Night,Lunch","040134210012",4
2066412,"restaurant_47","AZ","Limited-Service Restaurants","Breakfast,Burgers,Counter Service,Dinner,Drive Through,Fast Food,Late Night,Lunch","040134202071",4
2066413,"restaurant_47","AZ","Limited-Service Restaurants","Breakfast,Burgers,Counter Service,Dinner,Drive Through,Fast Food,Late Night,Lunch","040138176001",4
2066414,"restaurant_47","AZ","Limited-Service Restaurants","Breakfast,Burgers,Counter Service,Dinner,Drive Through,Fast Food,Late Night,Lunch","040134211022",4
2066415,"restaurant_47","AZ","Limited-Service Restaurants","Breakfast,Burgers,Counter Service,Dinner,Drive Through,Fast Food,Late Night,Lunch","040134208001",4
2066416,"restaurant_47","AZ","Limited-Service Restaurants","Breakfast,Burgers,Counter Service,Dinner,Drive Through,Fast Food,Late Night,Lunch","040134226413",4
2066417,"restaurant_47","AZ","Limited-Service Restaurants","Breakfast,Burgers,Counter Service,Dinner,Drive Through,Fast Food,Late Night,Lunch","040134205032",4
2066418,"restaurant_47","AZ","Limited-Service Restaurants","Breakfast,Burgers,Counter Service,Dinner,Drive Through,Fast Food,Late Night,Lunch","040133184003",4
2066419,"restaurant_47","AZ","Limited-Service Restaurants","Breakfast,Burgers,Counter Service,Dinner,Drive Through,Fast Food,Late Night,Lunch","040134205041",4
2066420,"restaurant_47","AZ","Limited-Service Restaurants","Breakfast,Burgers,Counter Service,Dinner,Drive Through,Fast Food,Late Night,Lunch","040135230034",4
2066421,"restaurant_47","AZ","Limited-Service Restaurants","Breakfast,Burgers,Counter Service,Dinner,Drive Through,Fast Food,Late Night,Lunch","040136141003",4
2066422,"restaurant_47","AZ","Limited-Service Restaurants","Breakfast,Burgers,Counter Service,Dinner,Drive Through,Fast Food,Late Night,Lunch","040134226442",4
2066423,"restaurant_47","AZ","Limited-Service Restaurants","Breakfast,Burgers,Counter Service,Dinner,Drive Through,Fast Food,Late Night,Lunch","040134204012",4
2066424,"restaurant_47","AZ","Limited-Service Restaurants","Breakfast,Burgers,Counter Service,Dinner,Drive Through,Fast Food,Late Night,Lunch","040134220021",4
2066425,"restaurant_47","AZ","Limited-Service Restaurants","Breakfast,Burgers,Counter Service,Dinner,Drive Through,Fast Food,Late Night,Lunch","040138130002",4
2066426,"restaurant_47","AZ","Limited-Service Restaurants","Breakfast,Burgers,Counter Service,Dinner,Drive Through,Fast Food,Late Night,Lunch","040210012002",4
2066427,"restaurant_47","AZ","Limited-Service Restaurants","Breakfast,Burgers,Counter Service,Dinner,Drive Through,Fast Food,Late Night,Lunch","040134208003",4
2066428,"restaurant_47","AZ","Limited-Service Restaurants","Breakfast,Burgers,Counter Service,Dinner,Drive Through,Fast Food,Late Night,Lunch","040136125001",4
2066429,"restaurant_47","AZ","Limited-Service Restaurants","Breakfast,Burgers,Counter Service,Dinner,Drive Through,Fast Food,Late Night,Lunch","040134205031",4
2830657,"restaurant_89","CA","Snack and Nonalcoholic Beverage Bars","Dessert,Smoothie & Juice Bar","060855081021",20
2830658,"restaurant_89","CA","Snack and Nonalcoholic Beverage Bars","Dessert,Smoothie & Juice Bar","060855080011",18
2830659,"restaurant_89","CA","Snack and Nonalcoholic Beverage Bars","Dessert,Smoothie & Juice Bar","060855080013",16
2830660,"restaurant_89","CA","Snack and Nonalcoholic Beverage Bars","Dessert,Smoothie & Juice Bar","060855078063",11
2830661,"restaurant_89","CA","Snack and Nonalcoholic Beverage Bars","Dessert,Smoothie & Juice Bar","060855081011",10
2830662,"restaurant_89","CA","Snack and Nonalcoholic Beverage Bars","Dessert,Smoothie & Juice Bar","060855077013",9
2830663,"restaurant_89","CA","Snack and Nonalcoholic Beverage Bars","Dessert,Smoothie & Juice Bar","060855087042",8
2830664,"restaurant_89","CA","Snack and Nonalcoholic Beverage Bars","Dessert,Smoothie & Juice Bar","060855081012",8
2830665,"restaurant_89","CA","Snack and Nonalcoholic Beverage Bars","Dessert,Smoothie & Juice Bar","060855061022",8
2830666,"restaurant_89","CA","Snack and Nonalcoholic Beverage Bars","Dessert,Smoothie & Juice Bar","060855052023",7
2830667,"restaurant_89","CA","Snack and Nonalcoholic Beverage Bars","Dessert,Smoothie & Juice Bar","060855091021",7
2830668,"restaurant_89","CA","Snack and Nonalcoholic Beverage Bars","Dessert,Smoothie & Juice Bar","060855033261",7
2830669,"restaurant_89","CA","Snack and Nonalcoholic Beverage Bars","Dessert,Smoothie & Juice Bar","060855052031",7
2830670,"restaurant_89","CA","Snack and Nonalcoholic Beverage Bars","Dessert,Smoothie & Juice Bar","060855053014",6
2830671,"restaurant_89","CA","Snack and Nonalcoholic Beverage Bars","Dessert,Smoothie & Juice Bar","060855063013",6
2830672,"restaurant_89","CA","Snack and Nonalcoholic Beverage Bars","Dessert,Smoothie & Juice Bar","060855045053",6
2830673,"restaurant_89","CA","Snack and Nonalcoholic Beverage Bars","Dessert,Smoothie & Juice Bar","060855081013",6
2830674,"restaurant_89","CA","Snack and Nonalcoholic Beverage Bars","Dessert,Smoothie & Juice Bar","060855058002",6
2830675,"restaurant_89","CA","Snack and Nonalcoholic Beverage Bars","Dessert,Smoothie & Juice Bar","060855079061",6
2830676,"restaurant_89","CA","Snack and Nonalcoholic Beverage Bars","Dessert,Smoothie & Juice Bar","060855031151",6
2830677,"restaurant_89","CA","Snack and Nonalcoholic Beverage Bars","Dessert,Smoothie & Juice Bar","060855062032",6
2830678,"restaurant_89","CA","Snack and Nonalcoholic Beverage Bars","Dessert,Smoothie & Juice Bar","060855033232",5
2830679,"restaurant_89","CA","Snack and Nonalcoholic Beverage Bars","Dessert,Smoothie & Juice Bar","060855079032",5
2830680,"restaurant_89","CA","Snack and Nonalcoholic Beverage Bars","Dessert,Smoothie & Juice Bar","060855054031",5
2830681,"restaurant_89","CA","Snack and Nonalcoholic Beverage Bars","Dessert,Smoothie & Juice Bar","060855080031",5
2830682,"restaurant_89","CA","Snack and Nonalcoholic Beverage Bars","Dessert,Smoothie & Juice Bar","060855066012",5
2830683,"restaurant_89","CA","Snack and Nonalcoholic Beverage Bars","Dessert,Smoothie & Juice Bar","060855080032",5
2830684,"restaurant_89","CA","Snack and Nonalcoholic Beverage Bars","Dessert,Smoothie & Juice Bar","060855033262",5
2830685,"restaurant_89","CA","Snack and Nonalcoholic Beverage Bars","Dessert,Smoothie & Juice Bar","060855019001",5
2830686,"restaurant_89","CA","Snack and Nonalcoholic Beverage Bars","Dessert,Smoothie & Juice Bar","060855046021",5
2830687,"restaurant_89","CA","Snack and Nonalcoholic Beverage Bars","Dessert,Smoothie & Juice Bar","060855080043",5
2830688,"restaurant_89","CA","Snack and Nonalcoholic Beverage Bars","Dessert,Smoothie & Juice Bar","060855050072",5
2830689,"restaurant_89","CA","Snack and Nonalcoholic Beverage Bars","Dessert,Smoothie & Juice Bar","060855119102",4
2830690,"restaurant_89","CA","Snack and Nonalcoholic Beverage Bars","Dessert,Smoothie & Juice Bar","060855078084",4
2830691,"restaurant_89","CA","Snack and Nonalcoholic Beverage Bars","Dessert,Smoothie & Juice Bar","060855077035",4
2830692,"restaurant_89","CA","Snack and Nonalcoholic Beverage Bars","Dessert,Smoothie & Juice Bar","060855087035",4
2830693,"restaurant_89","CA","Snack and Nonalcoholic Beverage Bars","Dessert,Smoothie & Juice Bar","060855079053",4
2830694,"restaurant_89","CA","Snack and Nonalcoholic Beverage Bars","Dessert,Smoothie & Juice Bar","060855054032",4
2830695,"restaurant_89","CA","Snack and Nonalcoholic Beverage Bars","Dessert,Smoothie & Juice Bar","060855078083",4
2830696,"restaurant_89","CA","Snack and Nonalcoholic Beverage Bars","Dessert,Smoothie & Juice Bar","060855080014",4
2830697,"restaurant_89","CA","Snack and Nonalcoholic Beverage Bars","Dessert,Smoothie & Juice Bar","060855077034",4
2830698,"restaurant_89","CA","Snack and Nonalcoholic Beverage Bars","Dessert,Smoothie & Juice Bar","060855063052",4
2830699,"restaurant_89","CA","Snack and Nonalcoholic Beverage Bars","Dessert,Smoothie & Juice Bar","060855080041",4
2830700,"restaurant_89","CA","Snack and Nonalcoholic Beverage Bars","Dessert,Smoothie & Juice Bar","060855079052",4
2830701,"restaurant_89","CA","Snack and Nonalcoholic Beverage Bars","Dessert,Smoothie & Juice Bar","060855079031",4
2830702,"restaurant_89","CA","Snack and Nonalcoholic Beverage Bars","Dessert,Smoothie & Juice Bar","060855048032",4
2830703,"restaurant_89","CA","Snack and Nonalcoholic Beverage Bars","Dessert,Smoothie & Juice Bar","060014415221",4
2830704,"restaurant_89","CA","Snack and Nonalcoholic Beverage Bars","Dessert,Smoothie & Juice Bar","060855120232",4
2830705,"restaurant_89","CA","Snack and Nonalcoholic Beverage Bars","Dessert,Smoothie & Juice Bar","060855077012",4
2830706,"restaurant_89","CA","Snack and Nonalcoholic Beverage Bars","Dessert,Smoothie & Juice Bar","060855083045",4
2830707,"restaurant_89","CA","Snack and Nonalcoholic Beverage Bars","Dessert,Smoothie & Juice Bar","060855085044",4
2830708,"restaurant_89","CA","Snack and Nonalcoholic Beverage Bars","Dessert,Smoothie & Juice Bar","060855003001",4
2830709,"restaurant_89","CA","Snack and Nonalcoholic Beverage Bars","Dessert,Smoothie & Juice Bar","060855026041",4
2830710,"restaurant_89","CA","Snack and Nonalcoholic Beverage Bars","Dessert,Smoothie & Juice Bar","320030067001",4
2830711,"restaurant_89","CA","Snack and Nonalcoholic Beverage Bars","Dessert,Smoothie & Juice Bar","060855062021",4
2830712,"restaurant_89","CA","Snack and Nonalcoholic Beverage Bars","Dessert,Smoothie & Juice Bar","060855061031",4
2830713,"restaurant_89","CA","Snack and Nonalcoholic Beverage Bars","Dessert,Smoothie & Juice Bar","060855009012",4
2830714,"restaurant_89","CA","Snack and Nonalcoholic Beverage Bars","Dessert,Smoothie & Juice Bar","060855031082",4
2830715,"restaurant_89","CA","Snack and Nonalcoholic Beverage Bars","Dessert,Smoothie & Juice Bar","060014415031",4
2830716,"restaurant_89","CA","Snack and Nonalcoholic Beverage Bars","Dessert,Smoothie & Juice Bar","060855074012",4
2830717,"restaurant_89","CA","Snack and Nonalcoholic Beverage Bars","Dessert,Smoothie & Juice Bar","060855062044",4
2830718,"restaurant_89","CA","Snack and Nonalcoholic Beverage Bars","Dessert,Smoothie & Juice Bar","060855050011",4
2830719,"restaurant_89","CA","Snack and Nonalcoholic Beverage Bars","Dessert,Smoothie & Juice Bar","060855050062",4
2830720,"restaurant_89","CA","Snack and Nonalcoholic Beverage Bars","Dessert,Smoothie & Juice Bar","060855079063",4
2830721,"restaurant_89","CA","Snack and Nonalcoholic Beverage Bars","Dessert,Smoothie & Juice Bar","060855033303",4
2830722,"restaurant_89","CA","Snack and Nonalcoholic Beverage Bars","Dessert,Smoothie & Juice Bar","060855061011",4
2830723,"restaurant_89","CA","Snack and Nonalcoholic Beverage Bars","Dessert,Smoothie & Juice Bar","060855066045",4
2830724,"restaurant_89","CA","Snack and Nonalcoholic Beverage Bars","Dessert,Smoothie & Juice Bar","060855117071",4
2830725,"restaurant_89","CA","Snack and Nonalcoholic Beverage Bars","Dessert,Smoothie & Juice Bar","060855033053",4
2830726,"restaurant_89","CA","Snack and Nonalcoholic Beverage Bars","Dessert,Smoothie & Juice Bar","060855082025",4
2830727,"restaurant_89","CA","Snack and Nonalcoholic Beverage Bars","Dessert,Smoothie & Juice Bar","060855077022",4
2830728,"restaurant_89","CA","Snack and Nonalcoholic Beverage Bars","Dessert,Smoothie & Juice Bar","060855008001",4
2830729,"restaurant_89","CA","Snack and Nonalcoholic Beverage Bars","Dessert,Smoothie & Juice Bar","060855082023",4
2830730,"restaurant_89","CA","Snack and Nonalcoholic Beverage Bars","Dessert,Smoothie & Juice Bar","060855085083",4
2830731,"restaurant_89","CA","Snack and Nonalcoholic Beverage Bars","Dessert,Smoothie & Juice Bar","060855078071",4
2830732,"restaurant_89","CA","Snack and Nonalcoholic Beverage Bars","Dessert,Smoothie & Juice Bar","060855032071",4
2830733,"restaurant_89","CA","Snack and Nonalcoholic Beverage Bars","Dessert,Smoothie & Juice Bar","060855064012",4
2830734,"restaurant_89","CA","Snack and Nonalcoholic Beverage Bars","Dessert,Smoothie & Juice Bar","060855073021",4
2830735,"restaurant_89","CA","Snack and Nonalcoholic Beverage Bars","Dessert,Smoothie & Juice Bar","060855062042",4
2830736,"restaurant_89","CA","Snack and Nonalcoholic Beverage Bars","Dessert,Smoothie & Juice Bar","060855061033",4
2830737,"restaurant_89","CA","Snack and Nonalcoholic Beverage Bars","Dessert,Smoothie & Juice Bar","060855080042",4
2830738,"restaurant_89","CA","Snack and Nonalcoholic Beverage Bars","Dessert,Smoothie & Juice Bar","060855062041",4
2830739,"restaurant_89","CA","Snack and Nonalcoholic Beverage Bars","Dessert,Smoothie & Juice Bar","060855050081",4
2830740,"restaurant_89","CA","Snack and Nonalcoholic Beverage Bars","Dessert,Smoothie & Juice Bar","060855051002",4
2830741,"restaurant_89","CA","Snack and Nonalcoholic Beverage Bars","Dessert,Smoothie & Juice Bar","060855077021",4
2830742,"restaurant_89","CA","Snack and Nonalcoholic Beverage Bars","Dessert,Smoothie & Juice Bar","060855043181",4
2830743,"restaurant_89","CA","Snack and Nonalcoholic Beverage Bars","Dessert,Smoothie & Juice Bar","060855054033",4
2830744,"restaurant_89","CA","Snack and Nonalcoholic Beverage Bars","Dessert,Smoothie & Juice Bar","060855079042",4
2830745,"restaurant_89","CA","Snack and Nonalcoholic Beverage Bars","Dessert,Smoothie & Juice Bar","060855074013",4
2830746,"restaurant_89","CA","Snack and Nonalcoholic Beverage Bars","Dessert,Smoothie & Juice Bar","060855080012",4
2830747,"restaurant_89","CA","Snack and Nonalcoholic Beverage Bars","Dessert,Smoothie & Juice Bar","060855061034",4
2830748,"restaurant_89","CA","Snack and Nonalcoholic Beverage Bars","Dessert,Smoothie & Juice Bar","060855125052",4
2830749,"restaurant_89","CA","Snack and Nonalcoholic Beverage Bars","Dessert,Smoothie & Juice Bar","060014332002",4
2830750,"restaurant_89","CA","Snack and Nonalcoholic Beverage Bars","Dessert,Smoothie & Juice Bar","060855079064",4
2830751,"restaurant_89","CA","Snack and Nonalcoholic Beverage Bars","Dessert,Smoothie & Juice Bar","060855043191",4
2830752,"restaurant_89","CA","Snack and Nonalcoholic Beverage Bars","Dessert,Smoothie & Juice Bar","060855055002",4
2830753,"restaurant_89","CA","Snack and Nonalcoholic Beverage Bars","Dessert,Smoothie & Juice Bar","060855116091",4
2830754,"restaurant_89","CA","Snack and Nonalcoholic Beverage Bars","Dessert,Smoothie & Juice Bar","060855048023",4
2830755,"restaurant_89","CA","Snack and Nonalcoholic Beverage Bars","Dessert,Smoothie & Juice Bar","060855077033",4
2830756,"restaurant_89","CA","Snack and Nonalcoholic Beverage Bars","Dessert,Smoothie & Juice Bar","060855054012",4
2830757,"restaurant_89","CA","Snack and Nonalcoholic Beverage Bars","Dessert,Smoothie & Juice Bar","060014426021",4
2830758,"restaurant_89","CA","Snack and Nonalcoholic Beverage Bars","Dessert,Smoothie & Juice Bar","060855085041",4
2830759,"restaurant_89","CA","Snack and Nonalcoholic Beverage Bars","Dessert,Smoothie & Juice Bar","060855033331",4
2830760,"restaurant_89","CA","Snack and Nonalcoholic Beverage Bars","Dessert,Smoothie & Juice Bar","060855078053",4
2830761,"restaurant_89","CA","Snack and Nonalcoholic Beverage Bars","Dessert,Smoothie & Juice Bar","060855074022",4
2830762,"restaurant_89","CA","Snack and Nonalcoholic Beverage Bars","Dessert,Smoothie & Juice Bar","060855038032",4
2830763,"restaurant_89","CA","Snack and Nonalcoholic Beverage Bars","Dessert,Smoothie & Juice Bar","060855066044",4
2830764,"restaurant_89","CA","Snack and Nonalcoholic Beverage Bars","Dessert,Smoothie & Juice Bar","060855048052",4
2830765,"restaurant_89","CA","Snack and Nonalcoholic Beverage Bars","Dessert,Smoothie & Juice Bar","060871011003",4
2830766,"restaurant_89","CA","Snack and Nonalcoholic Beverage Bars","Dessert,Smoothie & Juice Bar","060855083031",4
2830767,"restaurant_89","CA","Snack and Nonalcoholic Beverage Bars","Dessert,Smoothie & Juice Bar","060855077031",4
2830768,"restaurant_89","CA","Snack and Nonalcoholic Beverage Bars","Dessert,Smoothie & Juice Bar","060855085031",4
2830769,"restaurant_89","CA","Snack and Nonalcoholic Beverage Bars","Dessert,Smoothie & Juice Bar","060855064021",4
2830770,"restaurant_89","CA","Snack and Nonalcoholic Beverage Bars","Dessert,Smoothie & Juice Bar","060855066032",4
2830771,"restaurant_89","CA","Snack and Nonalcoholic Beverage Bars","Dessert,Smoothie & Juice Bar","060855060003",4
2830772,"restaurant_89","CA","Snack and Nonalcoholic Beverage Bars","Dessert,Smoothie & Juice Bar","060855042011",4
2830773,"restaurant_89","CA","Snack and Nonalcoholic Beverage Bars","Dessert,Smoothie & Juice Bar","060855117041",4
2830774,"restaurant_89","CA","Snack and Nonalcoholic Beverage Bars","Dessert,Smoothie & Juice Bar","060855032042",4
2830775,"restaurant_89","CA","Snack and Nonalcoholic Beverage Bars","Dessert,Smoothie & Juice Bar","060855051001",4
2830776,"restaurant_89","CA","Snack and Nonalcoholic Beverage Bars","Dessert,Smoothie & Juice Bar","060855120454",4
2830777,"restaurant_89","CA","Snack and Nonalcoholic Beverage Bars","Dessert,Smoothie & Juice Bar","060855063053",4
2830778,"restaurant_89","CA","Snack and Nonalcoholic Beverage Bars","Dessert,Smoothie & Juice Bar","060855078072",4
2830779,"restaurant_89","CA","Snack and Nonalcoholic Beverage Bars","Dessert,Smoothie & Juice Bar","060855050091",4
2830780,"restaurant_89","CA","Snack and Nonalcoholic Beverage Bars","Dessert,Smoothie & Juice Bar","060855062031",4
2830781,"restaurant_89","CA","Snack and Nonalcoholic Beverage Bars","Dessert,Smoothie & Juice Bar","060855103002",4
2830782,"restaurant_89","CA","Snack and Nonalcoholic Beverage Bars","Dessert,Smoothie & Juice Bar","060014507432",4
2830783,"restaurant_89","CA","Snack and Nonalcoholic Beverage Bars","Dessert,Smoothie & Juice Bar","060855091084",4
2830784,"restaurant_89","CA","Snack and Nonalcoholic Beverage Bars","Dessert,Smoothie & Juice Bar","060770012001",4
2830785,"restaurant_89","CA","Snack and Nonalcoholic Beverage Bars","Dessert,Smoothie & Juice Bar","060855031103",4
2830786,"restaurant_89","CA","Snack and Nonalcoholic Beverage Bars","Dessert,Smoothie & Juice Bar","060730083051",4
2830787,"restaurant_89","CA","Snack and Nonalcoholic Beverage Bars","Dessert,Smoothie & Juice Bar","060855061013",4
2830788,"restaurant_89","CA","Snack and Nonalcoholic Beverage Bars","Dessert,Smoothie & Juice Bar","060855033212",4
2830789,"restaurant_89","CA","Snack and Nonalcoholic Beverage Bars","Dessert,Smoothie & Juice Bar","060855091022",4
2830790,"restaurant_89","CA","Snack and Nonalcoholic Beverage Bars","Dessert,Smoothie & Juice Bar","060855086021",4
2830791,"restaurant_89","CA","Snack and Nonalcoholic Beverage Bars","Dessert,Smoothie & Juice Bar","060855085082",4
2830792,"restaurant_89","CA","Snack and Nonalcoholic Beverage Bars","Dessert,Smoothie & Juice Bar","060855079062",4
2830793,"restaurant_89","CA","Snack and Nonalcoholic Beverage Bars","Dessert,Smoothie & Juice Bar","060770052063",4
2830794,"restaurant_89","CA","Snack and Nonalcoholic Beverage Bars","Dessert,Smoothie & Juice Bar","060855109003",4
2830795,"restaurant_89","CA","Snack and Nonalcoholic Beverage Bars","Dessert,Smoothie & Juice Bar","060855044182",4
2830796,"restaurant_89","CA","Snack and Nonalcoholic Beverage Bars","Dessert,Smoothie & Juice Bar","060855126021",4
2830797,"restaurant_89","CA","Snack and Nonalcoholic Beverage Bars","Dessert,Smoothie & Juice Bar","060855073015",4
2830798,"restaurant_89","CA","Snack and Nonalcoholic Beverage Bars","Dessert,Smoothie & Juice Bar","060855063041",4
2830799,"restaurant_89","CA","Snack and Nonalcoholic Beverage Bars","Dessert,Smoothie & Juice Bar","060855057001",4
2830800,"restaurant_89","CA","Snack and Nonalcoholic Beverage Bars","Dessert,Smoothie & Juice Bar","060855045044",4
2830801,"restaurant_89","CA","Snack and Nonalcoholic Beverage Bars","Dessert,Smoothie & Juice Bar","060855046011",4
2830802,"restaurant_89","CA","Snack and Nonalcoholic Beverage Bars","Dessert,Smoothie & Juice Bar","060855006001",4
2830803,"restaurant_89","CA","Snack and Nonalcoholic Beverage Bars","Dessert,Smoothie & Juice Bar","060855045061",4
2830804,"restaurant_89","CA","Snack and Nonalcoholic Beverage Bars","Dessert,Smoothie & Juice Bar","060855085032",4
2830805,"restaurant_89","CA","Snack and Nonalcoholic Beverage Bars","Dessert,Smoothie & Juice Bar","060855091061",4
2830806,"restaurant_89","CA","Snack and Nonalcoholic Beverage Bars","Dessert,Smoothie & Juice Bar","060855078051",4
2830807,"restaurant_89","CA","Snack and Nonalcoholic Beverage Bars","Dessert,Smoothie & Juice Bar","060855066041",4
2830808,"restaurant_89","CA","Snack and Nonalcoholic Beverage Bars","Dessert,Smoothie & Juice Bar","060855091062",4
2830809,"restaurant_89","CA","Snack and Nonalcoholic Beverage Bars","Dessert,Smoothie & Juice Bar","060855082032",4
2830810,"restaurant_89","CA","Snack and Nonalcoholic Beverage Bars","Dessert,Smoothie & Juice Bar","060750111002",4
2830811,"restaurant_89","CA","Snack and Nonalcoholic Beverage Bars","Dessert,Smoothie & Juice Bar","060855053021",4
2830812,"restaurant_89","CA","Snack and Nonalcoholic Beverage Bars","Dessert,Smoothie & Juice Bar","060855083044",4
2830813,"restaurant_89","CA","Snack and Nonalcoholic Beverage Bars","Dessert,Smoothie & Juice Bar","060855043072",4
2830814,"restaurant_89","CA","Snack and Nonalcoholic Beverage Bars","Dessert,Smoothie & Juice Bar","060855078061",4
2830815,"restaurant_89","CA","Snack and Nonalcoholic Beverage Bars","Dessert,Smoothie & Juice Bar","060855048051",4
2830816,"restaurant_89","CA","Snack and Nonalcoholic Beverage Bars","Dessert,Smoothie & Juice Bar","060855024006",4
2830817,"restaurant_89","CA","Snack and Nonalcoholic Beverage Bars","Dessert,Smoothie & Juice Bar","060855120013",4
2830818,"restaurant_89","CA","Snack and Nonalcoholic Beverage Bars","Dessert,Smoothie & Juice Bar","060855033231",4
2830819,"restaurant_89","CA","Snack and Nonalcoholic Beverage Bars","Dessert,Smoothie & Juice Bar","060855076003",4
2830820,"restaurant_89","CA","Snack and Nonalcoholic Beverage Bars","Dessert,Smoothie & Juice Bar","060855053052",4
2830821,"restaurant_89","CA","Snack and Nonalcoholic Beverage Bars","Dessert,Smoothie & Juice Bar","060855117012",4
2830822,"restaurant_89","CA","Snack and Nonalcoholic Beverage Bars","Dessert,Smoothie & Juice Bar","060855050082",4
2830823,"restaurant_89","CA","Snack and Nonalcoholic Beverage Bars","Dessert,Smoothie & Juice Bar","060855021012",4
2830824,"restaurant_89","CA","Snack and Nonalcoholic Beverage Bars","Dessert,Smoothie & Juice Bar","060855075004",4
2830825,"restaurant_89","CA","Snack and Nonalcoholic Beverage Bars","Dessert,Smoothie & Juice Bar","060855103001",4
2830826,"restaurant_89","CA","Snack and Nonalcoholic Beverage Bars","Dessert,Smoothie & Juice Bar","060855100016",4
2830827,"restaurant_89","CA","Snack and Nonalcoholic Beverage Bars","Dessert,Smoothie & Juice Bar","060855078062",4
2830828,"restaurant_89","CA","Snack and Nonalcoholic Beverage Bars","Dessert,Smoothie & Juice Bar","060855061032",4
2830829,"restaurant_89","CA","Snack and Nonalcoholic Beverage Bars","Dessert,Smoothie & Juice Bar","060855031221",4
2830830,"restaurant_89","CA","Snack and Nonalcoholic Beverage Bars","Dessert,Smoothie & Juice Bar","060855073012",4
2830831,"restaurant_89","CA","Snack and Nonalcoholic Beverage Bars","Dessert,Smoothie & Juice Bar","060759803001",4
2830832,"restaurant_89","CA","Snack and Nonalcoholic Beverage Bars","Dessert,Smoothie & Juice Bar","060855120323",4
2830833,"restaurant_89","CA","Snack and Nonalcoholic Beverage Bars","Dessert,Smoothie & Juice Bar","060855119093",4
2830834,"restaurant_89","CA","Snack and Nonalcoholic Beverage Bars","Dessert,Smoothie & Juice Bar","060855074011",4
2830835,"restaurant_89","CA","Snack and Nonalcoholic Beverage Bars","Dessert,Smoothie & Juice Bar","060590218202",4
2830836,"restaurant_89","CA","Snack and Nonalcoholic Beverage Bars","Dessert,Smoothie & Juice Bar","060855106003",4
2830837,"restaurant_89","CA","Snack and Nonalcoholic Beverage Bars","Dessert,Smoothie & Juice Bar","060819843001",4
2830838,"restaurant_89","CA","Snack and Nonalcoholic Beverage Bars","Dessert,Smoothie & Juice Bar","060855053051",4
2830839,"restaurant_89","CA","Snack and Nonalcoholic Beverage Bars","Dessert,Smoothie & Juice Bar","060855044112",4
2830840,"restaurant_89","CA","Snack and Nonalcoholic Beverage Bars","Dessert,Smoothie & Juice Bar","060855113023",4
2830841,"restaurant_89","CA","Snack and Nonalcoholic Beverage Bars","Dessert,Smoothie & Juice Bar","060855084015",4
3441903,"restaurant_77","CA","Limited-Service Restaurants","Salad,Sandwich Shop","060377018015",4
3441904,"restaurant_77","CA","Limited-Service Restaurants","Salad,Sandwich Shop","250173543001",4
3441905,"restaurant_77","CA","Limited-Service Restaurants","Salad,Sandwich Shop","060377017013",4
3632949,"restaurant_9","IN","Full-Service Restaurants","Chicken,Fish & Chips","180973803003",6
3632950,"restaurant_9","IN","Full-Service Restaurants","Chicken,Fish & Chips","180816104032",4
3632951,"restaurant_9","IN","Full-Service Restaurants","Chicken,Fish & Chips","180973576003",4
3632952,"restaurant_9","IN","Full-Service Restaurants","Chicken,Fish & Chips","180973805021",4
3632953,"restaurant_9","IN","Full-Service Restaurants","Chicken,Fish & Chips","180973804043",4
3632954,"restaurant_9","IN","Full-Service Restaurants","Chicken,Fish & Chips","180973576002",4
3632955,"restaurant_9","IN","Full-Service Restaurants","Chicken,Fish & Chips","180973803004",4
3632956,"restaurant_9","IN","Full-Service Restaurants","Chicken,Fish & Chips","180973576004",4
3632957,"restaurant_9","IN","Full-Service Restaurants","Chicken,Fish & Chips","180973804042",4
3760247,"restaurant_72","NC","Full-Service Restaurants","American Food,BBQ and Southern Food","371650104002",11
3760248,"restaurant_72","NC","Full-Service Restaurants","American Food,BBQ and Southern Food","371650101021",8
3760249,"restaurant_72","NC","Full-Service Restaurants","American Food,BBQ and Southern Food","371650105005",7
3760250,"restaurant_72","NC","Full-Service Restaurants","American Food,BBQ and Southern Food","371650101012",6
3760251,"restaurant_72","NC","Full-Service Restaurants","American Food,BBQ and Southern Food","371650101011",6
3760252,"restaurant_72","NC","Full-Service Restaurants","American Food,BBQ and Southern Food","371650106002",6
3760253,"restaurant_72","NC","Full-Service Restaurants","American Food,BBQ and Southern Food","371559620011",5
3760254,"restaurant_72","NC","Full-Service Restaurants","American Food,BBQ and Southern Food","371650103002",4
3760255,"restaurant_72","NC","Full-Service Restaurants","American Food,BBQ and Southern Food","371650106005",4
3760256,"restaurant_72","NC","Full-Service Restaurants","American Food,BBQ and Southern Food","371650102004",4
3760257,"restaurant_72","NC","Full-Service Restaurants","American Food,BBQ and Southern Food","371650102003",4
3760258,"restaurant_72","NC","Full-Service Restaurants","American Food,BBQ and Southern Food","371650102002",4
3760259,"restaurant_72","NC","Full-Service Restaurants","American Food,BBQ and Southern Food","371650106004",4
3760260,"restaurant_72","NC","Full-Service Restaurants","American Food,BBQ and Southern Food","371650105001",4
3760261,"restaurant_72","NC","Full-Service Restaurants","American Food,BBQ and Southern Food","371650101022",4
3760262,"restaurant_72","NC","Full-Service Restaurants","American Food,BBQ and Southern Food","371650103001",4
3760263,"restaurant_72","NC","Full-Service Restaurants","American Food,BBQ and Southern Food","371650102001",4
3760264,"restaurant_72","NC","Full-Service Restaurants","American Food,BBQ and Southern Food","371539706001",4
3760265,"restaurant_72","NC","Full-Service Restaurants","American Food,BBQ and Southern Food","371650101023",4
3760266,"restaurant_72","NC","Full-Service Restaurants","American Food,BBQ and Southern Food","371559605023",4
3760267,"restaurant_72","NC","Full-Service Restaurants","American Food,BBQ and Southern Food","371650104001",4
3760268,"restaurant_72","NC","Full-Service Restaurants","American Food,BBQ and Southern Food","371539705002",4
3760269,"restaurant_72","NC","Full-Service Restaurants","American Food,BBQ and Southern Food","371650101024",4
3760270,"restaurant_72","NC","Full-Service Restaurants","American Food,BBQ and Southern Food","371559604011",4
3760271,"restaurant_72","NC","Full-Service Restaurants","American Food,BBQ and Southern Food","371650103005",4
3760272,"restaurant_72","NC","Full-Service Restaurants","American Food,BBQ and Southern Food","450259506005",4
3760273,"restaurant_72","NC","Full-Service Restaurants","American Food,BBQ and Southern Food","371650105002",4
3760274,"restaurant_72","NC","Full-Service Restaurants","American Food,BBQ and Southern Food","371539711001",4
3760275,"restaurant_72","NC","Full-Service Restaurants","American Food,BBQ and Southern Food","371650105003",4
3760276,"restaurant_72","NC","Full-Service Restaurants","American Food,BBQ and Southern Food","371650106003",4
3760277,"restaurant_72","NC","Full-Service Restaurants","American Food,BBQ and Southern Food","371539702003",4
3760278,"restaurant_72","NC","Full-Service Restaurants","American Food,BBQ and Southern Food","371559615003",4
3764819,"restaurant_8","UT","Full-Service Restaurants","American Food,Bar or Pub,Late Night","490351139044",4
3764820,"restaurant_8","UT","Full-Service Restaurants","American Food,Bar or Pub,Late Night","490351139051",4
3764821,"restaurant_8","UT","Full-Service Restaurants","American Food,Bar or Pub,Late Night","490351139061",4
3764822,"restaurant_8","UT","Full-Service Restaurants","American Food,Bar or Pub,Late Night","490351139072",4
3764823,"restaurant_8","UT","Full-Service Restaurants","American Food,Bar or Pub,Late Night","490351139062",4
3764824,"restaurant_8","UT","Full-Service Restaurants","American Food,Bar or Pub,Late Night","490351134083",4
3764825,"restaurant_8","UT","Full-Service Restaurants","American Food,Bar or Pub,Late Night","490351139052",4
3764826,"restaurant_8","UT","Full-Service Restaurants","American Food,Bar or Pub,Late Night","490351134081",4
3764827,"restaurant_8","UT","Full-Service Restaurants","American Food,Bar or Pub,Late Night","490351134101",4
3814345,"restaurant_18","CA","Limited-Service Restaurants","Japanese Food,Sushi","060710045043",16
3814346,"restaurant_18","CA","Limited-Service Restaurants","Japanese Food,Sushi","060710045031",12
3814347,"restaurant_18","CA","Limited-Service Restaurants","Japanese Food,Sushi","060710045042",9
3814348,"restaurant_18","CA","Limited-Service Restaurants","Japanese Food,Sushi","060710045041",9
3814349,"restaurant_18","CA","Limited-Service Restaurants","Japanese Food,Sushi","060710027061",9
3814350,"restaurant_18","CA","Limited-Service Restaurants","Japanese Food,Sushi","060710045102",5
3814351,"restaurant_18","CA","Limited-Service Restaurants","Japanese Food,Sushi","060710100172",4
3814352,"restaurant_18","CA","Limited-Service Restaurants","Japanese Food,Sushi","060710045032",4
3814353,"restaurant_18","CA","Limited-Service Restaurants","Japanese Food,Sushi","060710041011",4
3814354,"restaurant_18","CA","Limited-Service Restaurants","Japanese Food,Sushi","060710020361",4
3814355,"restaurant_18","CA","Limited-Service Restaurants","Japanese Food,Sushi","060710098004",4
3814356,"restaurant_18","CA","Limited-Service Restaurants","Japanese Food,Sushi","060710041012",4
3814357,"restaurant_18","CA","Limited-Service Restaurants","Japanese Food,Sushi","060710074031",4
3814358,"restaurant_18","CA","Limited-Service Restaurants","Japanese Food,Sushi","060650423002",4
3814359,"restaurant_18","CA","Limited-Service Restaurants","Japanese Food,Sushi","060710046034",4
3814360,"restaurant_18","CA","Limited-Service Restaurants","Japanese Food,Sushi","060710045091",4
3814361,"restaurant_18","CA","Limited-Service Restaurants","Japanese Food,Sushi","060710100173",4
3814362,"restaurant_18","CA","Limited-Service Restaurants","Japanese Food,Sushi","060710046013",4
3814363,"restaurant_18","CA","Limited-Service Restaurants","Japanese Food,Sushi","060710099101",4
3814364,"restaurant_18","CA","Limited-Service Restaurants","Japanese Food,Sushi","060710074082",4
3814365,"restaurant_18","CA","Limited-Service Restaurants","Japanese Food,Sushi","060374088002",4
3814366,"restaurant_18","CA","Limited-Service Restaurants","Japanese Food,Sushi","060710040011",4
3814367,"restaurant_18","CA","Limited-Service Restaurants","Japanese Food,Sushi","060710121042",4
3814368,"restaurant_18","CA","Limited-Service Restaurants","Japanese Food,Sushi","060710046011",4
3814369,"restaurant_18","CA","Limited-Service Restaurants","Japanese Food,Sushi","060710100161",4
3814370,"restaurant_18","CA","Limited-Service Restaurants","Japanese Food,Sushi","060710078001",4
3814371,"restaurant_18","CA","Limited-Service Restaurants","Japanese Food,Sushi","060710072002",4
3814372,"restaurant_18","CA","Limited-Service Restaurants","Japanese Food,Sushi","060710076041",4
3814373,"restaurant_18","CA","Limited-Service Restaurants","Japanese Food,Sushi","060710091191",4
3814374,"restaurant_18","CA","Limited-Service Restaurants","Japanese Food,Sushi","060710071062",4
3814375,"restaurant_18","CA","Limited-Service Restaurants","Japanese Food,Sushi","060710038011",4
3814376,"restaurant_18","CA","Limited-Service Restaurants","Japanese Food,Sushi","060710099061",4
3814377,"restaurant_18","CA","Limited-Service Restaurants","Japanese Food,Sushi","060710020341",4
3814378,"restaurant_18","CA","Limited-Service Restaurants","Japanese Food,Sushi","060710100202",4
3814379,"restaurant_18","CA","Limited-Service Restaurants","Japanese Food,Sushi","060710091182",4
3814380,"restaurant_18","CA","Limited-Service Restaurants","Japanese Food,Sushi","060710046012",4
3814381,"restaurant_18","CA","Limited-Service Restaurants","Japanese Food,Sushi","060710121012",4
3814382,"restaurant_18","CA","Limited-Service Restaurants","Japanese Food,Sushi","060710100243",4
3814383,"restaurant_18","CA","Limited-Service Restaurants","Japanese Food,Sushi","060710046033",4
3814384,"restaurant_18","CA","Limited-Service Restaurants","Japanese Food,Sushi","060650427111",4
3814385,"restaurant_18","CA","Limited-Service Restaurants","Japanese Food,Sushi","060710073061",4
3814386,"restaurant_18","CA","Limited-Service Restaurants","Japanese Food,Sushi","060710074092",4
3814387,"restaurant_18","CA","Limited-Service Restaurants","Japanese Food,Sushi","060650425151",4
3814388,"restaurant_18","CA","Limited-Service Restaurants","Japanese Food,Sushi","060650406092",4
4229972,"restaurant_4","ON","Full-Service Restaurants","Burgers,Counter Service,Dinner,Fast Food,Lunch","CA:35260102",4
4229973,"restaurant_4","ON","Full-Service Restaurants","Burgers,Counter Service,Dinner,Fast Food,Lunch","080590120523",4
4229974,"restaurant_4","ON","Full-Service Restaurants","Burgers,Counter Service,Dinner,Fast Food,Lunch","CA:35260056",4
4229975,"restaurant_4","ON","Full-Service Restaurants","Burgers,Counter Service,Dinner,Fast Food,Lunch","CA:35260135",4
4229976,"restaurant_4","ON","Full-Service Restaurants","Burgers,Counter Service,Dinner,Fast Food,Lunch","CA:35260108",4
4229977,"restaurant_4","ON","Full-Service Restaurants","Burgers,Counter Service,Dinner,Fast Food,Lunch","CA:35260103",4
4229978,"restaurant_4","ON","Full-Service Restaurants","Burgers,Counter Service,Dinner,Fast Food,Lunch","CA:35260836",4
4229979,"restaurant_4","ON","Full-Service Restaurants","Burgers,Counter Service,Dinner,Fast Food,Lunch","391535301031",4
4229980,"restaurant_4","ON","Full-Service Restaurants","Burgers,Counter Service,Dinner,Fast Food,Lunch","CA:35260070",4
4487734,"restaurant_14","NY","Full-Service Restaurants","Chinese Food","361031594045",4
4487735,"restaurant_14","NY","Full-Service Restaurants","Chinese Food","361031594103",4
4487736,"restaurant_14","NY","Full-Service Restaurants","Chinese Food","361031594063",4
5064297,"restaurant_57","MO","Snack and Nonalcoholic Beverage Bars","Ice Cream Shop","290997005032",16
5064298,"restaurant_57","MO","Snack and Nonalcoholic Beverage Bars","Ice Cream Shop","290997003022",13
5064299,"restaurant_57","MO","Snack and Nonalcoholic Beverage Bars","Ice Cream Shop","290997002071",12
5064300,"restaurant_57","MO","Snack and Nonalcoholic Beverage Bars","Ice Cream Shop","290997004011",11
5064301,"restaurant_57","MO","Snack and Nonalcoholic Beverage Bars","Ice Cream Shop","290997005041",10
5064302,"restaurant_57","MO","Snack and Nonalcoholic Beverage Bars","Ice Cream Shop","290997002072",8
5064303,"restaurant_57","MO","Snack and Nonalcoholic Beverage Bars","Ice Cream Shop","290997011021",7
5064304,"restaurant_57","MO","Snack and Nonalcoholic Beverage Bars","Ice Cream Shop","290997005031",7
5064305,"restaurant_57","MO","Snack and Nonalcoholic Beverage Bars","Ice Cream Shop","290997002061",7
5064306,"restaurant_57","MO","Snack and Nonalcoholic Beverage Bars","Ice Cream Shop","290997005043",6
5064307,"restaurant_57","MO","Snack and Nonalcoholic Beverage Bars","Ice Cream Shop","290997005042",6
5064308,"restaurant_57","MO","Snack and Nonalcoholic Beverage Bars","Ice Cream Shop","290997002111",6
5064309,"restaurant_57","MO","Snack and Nonalcoholic Beverage Bars","Ice Cream Shop","290997004012",6
5064310,"restaurant_57","MO","Snack and Nonalcoholic Beverage Bars","Ice Cream Shop","290997004022",5
5064311,"restaurant_57","MO","Snack and Nonalcoholic Beverage Bars","Ice Cream Shop","290997006041",5
5064312,"restaurant_57","MO","Snack and Nonalcoholic Beverage Bars","Ice Cream Shop","290997003033",5
5064313,"restaurant_57","MO","Snack and Nonalcoholic Beverage Bars","Ice Cream Shop","290997011022",4
5064314,"restaurant_57","MO","Snack and Nonalcoholic Beverage Bars","Ice Cream Shop","290997003041",4
5064315,"restaurant_57","MO","Snack and Nonalcoholic Beverage Bars","Ice Cream Shop","290997004021",4
5064316,"restaurant_57","MO","Snack and Nonalcoholic Beverage Bars","Ice Cream Shop","290997003043",4
5064317,"restaurant_57","MO","Snack and Nonalcoholic Beverage Bars","Ice Cream Shop","290997003021",4
5064318,"restaurant_57","MO","Snack and Nonalcoholic Beverage Bars","Ice Cream Shop","290997001095",4
5064319,"restaurant_57","MO","Snack and Nonalcoholic Beverage Bars","Ice Cream Shop","290997006011",4
5064320,"restaurant_57","MO","Snack and Nonalcoholic Beverage Bars","Ice Cream Shop","290997004013",4
5064321,"restaurant_57","MO","Snack and Nonalcoholic Beverage Bars","Ice Cream Shop","290997006031",4
5064322,"restaurant_57","MO","Snack and Nonalcoholic Beverage Bars","Ice Cream Shop","290997002101",4
5064323,"restaurant_57","MO","Snack and Nonalcoholic Beverage Bars","Ice Cream Shop","291892210001",4
5064324,"restaurant_57","MO","Snack and Nonalcoholic Beverage Bars","Ice Cream Shop","290718010004",4
5064325,"restaurant_57","MO","Snack and Nonalcoholic Beverage Bars","Ice Cream Shop","290997001072",4
5064326,"restaurant_57","MO","Snack and Nonalcoholic Beverage Bars","Ice Cream Shop","290997006043",4
5064327,"restaurant_57","MO","Snack and Nonalcoholic Beverage Bars","Ice Cream Shop","290997001091",4
5064328,"restaurant_57","MO","Snack and Nonalcoholic Beverage Bars","Ice Cream Shop","290997001092",4
5064329,"restaurant_57","MO","Snack and Nonalcoholic Beverage Bars","Ice Cream Shop","290997014041",4
5064330,"restaurant_57","MO","Snack and Nonalcoholic Beverage Bars","Ice Cream Shop","290718010003",4
5064331,"restaurant_57","MO","Snack and Nonalcoholic Beverage Bars","Ice Cream Shop","291892180121",4
5064332,"restaurant_57","MO","Snack and Nonalcoholic Beverage Bars","Ice Cream Shop","290997011025",4
5064333,"restaurant_57","MO","Snack and Nonalcoholic Beverage Bars","Ice Cream Shop","290997008021",4
5064334,"restaurant_57","MO","Snack and Nonalcoholic Beverage Bars","Ice Cream Shop","290997008022",4
5064335,"restaurant_57","MO","Snack and Nonalcoholic Beverage Bars","Ice Cream Shop","290997002091",4
5064336,"restaurant_57","MO","Snack and Nonalcoholic Beverage Bars","Ice Cream Shop","290997005022",4
5064337,"restaurant_57","MO","Snack and Nonalcoholic Beverage Bars","Ice Cream Shop","291892152013",4
5064338,"restaurant_57","MO","Snack and Nonalcoholic Beverage Bars","Ice Cream Shop","290997005024",4
5064339,"restaurant_57","MO","Snack and Nonalcoholic Beverage Bars","Ice Cream Shop","290997002063",4
5064340,"restaurant_57","MO","Snack and Nonalcoholic Beverage Bars","Ice Cream Shop","290997002032",4
5064341,"restaurant_57","MO","Snack and Nonalcoholic Beverage Bars","Ice Cream Shop","290718007013",4
5444420,"restaurant_50","OH","Full-Service Restaurants","Pizza","390930805001",4
5444421,"restaurant_50","OH","Full-Service Restaurants","Pizza","390351905042",4
5444422,"restaurant_50","OH","Full-Service Restaurants","Pizza","390351812013",4
5876080,"restaurant_16","MI","Full-Service Restaurants","Bar or Pub,Late Night,Pizza","260710003001",23
5876081,"restaurant_16","MI","Full-Service Restaurants","Bar or Pub,Late Night,Pizza","260710004001",9
5876082,"restaurant_16","MI","Full-Service Restaurants","Bar or Pub,Late Night,Pizza","260710003002",8
5876083,"restaurant_16","MI","Full-Service Restaurants","Bar or Pub,Late Night,Pizza","260710004002",6
5876084,"restaurant_16","MI","Full-Service Restaurants","Bar or Pub,Late Night,Pizza","551259505002",4
5876085,"restaurant_16","MI","Full-Service Restaurants","Bar or Pub,Late Night,Pizza","261030013002",4
5876086,"restaurant_16","MI","Full-Service Restaurants","Bar or Pub,Late Night,Pizza","260710005002",4
5876087,"restaurant_16","MI","Full-Service Restaurants","Bar or Pub,Late Night,Pizza","260419708003",4
5876088,"restaurant_16","MI","Full-Service Restaurants","Bar or Pub,Late Night,Pizza","260419707001",4
6224192,"restaurant_5","PA","Full-Service Restaurants","Sandwich Shop","420912088011",6
6224193,"restaurant_5","PA","Full-Service Restaurants","Sandwich Shop","420912089041",5
6224194,"restaurant_5","PA","Full-Service Restaurants","Sandwich Shop","420912089012",4
6224195,"restaurant_5","PA","Full-Service Restaurants","Sandwich Shop","420912087022",4
6224196,"restaurant_5","PA","Full-Service Restaurants","Sandwich Shop","420912086012",4
6224197,"restaurant_5","PA","Full-Service Restaurants","Sandwich Shop","420912084001",4
6224198,"restaurant_5","PA","Full-Service Restaurants","Sandwich Shop","420912090002",4
6224199,"restaurant_5","PA","Full-Service Restaurants","Sandwich Shop","420912087041",4
6224200,"restaurant_5","PA","Full-Service Restaurants","Sandwich Shop","420293022023",4
6224201,"restaurant_5","PA","Full-Service Restaurants","Sandwich Shop","420912061063",4
6452332,"restaurant_67","TX","Limited-Service Restaurants","Breakfast,Counter Service,Dinner,Lunch,Sandwich Shop","484530023074",4
6452333,"restaurant_67","TX","Limited-Service Restaurants","Breakfast,Counter Service,Dinner,Lunch,Sandwich Shop","484530011001",4
6452334,"restaurant_67","TX","Limited-Service Restaurants","Breakfast,Counter Service,Dinner,Lunch,Sandwich Shop","484530023162",4
6452335,"restaurant_67","TX","Limited-Service Restaurants","Breakfast,Counter Service,Dinner,Lunch,Sandwich Shop","484530014031",4
6452336,"restaurant_67","TX","Limited-Service Restaurants","Breakfast,Counter Service,Dinner,Lunch,Sandwich Shop","484530024113",4
6452337,"restaurant_67","TX","Limited-Service Restaurants","Breakfast,Counter Service,Dinner,Lunch,Sandwich Shop","484530023141",4
6452338,"restaurant_67","TX","Limited-Service Restaurants","Breakfast,Counter Service,Dinner,Lunch,Sandwich Shop","484530023152",4
6452339,"restaurant_67","TX","Limited-Service Restaurants","Breakfast,Counter Service,Dinner,Lunch,Sandwich Shop","484530024211",4
6452340,"restaurant_67","TX","Limited-Service Restaurants","Breakfast,Counter Service,Dinner,Lunch,Sandwich Shop","484530023144",4
6452341,"restaurant_67","TX","Limited-Service Restaurants","Breakfast,Counter Service,Dinner,Lunch,Sandwich Shop","484530018123",4
6452342,"restaurant_67","TX","Limited-Service Restaurants","Breakfast,Counter Service,Dinner,Lunch,Sandwich Shop","484530023071",4
6452343,"restaurant_67","TX","Limited-Service Restaurants","Breakfast,Counter Service,Dinner,Lunch,Sandwich Shop","484530023132",4
6452344,"restaurant_67","TX","Limited-Service Restaurants","Breakfast,Counter Service,Dinner,Lunch,Sandwich Shop","484530023083",4
6452345,"restaurant_67","TX","Limited-Service Restaurants","Breakfast,Counter Service,Dinner,Lunch,Sandwich Shop","484530023181",4
6452346,"restaurant_67","TX","Limited-Service Restaurants","Breakfast,Counter Service,Dinner,Lunch,Sandwich Shop","484530023123",4
6655393,"restaurant_71","TN","Snack and Nonalcoholic Beverage Bars","Coffee Shop","470370130001",7
6655394,"restaurant_71","TN","Snack and Nonalcoholic Beverage Bars","Coffee Shop","470370156193",4
6655395,"restaurant_71","TN","Snack and Nonalcoholic Beverage Bars","Coffee Shop","470210701032",4
6655396,"restaurant_71","TN","Snack and Nonalcoholic Beverage Bars","Coffee Shop","470370156102",4
6655397,"restaurant_71","TN","Snack and Nonalcoholic Beverage Bars","Coffee Shop","470370133002",4
6655398,"restaurant_71","TN","Snack and Nonalcoholic Beverage Bars","Coffee Shop","470370135002",4
6655399,"restaurant_71","TN","Snack and Nonalcoholic Beverage Bars","Coffee Shop","470370133001",4
6655400,"restaurant_71","TN","Snack and Nonalcoholic Beverage Bars","Coffee Shop","470370115002",4
6655401,"restaurant_71","TN","Snack and Nonalcoholic Beverage Bars","Coffee Shop","470370180004",4
6655402,"restaurant_71","TN","Snack and Nonalcoholic Beverage Bars","Coffee Shop","471470806031",4
6655403,"restaurant_71","TN","Snack and Nonalcoholic Beverage Bars","Coffee Shop","470370132021",4
6655404,"restaurant_71","TN","Snack and Nonalcoholic Beverage Bars","Coffee Shop","470370105016",4
6655405,"restaurant_71","TN","Snack and Nonalcoholic Beverage Bars","Coffee Shop","471490401041",4
6655406,"restaurant_71","TN","Snack and Nonalcoholic Beverage Bars","Coffee Shop","470370165004",4
7736455,"restaurant_12","CA","Full-Service Restaurants","Sandwich Shop","060750228022",4
7925814,"restaurant_49","NY","Full-Service Restaurants","Chinese Food","360650201021",4
7925815,"restaurant_49","NY","Full-Service Restaurants","Chinese Food","360650203001",4
7925816,"restaurant_49","NY","Full-Service Restaurants","Chinese Food","360650209001",4
7986924,"restaurant_68","VA","Full-Service Restaurants","Bar or Pub,Halal Food,Hookah,Late Night,Middle Eastern Food","510594528012",5
7986925,"restaurant_68","VA","Full-Service Restaurants","Bar or Pub,Halal Food,Hookah,Late Night,Middle Eastern Food","510594527001",5
7986926,"restaurant_68","VA","Full-Service Restaurants","Bar or Pub,Halal Food,Hookah,Late Night,Middle Eastern Food","510594917051",4
7986927,"restaurant_68","VA","Full-Service Restaurants","Bar or Pub,Halal Food,Hookah,Late Night,Middle Eastern Food","510594528013",4
7986928,"restaurant_68","VA","Full-Service Restaurants","Bar or Pub,Halal Food,Hookah,Late Night,Middle Eastern Food","510594528011",4
7986929,"restaurant_68","VA","Full-Service Restaurants","Bar or Pub,Halal Food,Hookah,Late Night,Middle Eastern Food","515102001051",4
8456022,"restaurant_74","LA","Full-Service Restaurants","Bar or Pub,Late Night,Mexican Food,Wine Bar","221030411011",60
8456023,"restaurant_74","LA","Full-Service Restaurants","Bar or Pub,Late Night,Mexican Food,Wine Bar","221030411032",56
8456024,"restaurant_74","LA","Full-Service Restaurants","Bar or Pub,Late Night,Mexican Food,Wine Bar","221030407013",54
8456025,"restaurant_74","LA","Full-Service Restaurants","Bar or Pub,Late Night,Mexican Food,Wine Bar","221030412042",42
8456026,"restaurant_74","LA","Full-Service Restaurants","Bar or Pub,Late Night,Mexican Food,Wine Bar","221030412043",20
8456027,"restaurant_74","LA","Full-Service Restaurants","Bar or Pub,Late Night,Mexican Food,Wine Bar","221030407081",18
8456028,"restaurant_74","LA","Full-Service Restaurants","Bar or Pub,Late Night,Mexican Food,Wine Bar","221030407052",18
8456029,"restaurant_74","LA","Full-Service Restaurants","Bar or Pub,Late Night,Mexican Food,Wine Bar","221030408021",18
8456030,"restaurant_74","LA","Full-Service Restaurants","Bar or Pub,Late Night,Mexican Food,Wine Bar","221030407101",18
8456031,"restaurant_74","LA","Full-Service Restaurants","Bar or Pub,Late Night,Mexican Food,Wine Bar","221030412021",17
8456032,"restaurant_74","LA","Full-Service Restaurants","Bar or Pub,Late Night,Mexican Food,Wine Bar","221030410032",15
8456033,"restaurant_74","LA","Full-Service Restaurants","Bar or Pub,Late Night,Mexican Food,Wine Bar","221030408011",14
8456034,"restaurant_74","LA","Full-Service Restaurants","Bar or Pub,Late Night,Mexican Food,Wine Bar","221030407012",13
8456035,"restaurant_74","LA","Full-Service Restaurants","Bar or Pub,Late Night,Mexican Food,Wine Bar","221030407041",13
8456036,"restaurant_74","LA","Full-Service Restaurants","Bar or Pub,Late Night,Mexican Food,Wine Bar","221030411021",13
8456037,"restaurant_74","LA","Full-Service Restaurants","Bar or Pub,Late Night,Mexican Food,Wine Bar","221030407051",12
8456038,"restaurant_74","LA","Full-Service Restaurants","Bar or Pub,Late Night,Mexican Food,Wine Bar","221030411024",12
8456039,"restaurant_74","LA","Full-Service Restaurants","Bar or Pub,Late Night,Mexican Food,Wine Bar","221030407042",12
8456040,"restaurant_74","LA","Full-Service Restaurants","Bar or Pub,Late Night,Mexican Food,Wine Bar","221030408023",11
8456041,"restaurant_74","LA","Full-Service Restaurants","Bar or Pub,Late Night,Mexican Food,Wine Bar","221030411041",11
8456042,"restaurant_74","LA","Full-Service Restaurants","Bar or Pub,Late Night,Mexican Food,Wine Bar","221030407082",11
8456043,"restaurant_74","LA","Full-Service Restaurants","Bar or Pub,Late Night,Mexican Food,Wine Bar","281099505014",10
8456044,"restaurant_74","LA","Full-Service Restaurants","Bar or Pub,Late Night,Mexican Food,Wine Bar","221030407053",10
8456045,"restaurant_74","LA","Full-Service Restaurants","Bar or Pub,Late Night,Mexican Food,Wine Bar","221030411022",9
8456046,"restaurant_74","LA","Full-Service Restaurants","Bar or Pub,Late Night,Mexican Food,Wine Bar","221030407091",9
8456047,"restaurant_74","LA","Full-Service Restaurants","Bar or Pub,Late Night,Mexican Food,Wine Bar","281099505022",8
8456048,"restaurant_74","LA","Full-Service Restaurants","Bar or Pub,Late Night,Mexican Food,Wine Bar","221030408035",8
8456049,"restaurant_74","LA","Full-Service Restaurants","Bar or Pub,Late Night,Mexican Food,Wine Bar","221030411031",8
8456050,"restaurant_74","LA","Full-Service Restaurants","Bar or Pub,Late Night,Mexican Food,Wine Bar","221030407103",8
8456051,"restaurant_74","LA","Full-Service Restaurants","Bar or Pub,Late Night,Mexican Food,Wine Bar","221030410023",8
8456052,"restaurant_74","LA","Full-Service Restaurants","Bar or Pub,Late Night,Mexican Food,Wine Bar","221030408033",8
8456053,"restaurant_74","LA","Full-Service Restaurants","Bar or Pub,Late Night,Mexican Food,Wine Bar","221030411042",8
8456054,"restaurant_74","LA","Full-Service Restaurants","Bar or Pub,Late Night,Mexican Food,Wine Bar","221030411023",7
8456055,"restaurant_74","LA","Full-Service Restaurants","Bar or Pub,Late Night,Mexican Food,Wine Bar","221030408022",7
8456056,"restaurant_74","LA","Full-Service Restaurants","Bar or Pub,Late Night,Mexican Food,Wine Bar","221030407092",7
8456057,"restaurant_74","LA","Full-Service Restaurants","Bar or Pub,Late Night,Mexican Food,Wine Bar","221030412044",7
8456058,"restaurant_74","LA","Full-Service Restaurants","Bar or Pub,Late Night,Mexican Food,Wine Bar","221030407043",7
8456059,"restaurant_74","LA","Full-Service Restaurants","Bar or Pub,Late Night,Mexican Food,Wine Bar","221030410043",6
8456060,"restaurant_74","LA","Full-Service Restaurants","Bar or Pub,Late Night,Mexican Food,Wine Bar","220710017511",6
8456061,"restaurant_74","LA","Full-Service Restaurants","Bar or Pub,Late Night,Mexican Food,Wine Bar","221030409001",6
8456062,"restaurant_74","LA","Full-Service Restaurants","Bar or Pub,Late Night,Mexican Food,Wine Bar","221030411012",6
8456063,"restaurant_74","LA","Full-Service Restaurants","Bar or Pub,Late Night,Mexican Food,Wine Bar","221030401025",6
8456064,"restaurant_74","LA","Full-Service Restaurants","Bar or Pub,Late Night,Mexican Food,Wine Bar","221030407065",6
8456065,"restaurant_74","LA","Full-Service Restaurants","Bar or Pub,Late Night,Mexican Food,Wine Bar","221030410022",6
8456066,"restaurant_74","LA","Full-Service Restaurants","Bar or Pub,Late Night,Mexican Food,Wine Bar","221030409003",5
8456067,"restaurant_74","LA","Full-Service Restaurants","Bar or Pub,Late Night,Mexican Food,Wine Bar","280450305003",5
8456068,"restaurant_74","LA","Full-Service Restaurants","Bar or Pub,Late Night,Mexican Food,Wine Bar","221030412072",5
8456069,"restaurant_74","LA","Full-Service Restaurants","Bar or Pub,Late Night,Mexican Food,Wine Bar","221030410021",5
8456070,"restaurant_74","LA","Full-Service Restaurants","Bar or Pub,Late Night,Mexican Food,Wine Bar","220710134003",5
8456071,"restaurant_74","LA","Full-Service Restaurants","Bar or Pub,Late Night,Mexican Food,Wine Bar","221030411025",5
8456072,"restaurant_74","LA","Full-Service Restaurants","Bar or Pub,Late Night,Mexican Food,Wine Bar","221030412121",5
8456073,"restaurant_74","LA","Full-Service Restaurants","Bar or Pub,Late Night,Mexican Food,Wine Bar","221030407102",5
8456074,"restaurant_74","LA","Full-Service Restaurants","Bar or Pub,Late Night,Mexican Food,Wine Bar","221030407063",5
8456075,"restaurant_74","LA","Full-Service Restaurants","Bar or Pub,Late Night,Mexican Food,Wine Bar","221030410042",5
8456076,"restaurant_74","LA","Full-Service Restaurants","Bar or Pub,Late Night,Mexican Food,Wine Bar","280450305002",4
8456077,"restaurant_74","LA","Full-Service Restaurants","Bar or Pub,Late Night,Mexican Food,Wine Bar","221030410034",4
8456078,"restaurant_74","LA","Full-Service Restaurants","Bar or Pub,Late Night,Mexican Food,Wine Bar","221030410041",4
8456079,"restaurant_74","LA","Full-Service Restaurants","Bar or Pub,Late Night,Mexican Food,Wine Bar","221030407061",4
8456080,"restaurant_74","LA","Full-Service Restaurants","Bar or Pub,Late Night,Mexican Food,Wine Bar","281099507002",4
8456081,"restaurant_74","LA","Full-Service Restaurants","Bar or Pub,Late Night,Mexican Food,Wine Bar","221030403034",4
8456082,"restaurant_74","LA","Full-Service Restaurants","Bar or Pub,Late Night,Mexican Food,Wine Bar","221030408031",4
8456083,"restaurant_74","LA","Full-Service Restaurants","Bar or Pub,Late Night,Mexican Food,Wine Bar","221030408032",4
8456084,"restaurant_74","LA","Full-Service Restaurants","Bar or Pub,Late Night,Mexican Food,Wine Bar","220710134002",4
8456085,"restaurant_74","LA","Full-Service Restaurants","Bar or Pub,Late Night,Mexican Food,Wine Bar","221030406042",4
8456086,"restaurant_74","LA","Full-Service Restaurants","Bar or Pub,Late Night,Mexican Food,Wine Bar","281099505021",4
8456087,"restaurant_74","LA","Full-Service Restaurants","Bar or Pub,Late Night,Mexican Food,Wine Bar","221030407011",4
8456088,"restaurant_74","LA","Full-Service Restaurants","Bar or Pub,Late Night,Mexican Food,Wine Bar","221030412041",4
8456089,"restaurant_74","LA","Full-Service Restaurants","Bar or Pub,Late Night,Mexican Food,Wine Bar","221030408012",4
8456090,"restaurant_74","LA","Full-Service Restaurants","Bar or Pub,Late Night,Mexican Food,Wine Bar","130950104012",4
8456091,"restaurant_74","LA","Full-Service Restaurants","Bar or Pub,Late Night,Mexican Food,Wine Bar","221030410031",4
8456092,"restaurant_74","LA","Full-Service Restaurants","Bar or Pub,Late Night,Mexican Food,Wine Bar","221030406053",4
8456093,"restaurant_74","LA","Full-Service Restaurants","Bar or Pub,Late Night,Mexican Food,Wine Bar","221030412022",4
8456094,"restaurant_74","LA","Full-Service Restaurants","Bar or Pub,Late Night,Mexican Food,Wine Bar","481576731011",4
8456095,"restaurant_74","LA","Full-Service Restaurants","Bar or Pub,Late Night,Mexican Food,Wine Bar","280450306022",4
8456096,"restaurant_74","LA","Full-Service Restaurants","Bar or Pub,Late Night,Mexican Food,Wine Bar","221030407062",4
8456097,"restaurant_74","LA","Full-Service Restaurants","Bar or Pub,Late Night,Mexican Food,Wine Bar","280470006003",4
8456098,"restaurant_74","LA","Full-Service Restaurants","Bar or Pub,Late Night,Mexican Food,Wine Bar","221030408024",4
8456099,"restaurant_74","LA","Full-Service Restaurants","Bar or Pub,Late Night,Mexican Food,Wine Bar","480291213002",4
8456100,"restaurant_74","LA","Full-Service Restaurants","Bar or Pub,Late Night,Mexican Food,Wine Bar","220510220011",4
8456101,"restaurant_74","LA","Full-Service Restaurants","Bar or Pub,Late Night,Mexican Food,Wine Bar","220950703001",4
8456102,"restaurant_74","LA","Full-Service Restaurants","Bar or Pub,Late Night,Mexican Food,Wine Bar","221030412112",4
8456103,"restaurant_74","LA","Full-Service Restaurants","Bar or Pub,Late Night,Mexican Food,Wine Bar","220510230031",4
8456104,"restaurant_74","LA","Full-Service Restaurants","Bar or Pub,Late Night,Mexican Food,Wine Bar","281099505013",4
8456105,"restaurant_74","LA","Full-Service Restaurants","Bar or Pub,Late Night,Mexican Food,Wine Bar","221059542001",4
8456106,"restaurant_74","LA","Full-Service Restaurants","Bar or Pub,Late Night,Mexican Food,Wine Bar","281099505023",4
8456107,"restaurant_74","LA","Full-Service Restaurants","Bar or Pub,Late Night,Mexican Food,Wine Bar","280490102021",4
8456108,"restaurant_74","LA","Full-Service Restaurants","Bar or Pub,Late Night,Mexican Food,Wine Bar","221030401023",4
8456109,"restaurant_74","LA","Full-Service Restaurants","Bar or Pub,Late Night,Mexican Food,Wine Bar","220710124001",4
8456110,"restaurant_74","LA","Full-Service Restaurants","Bar or Pub,Late Night,Mexican Food,Wine Bar","281099504011",4
8456111,"restaurant_74","LA","Full-Service Restaurants","Bar or Pub,Late Night,Mexican Food,Wine Bar","280470026001",4
8456112,"restaurant_74","LA","Full-Service Restaurants","Bar or Pub,Late Night,Mexican Food,Wine Bar","220630408042",4
8456113,"restaurant_74","LA","Full-Service Restaurants","Bar or Pub,Late Night,Mexican Food,Wine Bar","281099505011",4
8456114,"restaurant_74","LA","Full-Service Restaurants","Bar or Pub,Late Night,Mexican Food,Wine Bar","120632110001",4
8456115,"restaurant_74","LA","Full-Service Restaurants","Bar or Pub,Late Night,Mexican Food,Wine Bar","220550006025",4
8456116,"restaurant_74","LA","Full-Service Restaurants","Bar or Pub,Late Night,Mexican Food,Wine Bar","221030413003",4
8456117,"restaurant_74","LA","Full-Service Restaurants","Bar or Pub,Late Night,Mexican Food,Wine Bar","221179505003",4
8456118,"restaurant_74","LA","Full-Service Restaurants","Bar or Pub,Late Night,Mexican Food,Wine Bar","221030409002",4
8456119,"restaurant_74","LA","Full-Service Restaurants","Bar or Pub,Late Night,Mexican Food,Wine Bar","280450301004",4
8456120,"restaurant_74","LA","Full-Service Restaurants","Bar or Pub,Late Night,Mexican Food,Wine Bar","221030412102",4
8456121,"restaurant_74","LA","Full-Service Restaurants","Bar or Pub,Late Night,Mexican Food,Wine Bar","482450003101",4
8456122,"restaurant_74","LA","Full-Service Restaurants","Bar or Pub,Late Night,Mexican Food,Wine Bar","483396917001",4
8456123,"restaurant_74","LA","Full-Service Restaurants","Bar or Pub,Late Night,Mexican Food,Wine Bar","220510202012",4
8456124,"restaurant_74","LA","Full-Service Restaurants","Bar or Pub,Late Night,Mexican Food,Wine Bar","221059541011",4
8456125,"restaurant_74","LA","Full-Service Restaurants","Bar or Pub,Late Night,Mexican Food,Wine Bar","220710135001",4
8456126,"restaurant_74","LA","Full-Service Restaurants","Bar or Pub,Late Night,Mexican Food,Wine Bar","280450303002",4
8456127,"restaurant_74","LA","Full-Service Restaurants","Bar or Pub,Late Night,Mexican Food,Wine Bar","221030401022",4
8456128,"restaurant_74","LA","Full-Service Restaurants","Bar or Pub,Late Night,Mexican Food,Wine Bar","221030410033",4
8456129,"restaurant_74","LA","Full-Service Restaurants","Bar or Pub,Late Night,Mexican Food,Wine Bar","221030412101",4
8456130,"restaurant_74","LA","Full-Service Restaurants","Bar or Pub,Late Night,Mexican Food,Wine Bar","120330025001",4
8609075,"restaurant_39","MI","Full-Service Restaurants","Sushi","260992430002",4
8609076,"restaurant_39","MI","Full-Service Restaurants","Sushi","260992238002",4
8609077,"restaurant_39","MI","Full-Service Restaurants","Sushi","260992241001",4
8808094,"restaurant_96","NC","Full-Service Restaurants","Salad,Seafood,Steak House","370710312012",23
8808095,"restaurant_96","NC","Full-Service Restaurants","Salad,Seafood,Steak House","370710323021",16
8808096,"restaurant_96","NC","Full-Service Restaurants","Salad,Seafood,Steak House","370710310032",15
8808097,"restaurant_96","NC","Full-Service Restaurants","Salad,Seafood,Steak House","370710324022",14
8808098,"restaurant_96","NC","Full-Service Restaurants","Salad,Seafood,Steak House","371190060051",13
8808099,"restaurant_96","NC","Full-Service Restaurants","Salad,Seafood,Steak House","370710324021",12
8808100,"restaurant_96","NC","Full-Service Restaurants","Salad,Seafood,Steak House","370710301021",12
8808101,"restaurant_96","NC","Full-Service Restaurants","Salad,Seafood,Steak House","370710311012",10
8808102,"restaurant_96","NC","Full-Service Restaurants","Salad,Seafood,Steak House","370710302042",9
8808103,"restaurant_96","NC","Full-Service Restaurants","Salad,Seafood,Steak House","370710301022",9
8808104,"restaurant_96","NC","Full-Service Restaurants","Salad,Seafood,Steak House","371190060071",8
8808105,"restaurant_96","NC","Full-Service Restaurants","Salad,Seafood,Steak House","370710335004",8
8808106,"restaurant_96","NC","Full-Service Restaurants","Salad,Seafood,Steak House","370710323013",7
8808107,"restaurant_96","NC","Full-Service Restaurants","Salad,Seafood,Steak House","370710321003",7
8808108,"restaurant_96","NC","Full-Service Restaurants","Salad,Seafood,Steak House","370710312022",7
8808109,"restaurant_96","NC","Full-Service Restaurants","Salad,Seafood,Steak House","370710323022",7
8808110,"restaurant_96","NC","Full-Service Restaurants","Salad,Seafood,Steak House","370710311022",7
8808111,"restaurant_96","NC","Full-Service Restaurants","Salad,Seafood,Steak House","370710322003",6
8808112,"restaurant_96","NC","Full-Service Restaurants","Salad,Seafood,Steak House","371199801001",6
8808113,"restaurant_96","NC","Full-Service Restaurants","Salad,Seafood,Steak House","371190059061",6
8808114,"restaurant_96","NC","Full-Service Restaurants","Salad,Seafood,Steak House","370710310042",5
8808115,"restaurant_96","NC","Full-Service Restaurants","Salad,Seafood,Steak House","370710313023",5
8808116,"restaurant_96","NC","Full-Service Restaurants","Salad,Seafood,Steak House","370710323023",5
8808117,"restaurant_96","NC","Full-Service Restaurants","Salad,Seafood,Steak House","370710311021",5
8808118,"restaurant_96","NC","Full-Service Restaurants","Salad,Seafood,Steak House","370710313012",5
8808119,"restaurant_96","NC","Full-Service Restaurants","Salad,Seafood,Steak House","370710302041",4
8808120,"restaurant_96","NC","Full-Service Restaurants","Salad,Seafood,Steak House","370710325082",4
8808121,"restaurant_96","NC","Full-Service Restaurants","Salad,Seafood,Steak House","370710327021",4
8808122,"restaurant_96","NC","Full-Service Restaurants","Salad,Seafood,Steak House","371190060063",4
8808123,"restaurant_96","NC","Full-Service Restaurants","Salad,Seafood,Steak House","370710325022",4
8808124,"restaurant_96","NC","Full-Service Restaurants","Salad,Seafood,Steak House","370710326004",4
8808125,"restaurant_96","NC","Full-Service Restaurants","Salad,Seafood,Steak House","370710333072",4
8808126,"restaurant_96","NC","Full-Service Restaurants","Salad,Seafood,Steak House","370710324014",4
8808127,"restaurant_96","NC","Full-Service Restaurants","Salad,Seafood,Steak House","371190043031",4
8808128,"restaurant_96","NC","Full-Service Restaurants","Salad,Seafood,Steak House","370710310011",4
8808129,"restaurant_96","NC","Full-Service Restaurants","Salad,Seafood,Steak House","371190059122",4
8808130,"restaurant_96","NC","Full-Service Restaurants","Salad,Seafood,Steak House","370710310041",4
8808131,"restaurant_96","NC","Full-Service Restaurants","Salad,Seafood,Steak House","370710312011",4
8808132,"restaurant_96","NC","Full-Service Restaurants","Salad,Seafood,Steak House","371190040004",4
8808133,"restaurant_96","NC","Full-Service Restaurants","Salad,Seafood,Steak House","370710335002",4
8808134,"restaurant_96","NC","Full-Service Restaurants","Salad,Seafood,Steak House","370710335003",4
8808135,"restaurant_96","NC","Full-Service Restaurants","Salad,Seafood,Steak House","370710311011",4
8808136,"restaurant_96","NC","Full-Service Restaurants","Salad,Seafood,Steak House","370710325021",4
8808137,"restaurant_96","NC","Full-Service Restaurants","Salad,Seafood,Steak House","370710309012",4
8808138,"restaurant_96","NC","Full-Service Restaurants","Salad,Seafood,Steak House","370710304012",4
8808139,"restaurant_96","NC","Full-Service Restaurants","Salad,Seafood,Steak House","370710333061",4
8808140,"restaurant_96","NC","Full-Service Restaurants","Salad,Seafood,Steak House","370710316004",4
8808141,"restaurant_96","NC","Full-Service Restaurants","Salad,Seafood,Steak House","370710303012",4
8808142,"restaurant_96","NC","Full-Service Restaurants","Salad,Seafood,Steak House","371190060091",4
8808143,"restaurant_96","NC","Full-Service Restaurants","Salad,Seafood,Steak House","370710310031",4
8808144,"restaurant_96","NC","Full-Service Restaurants","Salad,Seafood,Steak House","370710310013",4
8808145,"restaurant_96","NC","Full-Service Restaurants","Salad,Seafood,Steak House","370710313024",4
8808146,"restaurant_96","NC","Full-Service Restaurants","Salad,Seafood,Steak House","370710323012",4
8808147,"restaurant_96","NC","Full-Service Restaurants","Salad,Seafood,Steak House","370710331001",4
8808148,"restaurant_96","NC","Full-Service Restaurants","Salad,Seafood,Steak House","370710302032",4
8808149,"restaurant_96","NC","Full-Service Restaurants","Salad,Seafood,Steak House","370710325072",4
8808150,"restaurant_96","NC","Full-Service Restaurants","Salad,Seafood,Steak House","371190017024",4
8808151,"restaurant_96","NC","Full-Service Restaurants","Salad,Seafood,Steak House","371190043023",4
8808152,"restaurant_96","NC","Full-Service Restaurants","Salad,Seafood,Steak House","371190059132",4
8808153,"restaurant_96","NC","Full-Service Restaurants","Salad,Seafood,Steak House","371190060073",4
8808154,"restaurant_96","NC","Full-Service Restaurants","Salad,Seafood,Steak House","370710313011",4
8808155,"restaurant_96","NC","Full-Service Restaurants","Salad,Seafood,Steak House","371190056111",4
8808156,"restaurant_96","NC","Full-Service Restaurants","Salad,Seafood,Steak House","450910605012",4
8808157,"restaurant_96","NC","Full-Service Restaurants","Salad,Seafood,Steak House","371190059062",4
8808158,"restaurant_96","NC","Full-Service Restaurants","Salad,Seafood,Steak House","370710333052",4
8808159,"restaurant_96","NC","Full-Service Restaurants","Salad,Seafood,Steak House","370710332032",4
8808160,"restaurant_96","NC","Full-Service Restaurants","Salad,Seafood,Steak House","371190025001",4
8808161,"restaurant_96","NC","Full-Service Restaurants","Salad,Seafood,Steak House","370710333051",4
8808162,"restaurant_96","NC","Full-Service Restaurants","Salad,Seafood,Steak House","371190046001",4
8808163,"restaurant_96","NC","Full-Service Restaurants","Salad,Seafood,Steak House","371790203121",4
8808164,"restaurant_96","NC","Full-Service Restaurants","Salad,Seafood,Steak House","370710325052",4
8808165,"restaurant_96","NC","Full-Service Restaurants","Salad,Seafood,Steak House","370710327043",4
8808166,"restaurant_96","NC","Full-Service Restaurants","Salad,Seafood,Steak House","371190043052",4
8808167,"restaurant_96","NC","Full-Service Restaurants","Salad,Seafood,Steak House","370710310012",4
8808168,"restaurant_96","NC","Full-Service Restaurants","Salad,Seafood,Steak House","371190053062",4
8808169,"restaurant_96","NC","Full-Service Restaurants","Salad,Seafood,Steak House","131131403061",4
8808170,"restaurant_96","NC","Full-Service Restaurants","Salad,Seafood,Steak House","371190061062",4
8808171,"restaurant_96","NC","Full-Service Restaurants","Salad,Seafood,Steak House","371090709022",4
8808172,"restaurant_96","NC","Full-Service Restaurants","Salad,Seafood,Steak House","370710324013",4
8808173,"restaurant_96","NC","Full-Service Restaurants","Salad,Seafood,Steak House","370710324012",4
8808174,"restaurant_96","NC","Full-Service Restaurants","Salad,Seafood,Steak House","371190059063",4
8808175,"restaurant_96","NC","Full-Service Restaurants","Salad,Seafood,Steak House","370710333042",4
8808176,"restaurant_96","NC","Full-Service Restaurants","Salad,Seafood,Steak House","371190060061",4
8808177,"restaurant_96","NC","Full-Service Restaurants","Salad,Seafood,Steak House","371190058241",4
8808178,"restaurant_96","NC","Full-Service Restaurants","Salad,Seafood,Steak House","371190060082",4
8808179,"restaurant_96","NC","Full-Service Restaurants","Salad,Seafood,Steak House","370710302052",4
8808180,"restaurant_96","NC","Full-Service Restaurants","Salad,Seafood,Steak House","120190312004",4
8808181,"restaurant_96","NC","Full-Service Restaurants","Salad,Seafood,Steak House","371190011001",4
8808182,"restaurant_96","NC","Full-Service Restaurants","Salad,Seafood,Steak House","371190061032",4
8808183,"restaurant_96","NC","Full-Service Restaurants","Salad,Seafood,Steak House","370710323011",4
8808184,"restaurant_96","NC","Full-Service Restaurants","Salad,Seafood,Steak House","450910617071",4
9140456,"restaurant_56","AR","Snack and Nonalcoholic Beverage Bars","Bakery,Ice Cream Shop","051430101064",4
9140457,"restaurant_56","AR","Snack and Nonalcoholic Beverage Bars","Bakery,Ice Cream Shop","051430107014",4
9140458,"restaurant_56","AR","Snack and Nonalcoholic Beverage Bars","Bakery,Ice Cream Shop","051430101053",4
9140459,"restaurant_56","AR","Snack and Nonalcoholic Beverage Bars","Bakery,Ice Cream Shop","051430105063",4
9613292,"restaurant_20","SC","Full-Service Restaurants","American Food,Bar or Pub,Chicken Wings,Late Night,Sports Bar","450559709032",35
9613293,"restaurant_20","SC","Full-Service Restaurants","American Food,Bar or Pub,Chicken Wings,Late Night,Sports Bar","450559709042",27
9613294,"restaurant_20","SC","Full-Service Restaurants","American Food,Bar or Pub,Chicken Wings,Late Night,Sports Bar","450559709021",19
9613295,"restaurant_20","SC","Full-Service Restaurants","American Food,Bar or Pub,Chicken Wings,Late Night,Sports Bar","450559709043",10
9613296,"restaurant_20","SC","Full-Service Restaurants","American Food,Bar or Pub,Chicken Wings,Late Night,Sports Bar","450559709041",10
9613297,"restaurant_20","SC","Full-Service Restaurants","American Food,Bar or Pub,Chicken Wings,Late Night,Sports Bar","450559709031",6
9613298,"restaurant_20","SC","Full-Service Restaurants","American Food,Bar or Pub,Chicken Wings,Late Night,Sports Bar","450559704031",5
9613299,"restaurant_20","SC","Full-Service Restaurants","American Food,Bar or Pub,Chicken Wings,Late Night,Sports Bar","450559709051",5
9613300,"restaurant_20","SC","Full-Service Restaurants","American Food,Bar or Pub,Chicken Wings,Late Night,Sports Bar","450790114181",5
9613301,"restaurant_20","SC","Full-Service Restaurants","American Food,Bar or Pub,Chicken Wings,Late Night,Sports Bar","450559704011",5
9613302,"restaurant_20","SC","Full-Service Restaurants","American Food,Bar or Pub,Chicken Wings,Late Night,Sports Bar","450559704022",4
9613303,"restaurant_20","SC","Full-Service Restaurants","American Food,Bar or Pub,Chicken Wings,Late Night,Sports Bar","450559704013",4
9613304,"restaurant_20","SC","Full-Service Restaurants","American Food,Bar or Pub,Chicken Wings,Late Night,Sports Bar","450559705003",4
9613305,"restaurant_20","SC","Full-Service Restaurants","American Food,Bar or Pub,Chicken Wings,Late Night,Sports Bar","450790101041",4
9613306,"restaurant_20","SC","Full-Service Restaurants","American Food,Bar or Pub,Chicken Wings,Late Night,Sports Bar","450790114141",4
9613307,"restaurant_20","SC","Full-Service Restaurants","American Food,Bar or Pub,Chicken Wings,Late Night,Sports Bar","450790114071",4
9613308,"restaurant_20","SC","Full-Service Restaurants","American Food,Bar or Pub,Chicken Wings,Late Night,Sports Bar","450790114142",4
9613309,"restaurant_20","SC","Full-Service Restaurants","American Food,Bar or Pub,Chicken Wings,Late Night,Sports Bar","450790005002",4
9613310,"restaurant_20","SC","Full-Service Restaurants","American Food,Bar or Pub,Chicken Wings,Late Night,Sports Bar","450619201001",4
9613311,"restaurant_20","SC","Full-Service Restaurants","American Food,Bar or Pub,Chicken Wings,Late Night,Sports Bar","450790101033",4
9613312,"restaurant_20","SC","Full-Service Restaurants","American Food,Bar or Pub,Chicken Wings,Late Night,Sports Bar","450790101042",4
9613313,"restaurant_20","SC","Full-Service Restaurants","American Food,Bar or Pub,Chicken Wings,Late Night,Sports Bar","450559709052",4
9613314,"restaurant_20","SC","Full-Service Restaurants","American Food,Bar or Pub,Chicken Wings,Late Night,Sports Bar","450790101021",4
9613315,"restaurant_20","SC","Full-Service Restaurants","American Food,Bar or Pub,Chicken Wings,Late Night,Sports Bar","450790118005",4
9613316,"restaurant_20","SC","Full-Service Restaurants","American Food,Bar or Pub,Chicken Wings,Late Night,Sports Bar","450790114151",4
9651409,"restaurant_41","MO","Full-Service Restaurants","Counter Service,Dinner,Italian Food,Late Night,Lunch,Pizza","291892198003",10
9651410,"restaurant_41","MO","Full-Service Restaurants","Counter Service,Dinner,Italian Food,Late Night,Lunch,Pizza","291892198004",5
9651411,"restaurant_41","MO","Full-Service Restaurants","Counter Service,Dinner,Italian Food,Late Night,Lunch,Pizza","291892197004",4
9651412,"restaurant_41","MO","Full-Service Restaurants","Counter Service,Dinner,Italian Food,Late Night,Lunch,Pizza","291892206013",4
9651413,"restaurant_41","MO","Full-Service Restaurants","Counter Service,Dinner,Italian Food,Late Night,Lunch,Pizza","291892199006",4
9651414,"restaurant_41","MO","Full-Service Restaurants","Counter Service,Dinner,Italian Food,Late Night,Lunch,Pizza","295101023001",4
9651415,"restaurant_41","MO","Full-Service Restaurants","Counter Service,Dinner,Italian Food,Late Night,Lunch,Pizza","291892213013",4
9651416,"restaurant_41","MO","Full-Service Restaurants","Counter Service,Dinner,Italian Food,Late Night,Lunch,Pizza","291892204412",4
9651417,"restaurant_41","MO","Full-Service Restaurants","Counter Service,Dinner,Italian Food,Late Night,Lunch,Pizza","291892206021",4
9651418,"restaurant_41","MO","Full-Service Restaurants","Counter Service,Dinner,Italian Food,Late Night,Lunch,Pizza","291892198001",4
9651419,"restaurant_41","MO","Full-Service Restaurants","Counter Service,Dinner,Italian Food,Late Night,Lunch,Pizza","291892200021",4
9651420,"restaurant_41","MO","Full-Service Restaurants","Counter Service,Dinner,Italian Food,Late Night,Lunch,Pizza","291892200022",4
9651421,"restaurant_41","MO","Full-Service Restaurants","Counter Service,Dinner,Italian Food,Late Night,Lunch,Pizza","291892198005",4
9651422,"restaurant_41","MO","Full-Service Restaurants","Counter Service,Dinner,Italian Food,Late Night,Lunch,Pizza","290997003043",4
9651423,"restaurant_41","MO","Full-Service Restaurants","Counter Service,Dinner,Italian Food,Late Night,Lunch,Pizza","291892199004",4
9809560,"restaurant_37","CA","Full-Service Restaurants","Mexican Food","060730167011",7
9809561,"restaurant_37","CA","Full-Service Restaurants","Mexican Food","060730166073",4
9809562,"restaurant_37","CA","Full-Service Restaurants","Mexican Food","060730165024",4
9809563,"restaurant_37","CA","Full-Service Restaurants","Mexican Food","060730155013",4
9809564,"restaurant_37","CA","Full-Service Restaurants","Mexican Food","060730165031",4
9809565,"restaurant_37","CA","Full-Service Restaurants","Mexican Food","060730166151",4
9809566,"restaurant_37","CA","Full-Service Restaurants","Mexican Food","060730166081",4
9809567,"restaurant_37","CA","Full-Service Restaurants","Mexican Food","060730166072",4
9809568,"restaurant_37","CA","Full-Service Restaurants","Mexican Food","060730169021",4
9809569,"restaurant_37","CA","Full-Service Restaurants","Mexican Food","060730168101",4
9809570,"restaurant_37","CA","Full-Service Restaurants","Mexican Food","060730135042",4
9809571,"restaurant_37","CA","Full-Service Restaurants","Mexican Food","060730166123",4
9972264,"restaurant_63","CA","Full-Service Restaurants","Chinese Food","060374082111",33
9972265,"restaurant_63","CA","Full-Service Restaurants","Chinese Food","060374081411",29
9972266,"restaurant_63","CA","Full-Service Restaurants","Chinese Food","060374082122",26
9972267,"restaurant_63","CA","Full-Service Restaurants","Chinese Food","060374087032",23
9972268,"restaurant_63","CA","Full-Service Restaurants","Chinese Food","060374081371",15
9972269,"restaurant_63","CA","Full-Service Restaurants","Chinese Food","060374087041",14
9972270,"restaurant_63","CA","Full-Service Restaurants","Chinese Food","060374034083",14
9972271,"restaurant_63","CA","Full-Service Restaurants","Chinese Food","060374082113",14
9972272,"restaurant_63","CA","Full-Service Restaurants","Chinese Food","060374080061",14
9972273,"restaurant_63","CA","Full-Service Restaurants","Chinese Food","060374034013",14
9972274,"restaurant_63","CA","Full-Service Restaurants","Chinese Food","060374081351",14
9972275,"restaurant_63","CA","Full-Service Restaurants","Chinese Food","060374081341",13
9972276,"restaurant_63","CA","Full-Service Restaurants","Chinese Food","060374081362",13
9972277,"restaurant_63","CA","Full-Service Restaurants","Chinese Food","060374087052",11
9972278,"restaurant_63","CA","Full-Service Restaurants","Chinese Food","060374081372",11
9972279,"restaurant_63","CA","Full-Service Restaurants","Chinese Food","060374034011",11
9972280,"restaurant_63","CA","Full-Service Restaurants","Chinese Food","060374081361",10
9972281,"restaurant_63","CA","Full-Service Restaurants","Chinese Food","060374033031",10
9972282,"restaurant_63","CA","Full-Service Restaurants","Chinese Food","060374087222",10
9972283,"restaurant_63","CA","Full-Service Restaurants","Chinese Food","060374033051",9
9972284,"restaurant_63","CA","Full-Service Restaurants","Chinese Food","060374082121",8
9972285,"restaurant_63","CA","Full-Service Restaurants","Chinese Food","060374082112",8
9972286,"restaurant_63","CA","Full-Service Restaurants","Chinese Food","320030067001",8
9972287,"restaurant_63","CA","Full-Service Restaurants","Chinese Food","060374081401",8
9972288,"restaurant_63","CA","Full-Service Restaurants","Chinese Food","060374081333",8
9972289,"restaurant_63","CA","Full-Service Restaurants","Chinese Food","060374033202",7
9972290,"restaurant_63","CA","Full-Service Restaurants","Chinese Food","060374034061",7
9972291,"restaurant_63","CA","Full-Service Restaurants","Chinese Food","060374081392",7
9972292,"restaurant_63","CA","Full-Service Restaurants","Chinese Food","060374034012",7
9972293,"restaurant_63","CA","Full-Service Restaurants","Chinese Food","060374087242",7
9972294,"restaurant_63","CA","Full-Service Restaurants","Chinese Food","060374087231",7
9972295,"restaurant_63","CA","Full-Service Restaurants","Chinese Food","060374087053",6
9972296,"restaurant_63","CA","Full-Service Restaurants","Chinese Food","060374034021",6
9972297,"restaurant_63","CA","Full-Service Restaurants","Chinese Food","060374033122",6
9972298,"restaurant_63","CA","Full-Service Restaurants","Chinese Food","060710019031",6
9972299,"restaurant_63","CA","Full-Service Restaurants","Chinese Food","060374087031",6
9972300,"restaurant_63","CA","Full-Service Restaurants","Chinese Food","060374034032",5
9972301,"restaurant_63","CA","Full-Service Restaurants","Chinese Food","060650406092",5
9972302,"restaurant_63","CA","Full-Service Restaurants","Chinese Food","060374033042",5
9972303,"restaurant_63","CA","Full-Service Restaurants","Chinese Food","060374087221",5
9972304,"restaurant_63","CA","Full-Service Restaurants","Chinese Food","060374033211",5
9972305,"restaurant_63","CA","Full-Service Restaurants","Chinese Food","060374034084",5
9972306,"restaurant_63","CA","Full-Service Restaurants","Chinese Food","060374034031",5
9972307,"restaurant_63","CA","Full-Service Restaurants","Chinese Food","060374081352",5
9972308,"restaurant_63","CA","Full-Service Restaurants","Chinese Food","060650420041",4
9972309,"restaurant_63","CA","Full-Service Restaurants","Chinese Food","060374077011",4
9972310,"restaurant_63","CA","Full-Service Restaurants","Chinese Food","060374087051",4
9972311,"restaurant_63","CA","Full-Service Restaurants","Chinese Food","060374086272",4
9972312,"restaurant_63","CA","Full-Service Restaurants","Chinese Food","060374086282",4
9972313,"restaurant_63","CA","Full-Service Restaurants","Chinese Food","060710023042",4
9972314,"restaurant_63","CA","Full-Service Restaurants","Chinese Food","060374086291",4
9972315,"restaurant_63","CA","Full-Service Restaurants","Chinese Food","060374033222",4
9972316,"restaurant_63","CA","Full-Service Restaurants","Chinese Food","060374082022",4
9972317,"restaurant_63","CA","Full-Service Restaurants","Chinese Food","060710021091",4
9972318,"restaurant_63","CA","Full-Service Restaurants","Chinese Food","060374008001",4
9972319,"restaurant_63","CA","Full-Service Restaurants","Chinese Food","060590755151",4
9972320,"restaurant_63","CA","Full-Service Restaurants","Chinese Food","060374086311",4
9972321,"restaurant_63","CA","Full-Service Restaurants","Chinese Food","060374066013",4
9972322,"restaurant_63","CA","Full-Service Restaurants","Chinese Food","060374034042",4
9972323,"restaurant_63","CA","Full-Service Restaurants","Chinese Food","060374033231",4
9972324,"restaurant_63","CA","Full-Service Restaurants","Chinese Food","060590218144",4
9972325,"restaurant_63","CA","Full-Service Restaurants","Chinese Food","060374058001",4
9972326,"restaurant_63","CA","Full-Service Restaurants","Chinese Food","060374084022",4
9972327,"restaurant_63","CA","Full-Service Restaurants","Chinese Food","060374307211",4
9972328,"restaurant_63","CA","Full-Service Restaurants","Chinese Food","060374087241",4
9972329,"restaurant_63","CA","Full-Service Restaurants","Chinese Food","060379800281",4
9972330,"restaurant_63","CA","Full-Service Restaurants","Chinese Food","060374079001",4
9972331,"restaurant_63","CA","Full-Service Restaurants","Chinese Food","060374034022",4
9972332,"restaurant_63","CA","Full-Service Restaurants","Chinese Food","060374033041",4
9972333,"restaurant_63","CA","Full-Service Restaurants","Chinese Food","060374034051",4
9972334,"restaurant_63","CA","Full-Service Restaurants","Chinese Food","060374034081",4
9972335,"restaurant_63","CA","Full-Service Restaurants","Chinese Food","060374033252",4
9972336,"restaurant_63","CA","Full-Service Restaurants","Chinese Food","060374034071",4
9972337,"restaurant_63","CA","Full-Service Restaurants","Chinese Food","060374033233",4
9972338,"restaurant_63","CA","Full-Service Restaurants","Chinese Food","060374064023",4
9972339,"restaurant_63","CA","Full-Service Restaurants","Chinese Food","060374034033",4
9972340,"restaurant_63","CA","Full-Service Restaurants","Chinese Food","060374034041",4
9972341,"restaurant_63","CA","Full-Service Restaurants","Chinese Food","060374034082",4
9972342,"restaurant_63","CA","Full-Service Restaurants","Chinese Food","060374033163",4
9972343,"restaurant_63","CA","Full-Service Restaurants","Chinese Food","060710021101",4
9972344,"restaurant_63","CA","Full-Service Restaurants","Chinese Food","060374084012",4
9972345,"restaurant_63","CA","Full-Service Restaurants","Chinese Food","060374017031",4
9972346,"restaurant_63","CA","Full-Service Restaurants","Chinese Food","060650406071",4
9972347,"restaurant_63","CA","Full-Service Restaurants","Chinese Food","060710001152",4
9972348,"restaurant_63","CA","Full-Service Restaurants","Chinese Food","060374067013",4
9972349,"restaurant_63","CA","Full-Service Restaurants","Chinese Food","060375002013",4
9972350,"restaurant_63","CA","Full-Service Restaurants","Chinese Food","060374033192",4
9972351,"restaurant_63","CA","Full-Service Restaurants","Chinese Food","060375028022",4
9972352,"restaurant_63","CA","Full-Service Restaurants","Chinese Food","060374078012",4
9972353,"restaurant_63","CA","Full-Service Restaurants","Chinese Food","060374033183",4
9972354,"restaurant_63","CA","Full-Service Restaurants","Chinese Food","060710001181",4
9972355,"restaurant_63","CA","Full-Service Restaurants","Chinese Food","060374085042",4
9972356,"restaurant_63","CA","Full-Service Restaurants","Chinese Food","060374081391",4
9972357,"restaurant_63","CA","Full-Service Restaurants","Chinese Food","060374033201",4
9972358,"restaurant_63","CA","Full-Service Restaurants","Chinese Food","060374063001",4
9972359,"restaurant_63","CA","Full-Service Restaurants","Chinese Food","060374086261",4
9972360,"restaurant_63","CA","Full-Service Restaurants","Chinese Food","060599800001",4
9972361,"restaurant_63","CA","Full-Service Restaurants","Chinese Food","060650406161",4
9972362,"restaurant_63","CA","Full-Service Restaurants","Chinese Food","060374086292",4
9972363,"restaurant_63","CA","Full-Service Restaurants","Chinese Food","060650419101",4
9972364,"restaurant_63","CA","Full-Service Restaurants","Chinese Food","060374067022",4
9972365,"restaurant_63","CA","Full-Service Restaurants","Chinese Food","060374024024",4
9972366,"restaurant_63","CA","Full-Service Restaurants","Chinese Food","060650406133",4
9972367,"restaurant_63","CA","Full-Service Restaurants","Chinese Food","060375318002",4
9972368,"restaurant_63","CA","Full-Service Restaurants","Chinese Food","060374032001",4
9972369,"restaurant_63","CA","Full-Service Restaurants","Chinese Food","060650419093",4
9972370,"restaurant_63","CA","Full-Service Restaurants","Chinese Food","060374067024",4
9972371,"restaurant_63","CA","Full-Service Restaurants","Chinese Food","060730191061",4
9972372,"restaurant_63","CA","Full-Service Restaurants","Chinese Food","060590218142",4
9972373,"restaurant_63","CA","Full-Service Restaurants","Chinese Food","060374052031",4
9972374,"restaurant_63","CA","Full-Service Restaurants","Chinese Food","060710013111",4
9972375,"restaurant_63","CA","Full-Service Restaurants","Chinese Food","060374070021",4
9972376,"restaurant_63","CA","Full-Service Restaurants","Chinese Food","060374081402",4
9972377,"restaurant_63","CA","Full-Service Restaurants","Chinese Food","060374080053",4
9972378,"restaurant_63","CA","Full-Service Restaurants","Chinese Food","060650406153",4
9972379,"restaurant_63","CA","Full-Service Restaurants","Chinese Food","060374047032",4
9972380,"restaurant_63","CA","Full-Service Restaurants","Chinese Food","060590218151",4
9972381,"restaurant_63","CA","Full-Service Restaurants","Chinese Food","060374075013",4
9972382,"restaurant_63","CA","Full-Service Restaurants","Chinese Food","060710001132",4
9972383,"restaurant_63","CA","Full-Service Restaurants","Chinese Food","060710001134",4
9972384,"restaurant_63","CA","Full-Service Restaurants","Chinese Food","060374085011",4
9972385,"restaurant_63","CA","Full-Service Restaurants","Chinese Food","060374029041",4
9972386,"restaurant_63","CA","Full-Service Restaurants","Chinese Food","060374076012",4
9972387,"restaurant_63","CA","Full-Service Restaurants","Chinese Food","060590017061",4
9972388,"restaurant_63","CA","Full-Service Restaurants","Chinese Food","060374081412",4
9972389,"restaurant_63","CA","Full-Service Restaurants","Chinese Food","060374086271",4
9972390,"restaurant_63","CA","Full-Service Restaurants","Chinese Food","060590015043",4
9972391,"restaurant_63","CA","Full-Service Restaurants","Chinese Food","060710018042",4
9972392,"restaurant_63","CA","Full-Service Restaurants","Chinese Food","060374085033",4
9972393,"restaurant_63","CA","Full-Service Restaurants","Chinese Food","060374086241",4
9972394,"restaurant_63","CA","Full-Service Restaurants","Chinese Food","060590117162",4
9972395,"restaurant_63","CA","Full-Service Restaurants","Chinese Food","060374080041",4
9972396,"restaurant_63","CA","Full-Service Restaurants","Chinese Food","060374033161",4
9972397,"restaurant_63","CA","Full-Service Restaurants","Chinese Food","060374033213",4
9972398,"restaurant_63","CA","Full-Service Restaurants","Chinese Food","060650432542",4
9972399,"restaurant_63","CA","Full-Service Restaurants","Chinese Food","060374033243",4
9972400,"restaurant_63","CA","Full-Service Restaurants","Chinese Food","060374036001",4
9972401,"restaurant_63","CA","Full-Service Restaurants","Chinese Food","060374812013",4
9972402,"restaurant_63","CA","Full-Service Restaurants","Chinese Food","060374003043",4
9972403,"restaurant_63","CA","Full-Service Restaurants","Chinese Food","060710001162",4
9972404,"restaurant_63","CA","Full-Service Restaurants","Chinese Food","060650406072",4
9972405,"restaurant_63","CA","Full-Service Restaurants","Chinese Food","320030011002",4
9972406,"restaurant_63","CA","Full-Service Restaurants","Chinese Food","060374033182",4
9972407,"restaurant_63","CA","Full-Service Restaurants","Chinese Food","060650408212",4
9972408,"restaurant_63","CA","Full-Service Restaurants","Chinese Food","060374033212",4
9972409,"restaurant_63","CA","Full-Service Restaurants","Chinese Food","060816023001",4
9972410,"restaurant_63","CA","Full-Service Restaurants","Chinese Food","060375002011",4
9972411,"restaurant_63","CA","Full-Service Restaurants","Chinese Food","060374066022",4
9972412,"restaurant_63","CA","Full-Service Restaurants","Chinese Food","060374034085",4
9972413,"restaurant_63","CA","Full-Service Restaurants","Chinese Food","060371913022",4
9972414,"restaurant_63","CA","Full-Service Restaurants","Chinese Food","060375037031",4
9972415,"restaurant_63","CA","Full-Service Restaurants","Chinese Food","060710001033",4
9972416,"restaurant_63","CA","Full-Service Restaurants","Chinese Food","060710017031",4
9972417,"restaurant_63","CA","Full-Service Restaurants","Chinese Food","060374077022",4
9972418,"restaurant_63","CA","Full-Service Restaurants","Chinese Food","060590525144",4
9972419,"restaurant_63","CA","Full-Service Restaurants","Chinese Food","060710017063",4
9972420,"restaurant_63","CA","Full-Service Restaurants","Chinese Food","060374817121",4
9972421,"restaurant_63","CA","Full-Service Restaurants","Chinese Food","060374033221",4
9972422,"restaurant_63","CA","Full-Service Restaurants","Chinese Food","060372132022",4
9972423,"restaurant_63","CA","Full-Service Restaurants","Chinese Food","060650406151",4
9972424,"restaurant_63","CA","Full-Service Restaurants","Chinese Food","060374033232",4
9972425,"restaurant_63","CA","Full-Service Restaurants","Chinese Food","060375320011",4
9972426,"restaurant_63","CA","Full-Service Restaurants","Chinese Food","060590117141",4
9972427,"restaurant_63","CA","Full-Service Restaurants","Chinese Food","060374063002",4
9972428,"restaurant_63","CA","Full-Service Restaurants","Chinese Food","060710001173",4
9972429,"restaurant_63","CA","Full-Service Restaurants","Chinese Food","060710019061",4
9972430,"restaurant_63","CA","Full-Service Restaurants","Chinese Food","060374068002",4
9972431,"restaurant_63","CA","Full-Service Restaurants","Chinese Food","060590117112",4
9972432,"restaurant_63","CA","Full-Service Restaurants","Chinese Food","060710122001",4
9972433,"restaurant_63","CA","Full-Service Restaurants","Chinese Food","060374086312",4
9972434,"restaurant_63","CA","Full-Service Restaurants","Chinese Food","060372077101",4
9972435,"restaurant_63","CA","Full-Service Restaurants","Chinese Food","060374080032",4
9972436,"restaurant_63","CA","Full-Service Restaurants","Chinese Food","060710003042",4
9972437,"restaurant_63","CA","Full-Service Restaurants","Chinese Food","060710018031",4
10193168,"restaurant_58","TN","Full-Service Restaurants","Brunch","470370195001",293
10193169,"restaurant_58","TN","Full-Service Restaurants","Brunch","470370195004",91
10193170,"restaurant_58","TN","Full-Service Restaurants","Brunch","470370153004",63
10193171,"restaurant_58","TN","Full-Service Restaurants","Brunch","470370195002",52
10193172,"restaurant_58","TN","Full-Service Restaurants","Brunch","470370195003",40
10193173,"restaurant_58","TN","Full-Service Restaurants","Brunch","470370191141",31
10193174,"restaurant_58","TN","Full-Service Restaurants","Brunch","471890309012",30
10193175,"restaurant_58","TN","Full-Service Restaurants","Brunch","471870503071",29
10193176,"restaurant_58","TN","Full-Service Restaurants","Brunch","470370193001",24
10193177,"restaurant_58","TN","Full-Service Restaurants","Brunch","470370165001",22
10193178,"restaurant_58","TN","Full-Service Restaurants","Brunch","470370194002",20
10193179,"restaurant_58","TN","Full-Service Restaurants","Brunch","471870502081",20
10193180,"restaurant_58","TN","Full-Service Restaurants","Brunch","471490402001",19
10193181,"restaurant_58","TN","Full-Service Restaurants","Brunch","470370196002",17
10193182,"restaurant_58","TN","Full-Service Restaurants","Brunch","471490409031",17
10193183,"restaurant_58","TN","Full-Service Restaurants","Brunch","471870512024",15
10193184,"restaurant_58","TN","Full-Service Restaurants","Brunch","471870501021",14
10193185,"restaurant_58","TN","Full-Service Restaurants","Brunch","471650210081",14
10193186,"restaurant_58","TN","Full-Service Restaurants","Brunch","470370165004",14
10193187,"restaurant_58","TN","Full-Service Restaurants","Brunch","471870502041",13
10193188,"restaurant_58","TN","Full-Service Restaurants","Brunch","470370151004",13
10193189,"restaurant_58","TN","Full-Service Restaurants","Brunch","470370156222",13
10193190,"restaurant_58","TN","Full-Service Restaurants","Brunch","470370154013",13
10193191,"restaurant_58","TN","Full-Service Restaurants","Brunch","470370185003",12
10193192,"restaurant_58","TN","Full-Service Restaurants","Brunch","470370159002",12
10193193,"restaurant_58","TN","Full-Service Restaurants","Brunch","470370166001",12
10193194,"restaurant_58","TN","Full-Service Restaurants","Brunch","470370156122",12
10193195,"restaurant_58","TN","Full-Service Restaurants","Brunch","470370191151",12
10193196,"restaurant_58","TN","Full-Service Restaurants","Brunch","471870504041",12
10193197,"restaurant_58","TN","Full-Service Restaurants","Brunch","470370191161",12
10193198,"restaurant_58","TN","Full-Service Restaurants","Brunch","470370191121",11
10193199,"restaurant_58","TN","Full-Service Restaurants","Brunch","471190102021",11
10193200,"restaurant_58","TN","Full-Service Restaurants","Brunch","471870509051",11
10193201,"restaurant_58","TN","Full-Service Restaurants","Brunch","470370156092",11
10193202,"restaurant_58","TN","Full-Service Restaurants","Brunch","470370156302",11
10193203,"restaurant_58","TN","Full-Service Restaurants","Brunch","471870501012",11
10193204,"restaurant_58","TN","Full-Service Restaurants","Brunch","471490423001",11
10193205,"restaurant_58","TN","Full-Service Restaurants","Brunch","471870507021",11
10193206,"restaurant_58","TN","Full-Service Restaurants","Brunch","470370156241",11
10193207,"restaurant_58","TN","Full-Service Restaurants","Brunch","471870503051",11
10193208,"restaurant_58","TN","Full-Service Restaurants","Brunch","470370179014",11
10193209,"restaurant_58","TN","Full-Service Restaurants","Brunch","470370156203",11
10193210,"restaurant_58","TN","Full-Service Restaurants","Brunch","471870503041",10
10193211,"restaurant_58","TN","Full-Service Restaurants","Brunch","470370151003",10
10193212,"restaurant_58","TN","Full-Service Restaurants","Brunch","471490401031",10
10193213,"restaurant_58","TN","Full-Service Restaurants","Brunch","470370159001",10
10193214,"restaurant_58","TN","Full-Service Restaurants","Brunch","470370156231",10
10193215,"restaurant_58","TN","Full-Service Restaurants","Brunch","470370156251",10
10193216,"restaurant_58","TN","Full-Service Restaurants","Brunch","470370190063",10
10193217,"restaurant_58","TN","Full-Service Restaurants","Brunch","470370191171",10
10193218,"restaurant_58","TN","Full-Service Restaurants","Brunch","471890302032",10
10193219,"restaurant_58","TN","Full-Service Restaurants","Brunch","471490407011",10
10193220,"restaurant_58","TN","Full-Service Restaurants","Brunch","470370182023",9
10193221,"restaurant_58","TN","Full-Service Restaurants","Brunch","470370137001",9
10193222,"restaurant_58","TN","Full-Service Restaurants","Brunch","470370164002",9
10193223,"restaurant_58","TN","Full-Service Restaurants","Brunch","471490409051",9
10193224,"restaurant_58","TN","Full-Service Restaurants","Brunch","470370155011",9
10193225,"restaurant_58","TN","Full-Service Restaurants","Brunch","470370156311",9
10193226,"restaurant_58","TN","Full-Service Restaurants","Brunch","470930001001",9
10193227,"restaurant_58","TN","Full-Service Restaurants","Brunch","470370161001",9
10193228,"restaurant_58","TN","Full-Service Restaurants","Brunch","471870502051",9
10193229,"restaurant_58","TN","Full-Service Restaurants","Brunch","471890303073",9
10193230,"restaurant_58","TN","Full-Service Restaurants","Brunch","470370156242",9
10193231,"restaurant_58","TN","Full-Service Restaurants","Brunch","471490409022",9
10193232,"restaurant_58","TN","Full-Service Restaurants","Brunch","470370104013",9
10193233,"restaurant_58","TN","Full-Service Restaurants","Brunch","470370156292",9
10193234,"restaurant_58","TN","Full-Service Restaurants","Brunch","470370156262",9
10193235,"restaurant_58","TN","Full-Service Restaurants","Brunch","471890303081",9
10193236,"restaurant_58","TN","Full-Service Restaurants","Brunch","470370156102",9
10193237,"restaurant_58","TN","Full-Service Restaurants","Brunch","471490409021",9
10193238,"restaurant_58","TN","Full-Service Restaurants","Brunch","470370156232",9
10193239,"restaurant_58","TN","Full-Service Restaurants","Brunch","470370189052",9
10193240,"restaurant_58","TN","Full-Service Restaurants","Brunch","470370154024",8
10193241,"restaurant_58","TN","Full-Service Restaurants","Brunch","471490408071",8
10193242,"restaurant_58","TN","Full-Service Restaurants","Brunch","470370174021",8
10193243,"restaurant_58","TN","Full-Service Restaurants","Brunch","470370153002",8
10193244,"restaurant_58","TN","Full-Service Restaurants","Brunch","471890303072",8
10193245,"restaurant_58","TN","Full-Service Restaurants","Brunch","470370170003",8
10193246,"restaurant_58","TN","Full-Service Restaurants","Brunch","470370194001",8
10193247,"restaurant_58","TN","Full-Service Restaurants","Brunch","471490408051",8
10193248,"restaurant_58","TN","Full-Service Restaurants","Brunch","470430604022",8
10193249,"restaurant_58","TN","Full-Service Restaurants","Brunch","471490409011",8
10193250,"restaurant_58","TN","Full-Service Restaurants","Brunch","471870504061",8
10193251,"restaurant_58","TN","Full-Service Restaurants","Brunch","470370156131",8
10193252,"restaurant_58","TN","Full-Service Restaurants","Brunch","470370163001",8
10193253,"restaurant_58","TN","Full-Service Restaurants","Brunch","470370109032",8
10193254,"restaurant_58","TN","Full-Service Restaurants","Brunch","471490401021",8
10193255,"restaurant_58","TN","Full-Service Restaurants","Brunch","470370156282",8
10193256,"restaurant_58","TN","Full-Service Restaurants","Brunch","471890303042",8
10193257,"restaurant_58","TN","Full-Service Restaurants","Brunch","470370192002",7
10193258,"restaurant_58","TN","Full-Service Restaurants","Brunch","471650205021",7
10193259,"restaurant_58","TN","Full-Service Restaurants","Brunch","471490408081",7
10193260,"restaurant_58","TN","Full-Service Restaurants","Brunch","470370156202",7
10193261,"restaurant_58","TN","Full-Service Restaurants","Brunch","471650210022",7
10193262,"restaurant_58","TN","Full-Service Restaurants","Brunch","471490407021",7
10193263,"restaurant_58","TN","Full-Service Restaurants","Brunch","471470807002",7
10193264,"restaurant_58","TN","Full-Service Restaurants","Brunch","471650211073",7
10193265,"restaurant_58","TN","Full-Service Restaurants","Brunch","471870512023",7
10193266,"restaurant_58","TN","Full-Service Restaurants","Brunch","471870502033",7
10193267,"restaurant_58","TN","Full-Service Restaurants","Brunch","470370154051",7
10193268,"restaurant_58","TN","Full-Service Restaurants","Brunch","471890302042",7
10193269,"restaurant_58","TN","Full-Service Restaurants","Brunch","481130100001",7
10193270,"restaurant_58","TN","Full-Service Restaurants","Brunch","471890303043",7
10193271,"restaurant_58","TN","Full-Service Restaurants","Brunch","470370117005",7
10193272,"restaurant_58","TN","Full-Service Restaurants","Brunch","470370158024",7
10193273,"restaurant_58","TN","Full-Service Restaurants","Brunch","471490401041",7
10193274,"restaurant_58","TN","Full-Service Restaurants","Brunch","471890309013",7
10193275,"restaurant_58","TN","Full-Service Restaurants","Brunch","470370156312",7
10193276,"restaurant_58","TN","Full-Service Restaurants","Brunch","471650205011",7
10193277,"restaurant_58","TN","Full-Service Restaurants","Brunch","471490409053",7
10193278,"restaurant_58","TN","Full-Service Restaurants","Brunch","471650211061",7
10193279,"restaurant_58","TN","Full-Service Restaurants","Brunch","470370174025",7
10193280,"restaurant_58","TN","Full-Service Restaurants","Brunch","470370188042",7
10193281,"restaurant_58","TN","Full-Service Restaurants","Brunch","470370137004",7
10193282,"restaurant_58","TN","Full-Service Restaurants","Brunch","471870501011",7
10193283,"restaurant_58","TN","Full-Service Restaurants","Brunch","470370167001",7
10193284,"restaurant_58","TN","Full-Service Restaurants","Brunch","470370188041",6
10193285,"restaurant_58","TN","Full-Service Restaurants","Brunch","470210701042",6
10193286,"restaurant_58","TN","Full-Service Restaurants","Brunch","470370181013",6
10193287,"restaurant_58","TN","Full-Service Restaurants","Brunch","470370156101",6
10193288,"restaurant_58","TN","Full-Service Restaurants","Brunch","471870502071",6
10193289,"restaurant_58","TN","Full-Service Restaurants","Brunch","470370196001",6
10193290,"restaurant_58","TN","Full-Service Restaurants","Brunch","470370158023",6
10193291,"restaurant_58","TN","Full-Service Restaurants","Brunch","471890309042",6
10193292,"restaurant_58","TN","Full-Service Restaurants","Brunch","470370144001",6
10193293,"restaurant_58","TN","Full-Service Restaurants","Brunch","471490401011",6
10193294,"restaurant_58","TN","Full-Service Restaurants","Brunch","470370193003",6
10193295,"restaurant_58","TN","Full-Service Restaurants","Brunch","470370105023",6
10193296,"restaurant_58","TN","Full-Service Restaurants","Brunch","471870503032",6
10193297,"restaurant_58","TN","Full-Service Restaurants","Brunch","471890303032",6
10193298,"restaurant_58","TN","Full-Service Restaurants","Brunch","470370104011",6
10193299,"restaurant_58","TN","Full-Service Restaurants","Brunch","470370156193",6
10193300,"restaurant_58","TN","Full-Service Restaurants","Brunch","471490413022",6
10193301,"restaurant_58","TN","Full-Service Restaurants","Brunch","471870502061",6
10193302,"restaurant_58","TN","Full-Service Restaurants","Brunch","470370155021",6
10193303,"restaurant_58","TN","Full-Service Restaurants","Brunch","470370175003",6
10193304,"restaurant_58","TN","Full-Service Restaurants","Brunch","471251019031",6
10193305,"restaurant_58","TN","Full-Service Restaurants","Brunch","470370155022",6
10193306,"restaurant_58","TN","Full-Service Restaurants","Brunch","471650205012",6
10193307,"restaurant_58","TN","Full-Service Restaurants","Brunch","470370192001",6
10193308,"restaurant_58","TN","Full-Service Restaurants","Brunch","470370156093",6
10193309,"restaurant_58","TN","Full-Service Restaurants","Brunch","470370181012",6
10193310,"restaurant_58","TN","Full-Service Restaurants","Brunch","471890303054",6
10193311,"restaurant_58","TN","Full-Service Restaurants","Brunch","470370103031",6
10193312,"restaurant_58","TN","Full-Service Restaurants","Brunch","471190102012",6
10193313,"restaurant_58","TN","Full-Service Restaurants","Brunch","470370156103",6
10193314,"restaurant_58","TN","Full-Service Restaurants","Brunch","471490410002",6
10193315,"restaurant_58","TN","Full-Service Restaurants","Brunch","470370182022",6
10193316,"restaurant_58","TN","Full-Service Restaurants","Brunch","471490414032",6
10193317,"restaurant_58","TN","Full-Service Restaurants","Brunch","470370106011",6
10193318,"restaurant_58","TN","Full-Service Restaurants","Brunch","470370156252",6
10193319,"restaurant_58","TN","Full-Service Restaurants","Brunch","470370148003",6
10193320,"restaurant_58","TN","Full-Service Restaurants","Brunch","471490403081",6
10193321,"restaurant_58","TN","Full-Service Restaurants","Brunch","471870506021",6
10193322,"restaurant_58","TN","Full-Service Restaurants","Brunch","471650211052",6
10193323,"restaurant_58","TN","Full-Service Restaurants","Brunch","471251013033",6
10193324,"restaurant_58","TN","Full-Service Restaurants","Brunch","470370154012",6
10193325,"restaurant_58","TN","Full-Service Restaurants","Brunch","470370103032",6
10193326,"restaurant_58","TN","Full-Service Restaurants","Brunch","471890309031",6
10193327,"restaurant_58","TN","Full-Service Restaurants","Brunch","470370156281",6
10193328,"restaurant_58","TN","Full-Service Restaurants","Brunch","470370191061",6
10193329,"restaurant_58","TN","Full-Service Restaurants","Brunch","470370156313",5
10193330,"restaurant_58","TN","Full-Service Restaurants","Brunch","471890303033",5
10193331,"restaurant_58","TN","Full-Service Restaurants","Brunch","470370183013",5
10193332,"restaurant_58","TN","Full-Service Restaurants","Brunch","470370187002",5
10193333,"restaurant_58","TN","Full-Service Restaurants","Brunch","471650208001",5
10193334,"restaurant_58","TN","Full-Service Restaurants","Brunch","470650031001",5
10193335,"restaurant_58","TN","Full-Service Restaurants","Brunch","471490422002",5
10193336,"restaurant_58","TN","Full-Service Restaurants","Brunch","470370188032",5
10193337,"restaurant_58","TN","Full-Service Restaurants","Brunch","470370113004",5
10193338,"restaurant_58","TN","Full-Service Restaurants","Brunch","471650210023",5
10193339,"restaurant_58","TN","Full-Service Restaurants","Brunch","470370158041",5
10193340,"restaurant_58","TN","Full-Service Restaurants","Brunch","470370184081",5
10193341,"restaurant_58","TN","Full-Service Restaurants","Brunch","470370162002",5
10193342,"restaurant_58","TN","Full-Service Restaurants","Brunch","470370190031",5
10193343,"restaurant_58","TN","Full-Service Restaurants","Brunch","471470805001",5
10193344,"restaurant_58","TN","Full-Service Restaurants","Brunch","471650210052",5
10193345,"restaurant_58","TN","Full-Service Restaurants","Brunch","471490401042",5
10193346,"restaurant_58","TN","Full-Service Restaurants","Brunch","471490422003",5
10193347,"restaurant_58","TN","Full-Service Restaurants","Brunch","471490408064",5
10193348,"restaurant_58","TN","Full-Service Restaurants","Brunch","471251020061",5
10193349,"restaurant_58","TN","Full-Service Restaurants","Brunch","471490403024",5
10193350,"restaurant_58","TN","Full-Service Restaurants","Brunch","470370122001",5
10193351,"restaurant_58","TN","Full-Service Restaurants","Brunch","470370174011",5
10193352,"restaurant_58","TN","Full-Service Restaurants","Brunch","470370128021",5
10193353,"restaurant_58","TN","Full-Service Restaurants","Brunch","470370156123",5
10193354,"restaurant_58","TN","Full-Service Restaurants","Brunch","471870507011",5
10193355,"restaurant_58","TN","Full-Service Restaurants","Brunch","470370190061",5
10193356,"restaurant_58","TN","Full-Service Restaurants","Brunch","471490403082",5
10193357,"restaurant_58","TN","Full-Service Restaurants","Brunch","470370171001",5
10193358,"restaurant_58","TN","Full-Service Restaurants","Brunch","471870509081",5
10193359,"restaurant_58","TN","Full-Service Restaurants","Brunch","470370156221",5
10193360,"restaurant_58","TN","Full-Service Restaurants","Brunch","470370156142",5
10193361,"restaurant_58","TN","Full-Service Restaurants","Brunch","471470806043",5
10193362,"restaurant_58","TN","Full-Service Restaurants","Brunch","470370128022",5
10193363,"restaurant_58","TN","Full-Service Restaurants","Brunch","320030067001",5
10193364,"restaurant_58","TN","Full-Service Restaurants","Brunch","470370182032",5
10193365,"restaurant_58","TN","Full-Service Restaurants","Brunch","470370156091",5
10193366,"restaurant_58","TN","Full-Service Restaurants","Brunch","470370134003",5
10193367,"restaurant_58","TN","Full-Service Restaurants","Brunch","470370179023",5
10193368,"restaurant_58","TN","Full-Service Restaurants","Brunch","470370190051",5
10193369,"restaurant_58","TN","Full-Service Restaurants","Brunch","471490403061",5
10193370,"restaurant_58","TN","Full-Service Restaurants","Brunch","471470806031",5
10193371,"restaurant_58","TN","Full-Service Restaurants","Brunch","470370189012",5
10193372,"restaurant_58","TN","Full-Service Restaurants","Brunch","471890303092",5
10193373,"restaurant_58","TN","Full-Service Restaurants","Brunch","470370158042",5
10193374,"restaurant_58","TN","Full-Service Restaurants","Brunch","470370143001",5
10193375,"restaurant_58","TN","Full-Service Restaurants","Brunch","471890309032",5
10193376,"restaurant_58","TN","Full-Service Restaurants","Brunch","470370183014",5
10193377,"restaurant_58","TN","Full-Service Restaurants","Brunch","470370184015",5
10193378,"restaurant_58","TN","Full-Service Restaurants","Brunch","471470806064",5
10193379,"restaurant_58","TN","Full-Service Restaurants","Brunch","470370107011",5
10193380,"restaurant_58","TN","Full-Service Restaurants","Brunch","471650212052",5
10193381,"restaurant_58","TN","Full-Service Restaurants","Brunch","470379802001",5
10193382,"restaurant_58","TN","Full-Service Restaurants","Brunch","470370184092",5
10193383,"restaurant_58","TN","Full-Service Restaurants","Brunch","471490418002",5
10193384,"restaurant_58","TN","Full-Service Restaurants","Brunch","471490411011",5
10193385,"restaurant_58","TN","Full-Service Restaurants","Brunch","470370144002",5
10193386,"restaurant_58","TN","Full-Service Restaurants","Brunch","471650212031",5
10193387,"restaurant_58","TN","Full-Service Restaurants","Brunch","470370116002",5
10193388,"restaurant_58","TN","Full-Service Restaurants","Brunch","470039505002",4
10193389,"restaurant_58","TN","Full-Service Restaurants","Brunch","470370127022",4
10193390,"restaurant_58","TN","Full-Service Restaurants","Brunch","470370157001",4
10193391,"restaurant_58","TN","Full-Service Restaurants","Brunch","471650210091",4
10193392,"restaurant_58","TN","Full-Service Restaurants","Brunch","470370156191",4
10193393,"restaurant_58","TN","Full-Service Restaurants","Brunch","471890305001",4
10193394,"restaurant_58","TN","Full-Service Restaurants","Brunch","130590004022",4
10193395,"restaurant_58","TN","Full-Service Restaurants","Brunch","470370116004",4
10193396,"restaurant_58","TN","Full-Service Restaurants","Brunch","470370128012",4
10193397,"restaurant_58","TN","Full-Service Restaurants","Brunch","470370105022",4
10193398,"restaurant_58","TN","Full-Service Restaurants","Brunch","470370132011",4
10193399,"restaurant_58","TN","Full-Service Restaurants","Brunch","470370101032",4
10193400,"restaurant_58","TN","Full-Service Restaurants","Brunch","471890304022",4
10193401,"restaurant_58","TN","Full-Service Restaurants","Brunch","471251001001",4
10193402,"restaurant_58","TN","Full-Service Restaurants","Brunch","471650212041",4
10193403,"restaurant_58","TN","Full-Service Restaurants","Brunch","470370183011",4
10193404,"restaurant_58","TN","Full-Service Restaurants","Brunch","471490405012",4
10193405,"restaurant_58","TN","Full-Service Restaurants","Brunch","471870512013",4
10193406,"restaurant_58","TN","Full-Service Restaurants","Brunch","470210702011",4
10193407,"restaurant_58","TN","Full-Service Restaurants","Brunch","470370186011",4
10193408,"restaurant_58","TN","Full-Service Restaurants","Brunch","470370132022",4
10193409,"restaurant_58","TN","Full-Service Restaurants","Brunch","470370133003",4
10193410,"restaurant_58","TN","Full-Service Restaurants","Brunch","471650211032",4
10193411,"restaurant_58","TN","Full-Service Restaurants","Brunch","471470801032",4
10193412,"restaurant_58","TN","Full-Service Restaurants","Brunch","471490403041",4
10193413,"restaurant_58","TN","Full-Service Restaurants","Brunch","470370189021",4
10193414,"restaurant_58","TN","Full-Service Restaurants","Brunch","471251013041",4
10193415,"restaurant_58","TN","Full-Service Restaurants","Brunch","470370177012",4
10193416,"restaurant_58","TN","Full-Service Restaurants","Brunch","471870506012",4
10193417,"restaurant_58","TN","Full-Service Restaurants","Brunch","470370168002",4
10193418,"restaurant_58","TN","Full-Service Restaurants","Brunch","470370126001",4
10193419,"restaurant_58","TN","Full-Service Restaurants","Brunch","470370111001",4
10193420,"restaurant_58","TN","Full-Service Restaurants","Brunch","471490405013",4
10193421,"restaurant_58","TN","Full-Service Restaurants","Brunch","470370113003",4
10193422,"restaurant_58","TN","Full-Service Restaurants","Brunch","471650212043",4
10193423,"restaurant_58","TN","Full-Service Restaurants","Brunch","471470807001",4
10193424,"restaurant_58","TN","Full-Service Restaurants","Brunch","470370154042",4
10193425,"restaurant_58","TN","Full-Service Restaurants","Brunch","471490408053",4
10193426,"restaurant_58","TN","Full-Service Restaurants","Brunch","470370165003",4
10193427,"restaurant_58","TN","Full-Service Restaurants","Brunch","470370180002",4
10193428,"restaurant_58","TN","Full-Service Restaurants","Brunch","471650211053",4
10193429,"restaurant_58","TN","Full-Service Restaurants","Brunch","471890308003",4
10193430,"restaurant_58","TN","Full-Service Restaurants","Brunch","470370191051",4
10193431,"restaurant_58","TN","Full-Service Restaurants","Brunch","471490421003",4
10193432,"restaurant_58","TN","Full-Service Restaurants","Brunch","471251018021",4
10193433,"restaurant_58","TN","Full-Service Restaurants","Brunch","470370190041",4
10193434,"restaurant_58","TN","Full-Service Restaurants","Brunch","470430602001",4
10193435,"restaurant_58","TN","Full-Service Restaurants","Brunch","471870505042",4
10193436,"restaurant_58","TN","Full-Service Restaurants","Brunch","470370174024",4
10193437,"restaurant_58","TN","Full-Service Restaurants","Brunch","470370183021",4
10193438,"restaurant_58","TN","Full-Service Restaurants","Brunch","471870510011",4
10193439,"restaurant_58","TN","Full-Service Restaurants","Brunch","470370128011",4
10193440,"restaurant_58","TN","Full-Service Restaurants","Brunch","470370152002",4
10193441,"restaurant_58","TN","Full-Service Restaurants","Brunch","471650210024",4
10193442,"restaurant_58","TN","Full-Service Restaurants","Brunch","471470804022",4
10193443,"restaurant_58","TN","Full-Service Restaurants","Brunch","470370110012",4
10193444,"restaurant_58","TN","Full-Service Restaurants","Brunch","470370194003",4
10193445,"restaurant_58","TN","Full-Service Restaurants","Brunch","471890301022",4
10193446,"restaurant_58","TN","Full-Service Restaurants","Brunch","470370117006",4
10193447,"restaurant_58","TN","Full-Service Restaurants","Brunch","470370107012",4
10193448,"restaurant_58","TN","Full-Service Restaurants","Brunch","470370184071",4
10193449,"restaurant_58","TN","Full-Service Restaurants","Brunch","471490406002",4
10193450,"restaurant_58","TN","Full-Service Restaurants","Brunch","471870509072",4
10193451,"restaurant_58","TN","Full-Service Restaurants","Brunch","470370108021",4
10193452,"restaurant_58","TN","Full-Service Restaurants","Brunch","470370160001",4
10193453,"restaurant_58","TN","Full-Service Restaurants","Brunch","470370107022",4
10193454,"restaurant_58","TN","Full-Service Restaurants","Brunch","471870504051",4
10193455,"restaurant_58","TN","Full-Service Restaurants","Brunch","470370191162",4
10193456,"restaurant_58","TN","Full-Service Restaurants","Brunch","470370172001",4
10193457,"restaurant_58","TN","Full-Service Restaurants","Brunch","470370182013",4
10193458,"restaurant_58","TN","Full-Service Restaurants","Brunch","470319702001",4
10193459,"restaurant_58","TN","Full-Service Restaurants","Brunch","471890301012",4
10193460,"restaurant_58","TN","Full-Service Restaurants","Brunch","470370191082",4
10193461,"restaurant_58","TN","Full-Service Restaurants","Brunch","470370156171",4
10193462,"restaurant_58","TN","Full-Service Restaurants","Brunch","470370184041",4
10193463,"restaurant_58","TN","Full-Service Restaurants","Brunch","470370191181",4
10193464,"restaurant_58","TN","Full-Service Restaurants","Brunch","180973910003",4
10193465,"restaurant_58","TN","Full-Service Restaurants","Brunch","470430605022",4
10193466,"restaurant_58","TN","Full-Service Restaurants","Brunch","470370154052",4
10193467,"restaurant_58","TN","Full-Service Restaurants","Brunch","470370103012",4
10193468,"restaurant_58","TN","Full-Service Restaurants","Brunch","470370171003",4
10193469,"restaurant_58","TN","Full-Service Restaurants","Brunch","471890304011",4
10193470,"restaurant_58","TN","Full-Service Restaurants","Brunch","471650210093",4
10193471,"restaurant_58","TN","Full-Service Restaurants","Brunch","471490408063",4
10193472,"restaurant_58","TN","Full-Service Restaurants","Brunch","470370155023",4
10193473,"restaurant_58","TN","Full-Service Restaurants","Brunch","470370154041",4
10193474,"restaurant_58","TN","Full-Service Restaurants","Brunch","471870511003",4
10193475,"restaurant_58","TN","Full-Service Restaurants","Brunch","470370177022",4
10193476,"restaurant_58","TN","Full-Service Restaurants","Brunch","470319706001",4
10193477,"restaurant_58","TN","Full-Service Restaurants","Brunch","470370154043",4
10193478,"restaurant_58","TN","Full-Service Restaurants","Brunch","471890306002",4
10193479,"restaurant_58","TN","Full-Service Restaurants","Brunch","470370188013",4
10193480,"restaurant_58","TN","Full-Service Restaurants","Brunch","471890305002",4
10193481,"restaurant_58","TN","Full-Service Restaurants","Brunch","470370116001",4
10193482,"restaurant_58","TN","Full-Service Restaurants","Brunch","470370182011",4
10193483,"restaurant_58","TN","Full-Service Restaurants","Brunch","390572201001",4
10193484,"restaurant_58","TN","Full-Service Restaurants","Brunch","470370107014",4
10193485,"restaurant_58","TN","Full-Service Restaurants","Brunch","471650212011",4
10193486,"restaurant_58","TN","Full-Service Restaurants","Brunch","470370179012",4
10193487,"restaurant_58","TN","Full-Service Restaurants","Brunch","470370136011",4
10193488,"restaurant_58","TN","Full-Service Restaurants","Brunch","471870502031",4
10193489,"restaurant_58","TN","Full-Service Restaurants","Brunch","470370156134",4
10193490,"restaurant_58","TN","Full-Service Restaurants","Brunch","470370102022",4
10193491,"restaurant_58","TN","Full-Service Restaurants","Brunch","471490413012",4
10193492,"restaurant_58","TN","Full-Service Restaurants","Brunch","471490405011",4
10193493,"restaurant_58","TN","Full-Service Restaurants","Brunch","471650211071",4
10193494,"restaurant_58","TN","Full-Service Restaurants","Brunch","471490408052",4
10193495,"restaurant_58","TN","Full-Service Restaurants","Brunch","470370134001",4
10193496,"restaurant_58","TN","Full-Service Restaurants","Brunch","471470804011",4
10193497,"restaurant_58","TN","Full-Service Restaurants","Brunch","470370151002",4
10193498,"restaurant_58","TN","Full-Service Restaurants","Brunch","470370110014",4
10193499,"restaurant_58","TN","Full-Service Restaurants","Brunch","471870503031",4
10193500,"restaurant_58","TN","Full-Service Restaurants","Brunch","471650212032",4
10193501,"restaurant_58","TN","Full-Service Restaurants","Brunch","470370121002",4
10193502,"restaurant_58","TN","Full-Service Restaurants","Brunch","470370171002",4
10193503,"restaurant_58","TN","Full-Service Restaurants","Brunch","470370143002",4
10193504,"restaurant_58","TN","Full-Service Restaurants","Brunch","390410117502",4
10193505,"restaurant_58","TN","Full-Service Restaurants","Brunch","470370104023",4
10193506,"restaurant_58","TN","Full-Service Restaurants","Brunch","470379801001",4
10193507,"restaurant_58","TN","Full-Service Restaurants","Brunch","470370151001",4
10193508,"restaurant_58","TN","Full-Service Restaurants","Brunch","471650212013",4
10193509,"restaurant_58","TN","Full-Service Restaurants","Brunch","470370101042",4
10193510,"restaurant_58","TN","Full-Service Restaurants","Brunch","471490408072",4
10193511,"restaurant_58","TN","Full-Service Restaurants","Brunch","470370173002",4
10193512,"restaurant_58","TN","Full-Service Restaurants","Brunch","470370117003",4
10193513,"restaurant_58","TN","Full-Service Restaurants","Brunch","471490420001",4
10193514,"restaurant_58","TN","Full-Service Restaurants","Brunch","470370133002",4
10193515,"restaurant_58","TN","Full-Service Restaurants","Brunch","471870509053",4
10193516,"restaurant_58","TN","Full-Service Restaurants","Brunch","471650203002",4
10193517,"restaurant_58","TN","Full-Service Restaurants","Brunch","470370191062",4
10193518,"restaurant_58","TN","Full-Service Restaurants","Brunch","471870511001",4
10193519,"restaurant_58","TN","Full-Service Restaurants","Brunch","471650210041",4
10193520,"restaurant_58","TN","Full-Service Restaurants","Brunch","470370177023",4
10193521,"restaurant_58","TN","Full-Service Restaurants","Brunch","470370106022",4
10193522,"restaurant_58","TN","Full-Service Restaurants","Brunch","470370121003",4
10193523,"restaurant_58","TN","Full-Service Restaurants","Brunch","471890303052",4
10193524,"restaurant_58","TN","Full-Service Restaurants","Brunch","471470801042",4
10193525,"restaurant_58","TN","Full-Service Restaurants","Brunch","470370169002",4
10193526,"restaurant_58","TN","Full-Service Restaurants","Brunch","471890303071",4
10193527,"restaurant_58","TN","Full-Service Restaurants","Brunch","471870510012",4
10193528,"restaurant_58","TN","Full-Service Restaurants","Brunch","470370186022",4
10193529,"restaurant_58","TN","Full-Service Restaurants","Brunch","470370190062",4
10193530,"restaurant_58","TN","Full-Service Restaurants","Brunch","470370189043",4
10193531,"restaurant_58","TN","Full-Service Restaurants","Brunch","470370184042",4
10193532,"restaurant_58","TN","Full-Service Restaurants","Brunch","481130017032",4
10193533,"restaurant_58","TN","Full-Service Restaurants","Brunch","470370168003",4
10193534,"restaurant_58","TN","Full-Service Restaurants","Brunch","281059504003",4
10193535,"restaurant_58","TN","Full-Service Restaurants","Brunch","471650203004",4
10193536,"restaurant_58","TN","Full-Service Restaurants","Brunch","470370191093",4
10193537,"restaurant_58","TN","Full-Service Restaurants","Brunch","471890301021",4
10193538,"restaurant_58","TN","Full-Service Restaurants","Brunch","470370110022",4
10193539,"restaurant_58","TN","Full-Service Restaurants","Brunch","470370181021",4
10193540,"restaurant_58","TN","Full-Service Restaurants","Brunch","010439657002",4
10193541,"restaurant_58","TN","Full-Service Restaurants","Brunch","470370116005",4
10193542,"restaurant_58","TN","Full-Service Restaurants","Brunch","471870502032",4
10193543,"restaurant_58","TN","Full-Service Restaurants","Brunch","471490403023",4
10193544,"restaurant_58","TN","Full-Service Restaurants","Brunch","471490408091",4
10193545,"restaurant_58","TN","Full-Service Restaurants","Brunch","470370191052",4
10193546,"restaurant_58","TN","Full-Service Restaurants","Brunch","471650210061",4
10193547,"restaurant_58","TN","Full-Service Restaurants","Brunch","470370184014",4
10193548,"restaurant_58","TN","Full-Service Restaurants","Brunch","471490411012",4
10193549,"restaurant_58","TN","Full-Service Restaurants","Brunch","470370102021",4
10193550,"restaurant_58","TN","Full-Service Restaurants","Brunch","120570046001",4
10193551,"restaurant_58","TN","Full-Service Restaurants","Brunch","470370148002",4
10193552,"restaurant_58","TN","Full-Service Restaurants","Brunch","471599754002",4
10193553,"restaurant_58","TN","Full-Service Restaurants","Brunch","470370162004",4
10193554,"restaurant_58","TN","Full-Service Restaurants","Brunch","470370185002",4
10193555,"restaurant_58","TN","Full-Service Restaurants","Brunch","470370113002",4
10193556,"restaurant_58","TN","Full-Service Restaurants","Brunch","471490411022",4
10193557,"restaurant_58","TN","Full-Service Restaurants","Brunch","470370177011",4
10193558,"restaurant_58","TN","Full-Service Restaurants","Brunch","471890303031",4
10193559,"restaurant_58","TN","Full-Service Restaurants","Brunch","470819501001",4
10193560,"restaurant_58","TN","Full-Service Restaurants","Brunch","470370107021",4
10193561,"restaurant_58","TN","Full-Service Restaurants","Brunch","470370185006",4
10193562,"restaurant_58","TN","Full-Service Restaurants","Brunch","470370103022",4
10193563,"restaurant_58","TN","Full-Service Restaurants","Brunch","471870509092",4
10193564,"restaurant_58","TN","Full-Service Restaurants","Brunch","470370156184",4
10193565,"restaurant_58","TN","Full-Service Restaurants","Brunch","470370184091",4
10193566,"restaurant_58","TN","Full-Service Restaurants","Brunch","470370156261",4
10193567,"restaurant_58","TN","Full-Service Restaurants","Brunch","470370101054",4
10193568,"restaurant_58","TN","Full-Service Restaurants","Brunch","471550811011",4
10193569,"restaurant_58","TN","Full-Service Restaurants","Brunch","470819505001",4
10193570,"restaurant_58","TN","Full-Service Restaurants","Brunch","470370191182",4
10193571,"restaurant_58","TN","Full-Service Restaurants","Brunch","471870501032",4
10193572,"restaurant_58","TN","Full-Service Restaurants","Brunch","470930037003",4
10193573,"restaurant_58","TN","Full-Service Restaurants","Brunch","470370131002",4
10193574,"restaurant_58","TN","Full-Service Restaurants","Brunch","471650210053",4
10193575,"restaurant_58","TN","Full-Service Restaurants","Brunch","471251020023",4
10193576,"restaurant_58","TN","Full-Service Restaurants","Brunch","470370127012",4
10193577,"restaurant_58","TN","Full-Service Restaurants","Brunch","470370158022",4
10193578,"restaurant_58","TN","Full-Service Restaurants","Brunch","471490417001",4
10193579,"restaurant_58","TN","Full-Service Restaurants","Brunch","470370158031",4
10193580,"restaurant_58","TN","Full-Service Restaurants","Brunch","470370156192",4
10193581,"restaurant_58","TN","Full-Service Restaurants","Brunch","471870506022",4
10193582,"restaurant_58","TN","Full-Service Restaurants","Brunch","470370156172",4
10193583,"restaurant_58","TN","Full-Service Restaurants","Brunch","471870510022",4
10193584,"restaurant_58","TN","Full-Service Restaurants","Brunch","471870507022",4
10193585,"restaurant_58","TN","Full-Service Restaurants","Brunch","470370186012",4
10193586,"restaurant_58","TN","Full-Service Restaurants","Brunch","471490421004",4
10193587,"restaurant_58","TN","Full-Service Restaurants","Brunch","470370186021",4
10193588,"restaurant_58","TN","Full-Service Restaurants","Brunch","471251019021",4
10193589,"restaurant_58","TN","Full-Service Restaurants","Brunch","471251018032",4
10193590,"restaurant_58","TN","Full-Service Restaurants","Brunch","470370113006",4
10193591,"restaurant_58","TN","Full-Service Restaurants","Brunch","470370165002",4
10193592,"restaurant_58","TN","Full-Service Restaurants","Brunch","470930035001",4
10193593,"restaurant_58","TN","Full-Service Restaurants","Brunch","471650204071",4
10193594,"restaurant_58","TN","Full-Service Restaurants","Brunch","471890304023",4
10193595,"restaurant_58","TN","Full-Service Restaurants","Brunch","470039502002",4
10193596,"restaurant_58","TN","Full-Service Restaurants","Brunch","470370191113",4
10193597,"restaurant_58","TN","Full-Service Restaurants","Brunch","470370184102",4
10193598,"restaurant_58","TN","Full-Service Restaurants","Brunch","471870504042",4
10193599,"restaurant_58","TN","Full-Service Restaurants","Brunch","470370119002",4
10193600,"restaurant_58","TN","Full-Service Restaurants","Brunch","471490408093",4
10193601,"restaurant_58","TN","Full-Service Restaurants","Brunch","470370101052",4
10193602,"restaurant_58","TN","Full-Service Restaurants","Brunch","470210701041",4
10193603,"restaurant_58","TN","Full-Service Restaurants","Brunch","470370102011",4
10193604,"restaurant_58","TN","Full-Service Restaurants","Brunch","471890303041",4
10193605,"restaurant_58","TN","Full-Service Restaurants","Brunch","470430604021",4
10193606,"restaurant_58","TN","Full-Service Restaurants","Brunch","471870502082",4
10193607,"restaurant_58","TN","Full-Service Restaurants","Brunch","470370185005",4
10193608,"restaurant_58","TN","Full-Service Restaurants","Brunch","470590905001",4
10193609,"restaurant_58","TN","Full-Service Restaurants","Brunch","470370180001",4
10193610,"restaurant_58","TN","Full-Service Restaurants","Brunch","470370154022",4
10193611,"restaurant_58","TN","Full-Service Restaurants","Brunch","471490414031",4
10193612,"restaurant_58","TN","Full-Service Restaurants","Brunch","470210704012",4
10193613,"restaurant_58","TN","Full-Service Restaurants","Brunch","471650211031",4
10193614,"restaurant_58","TN","Full-Service Restaurants","Brunch","211110103172",4
10193615,"restaurant_58","TN","Full-Service Restaurants","Brunch","471870508003",4
10193616,"restaurant_58","TN","Full-Service Restaurants","Brunch","471490416003",4
10193617,"restaurant_58","TN","Full-Service Restaurants","Brunch","470370154011",4
10193618,"restaurant_58","TN","Full-Service Restaurants","Brunch","470370162001",4
10193619,"restaurant_58","TN","Full-Service Restaurants","Brunch","130639800001",4
10193620,"restaurant_58","TN","Full-Service Restaurants","Brunch","471890310001",4
10193621,"restaurant_58","TN","Full-Service Restaurants","Brunch","470370189011",4
10193622,"restaurant_58","TN","Full-Service Restaurants","Brunch","471890309041",4
10193623,"restaurant_58","TN","Full-Service Restaurants","Brunch","170898524021",4
10193624,"restaurant_58","TN","Full-Service Restaurants","Brunch","471490411014",4
10193625,"restaurant_58","TN","Full-Service Restaurants","Brunch","471650204062",4
10193626,"restaurant_58","TN","Full-Service Restaurants","Brunch","470370187001",4
10193627,"restaurant_58","TN","Full-Service Restaurants","Brunch","211110049001",4
10193628,"restaurant_58","TN","Full-Service Restaurants","Brunch","471890303051",4
10193629,"restaurant_58","TN","Full-Service Restaurants","Brunch","471650210071",4
10193630,"restaurant_58","TN","Full-Service Restaurants","Brunch","470370175002",4
10193631,"restaurant_58","TN","Full-Service Restaurants","Brunch","470370154021",4
10193632,"restaurant_58","TN","Full-Service Restaurants","Brunch","470370156271",4
10193633,"restaurant_58","TN","Full-Service Restaurants","Brunch","471890302041",4
10193634,"restaurant_58","TN","Full-Service Restaurants","Brunch","471599754001",4
10193635,"restaurant_58","TN","Full-Service Restaurants","Brunch","471870509091",4
10193636,"restaurant_58","TN","Full-Service Restaurants","Brunch","471190107001",4
10193637,"restaurant_58","TN","Full-Service Restaurants","Brunch","470370163003",4
10193638,"restaurant_58","TN","Full-Service Restaurants","Brunch","470370188031",4
10193639,"restaurant_58","TN","Full-Service Restaurants","Brunch","471490404033",4
10193640,"restaurant_58","TN","Full-Service Restaurants","Brunch","470370155013",4
10193641,"restaurant_58","TN","Full-Service Restaurants","Brunch","470370193002",4
10193642,"restaurant_58","TN","Full-Service Restaurants","Brunch","471410012004",4
10193643,"restaurant_58","TN","Full-Service Restaurants","Brunch","470930069002",4
10193644,"restaurant_58","TN","Full-Service Restaurants","Brunch","471490403021",4
10193645,"restaurant_58","TN","Full-Service Restaurants","Brunch","170318282021",4
10193646,"restaurant_58","TN","Full-Service Restaurants","Brunch","470370191112",4
10193647,"restaurant_58","TN","Full-Service Restaurants","Brunch","131350502171",4
10193648,"restaurant_58","TN","Full-Service Restaurants","Brunch","471779302002",4
10193649,"restaurant_58","TN","Full-Service Restaurants","Brunch","471570206421",4
10193650,"restaurant_58","TN","Full-Service Restaurants","Brunch","483030105023",4
10193651,"restaurant_58","TN","Full-Service Restaurants","Brunch","220710077001",4
10193652,"restaurant_58","TN","Full-Service Restaurants","Brunch","470370117001",4
10193653,"restaurant_58","TN","Full-Service Restaurants","Brunch","470370108011",4
10193654,"restaurant_58","TN","Full-Service Restaurants","Brunch","470370186023",4
10193655,"restaurant_58","TN","Full-Service Restaurants","Brunch","470090103023",4
10193656,"restaurant_58","TN","Full-Service Restaurants","Brunch","261251907001",4
10193657,"restaurant_58","TN","Full-Service Restaurants","Brunch","471410003032",4
10193658,"restaurant_58","TN","Full-Service Restaurants","Brunch","470370109041",4
10193659,"restaurant_58","TN","Full-Service Restaurants","Brunch","470370112002",4
10193660,"restaurant_58","TN","Full-Service Restaurants","Brunch","470370142001",4
10193661,"restaurant_58","TN","Full-Service Restaurants","Brunch","470370191102",4
10193662,"restaurant_58","TN","Full-Service Restaurants","Brunch","470370191103",4
10193663,"restaurant_58","TN","Full-Service Restaurants","Brunch","211110103072",4
10193664,"restaurant_58","TN","Full-Service Restaurants","Brunch","130670312071",4
10193665,"restaurant_58","TN","Full-Service Restaurants","Brunch","471890308001",4
10193666,"restaurant_58","TN","Full-Service Restaurants","Brunch","470370178004",4
10193667,"restaurant_58","TN","Full-Service Restaurants","Brunch","180559547021",4
10193668,"restaurant_58","TN","Full-Service Restaurants","Brunch","470370136021",4
10193669,"restaurant_58","TN","Full-Service Restaurants","Brunch","471490412021",4
10193670,"restaurant_58","TN","Full-Service Restaurants","Brunch","011250106022",4
10193671,"restaurant_58","TN","Full-Service Restaurants","Brunch","421257727002",4
10193672,"restaurant_58","TN","Full-Service Restaurants","Brunch","471251006021",4
10193673,"restaurant_58","TN","Full-Service Restaurants","Brunch","010010208021",4
10193674,"restaurant_58","TN","Full-Service Restaurants","Brunch","471890303074",4
10193675,"restaurant_58","TN","Full-Service Restaurants","Brunch","450450025062",4
10193676,"restaurant_58","TN","Full-Service Restaurants","Brunch","390170013003",4
10193677,"restaurant_58","TN","Full-Service Restaurants","Brunch","360594115002",4
10193678,"restaurant_58","TN","Full-Service Restaurants","Brunch","471870512022",4
10193679,"restaurant_58","TN","Full-Service Restaurants","Brunch","471190110021",4
10193680,"restaurant_58","TN","Full-Service Restaurants","Brunch","470370114003",4
10193681,"restaurant_58","TN","Full-Service Restaurants","Brunch","471251019032",4
10193682,"restaurant_58","TN","Full-Service Restaurants","Brunch","470370112005",4
10193683,"restaurant_58","TN","Full-Service Restaurants","Brunch","471650211041",4
10193684,"restaurant_58","TN","Full-Service Restaurants","Brunch","471410010003",4
10193685,"restaurant_58","TN","Full-Service Restaurants","Brunch","470370158043",4
10193686,"restaurant_58","TN","Full-Service Restaurants","Brunch","470370154023",4
10193687,"restaurant_58","TN","Full-Service Restaurants","Brunch","470370184012",4
10193688,"restaurant_58","TN","Full-Service Restaurants","Brunch","471650208002",4
10193689,"restaurant_58","TN","Full-Service Restaurants","Brunch","470370181022",4
10193690,"restaurant_58","TN","Full-Service Restaurants","Brunch","470370167002",4
10193691,"restaurant_58","TN","Full-Service Restaurants","Brunch","470370117002",4
10193692,"restaurant_58","TN","Full-Service Restaurants","Brunch","551050013032",4
10193693,"restaurant_58","TN","Full-Service Restaurants","Brunch","550791701001",4
10193694,"restaurant_58","TN","Full-Service Restaurants","Brunch","470370114002",4
10193695,"restaurant_58","TN","Full-Service Restaurants","Brunch","250138138022",4
10193696,"restaurant_58","TN","Full-Service Restaurants","Brunch","212139703003",4
10193697,"restaurant_58","TN","Full-Service Restaurants","Brunch","470210701032",4
10193698,"restaurant_58","TN","Full-Service Restaurants","Brunch","471490414023",4
10193699,"restaurant_58","TN","Full-Service Restaurants","Brunch","471490401051",4
10193700,"restaurant_58","TN","Full-Service Restaurants","Brunch","470370156121",4
10193701,"restaurant_58","TN","Full-Service Restaurants","Brunch","470930046093",4
10193702,"restaurant_58","TN","Full-Service Restaurants","Brunch","470370190034",4
10193703,"restaurant_58","TN","Full-Service Restaurants","Brunch","482012531001",4
10193704,"restaurant_58","TN","Full-Service Restaurants","Brunch","260439507002",4
10193705,"restaurant_58","TN","Full-Service Restaurants","Brunch","391130102006",4
10193706,"restaurant_58","TN","Full-Service Restaurants","Brunch","260937101001",4
10193707,"restaurant_58","TN","Full-Service Restaurants","Brunch","471890303083",4
10193708,"restaurant_58","TN","Full-Service Restaurants","Brunch","470370134002",4
10193709,"restaurant_58","TN","Full-Service Restaurants","Brunch","470370168001",4
10193710,"restaurant_58","TN","Full-Service Restaurants","Brunch","470370115002",4
10193711,"restaurant_58","TN","Full-Service Restaurants","Brunch","471650211062",4
10193712,"restaurant_58","TN","Full-Service Restaurants","Brunch","470370156152",4
10193713,"restaurant_58","TN","Full-Service Restaurants","Brunch","470930057061",4
10193714,"restaurant_58","TN","Full-Service Restaurants","Brunch","350010001273",4
10193715,"restaurant_58","TN","Full-Service Restaurants","Brunch","470370184053",4
10193716,"restaurant_58","TN","Full-Service Restaurants","Brunch","131210101142",4
10193717,"restaurant_58","TN","Full-Service Restaurants","Brunch","471650207001",4
10193718,"restaurant_58","TN","Full-Service Restaurants","Brunch","471179551003",4
10193719,"restaurant_58","TN","Full-Service Restaurants","Brunch","471870502052",4
10193720,"restaurant_58","TN","Full-Service Restaurants","Brunch","470370179011",4
10193721,"restaurant_58","TN","Full-Service Restaurants","Brunch","471490412022",4
10193722,"restaurant_58","TN","Full-Service Restaurants","Brunch","120950168021",4
10193723,"restaurant_58","TN","Full-Service Restaurants","Brunch","471190112003",4
10193724,"restaurant_58","TN","Full-Service Restaurants","Brunch","131210019002",4
10193725,"restaurant_58","TN","Full-Service Restaurants","Brunch","470370119003",4
10193726,"restaurant_58","TN","Full-Service Restaurants","Brunch","110010107002",4
10193727,"restaurant_58","TN","Full-Service Restaurants","Brunch","471870506011",4
10193728,"restaurant_58","TN","Full-Service Restaurants","Brunch","471470806051",4
10193729,"restaurant_58","TN","Full-Service Restaurants","Brunch","471490404034",4
10193730,"restaurant_58","TN","Full-Service Restaurants","Brunch","210472006001",4
10193731,"restaurant_58","TN","Full-Service Restaurants","Brunch","470370190052",4
10193732,"restaurant_58","TN","Full-Service Restaurants","Brunch","171978803071",4
10193733,"restaurant_58","TN","Full-Service Restaurants","Brunch","210472014001",4
10193734,"restaurant_58","TN","Full-Service Restaurants","Brunch","470370127014",4
10193735,"restaurant_58","TN","Full-Service Restaurants","Brunch","130670302292",4
10193736,"restaurant_58","TN","Full-Service Restaurants","Brunch","471490407022",4
10193737,"restaurant_58","TN","Full-Service Restaurants","Brunch","471870510023",4
10193738,"restaurant_58","TN","Full-Service Restaurants","Brunch","471890301013",4
10193739,"restaurant_58","TN","Full-Service Restaurants","Brunch","471650211051",4
10193740,"restaurant_58","TN","Full-Service Restaurants","Brunch","011030051072",4
10193741,"restaurant_58","TN","Full-Service Restaurants","Brunch","471251013051",4
10193742,"restaurant_58","TN","Full-Service Restaurants","Brunch","470010202022",4
10193743,"restaurant_58","TN","Full-Service Restaurants","Brunch","470650102012",4
10193744,"restaurant_58","TN","Full-Service Restaurants","Brunch","010939647002",4
10193745,"restaurant_58","TN","Full-Service Restaurants","Brunch","470370190042",4
10193746,"restaurant_58","TN","Full-Service Restaurants","Brunch","470650104311",4
10193747,"restaurant_58","TN","Full-Service Restaurants","Brunch","471251020012",4
10193748,"restaurant_58","TN","Full-Service Restaurants","Brunch","471570213204",4
10193749,"restaurant_58","TN","Full-Service Restaurants","Brunch","471890309033",4
10193750,"restaurant_58","TN","Full-Service Restaurants","Brunch","470370179013",4
10193751,"restaurant_58","TN","Full-Service Restaurants","Brunch","391535329992",4
10193752,"restaurant_58","TN","Full-Service Restaurants","Brunch","120990078351",4
10193753,"restaurant_58","TN","Full-Service Restaurants","Brunch","471650209022",4
10193754,"restaurant_58","TN","Full-Service Restaurants","Brunch","181559657003",4
10193755,"restaurant_58","TN","Full-Service Restaurants","Brunch","470370112003",4
10193756,"restaurant_58","TN","Full-Service Restaurants","Brunch","470930058121",4
10193757,"restaurant_58","TN","Full-Service Restaurants","Brunch","471251018042",4
10193758,"restaurant_58","TN","Full-Service Restaurants","Brunch","470210701031",4
10193759,"restaurant_58","TN","Full-Service Restaurants","Brunch","470930046102",4
10193760,"restaurant_58","TN","Full-Service Restaurants","Brunch","470370118002",4
10193761,"restaurant_58","TN","Full-Service Restaurants","Brunch","121030256033",4
10193762,"restaurant_58","TN","Full-Service Restaurants","Brunch","470370114005",4
10193763,"restaurant_58","TN","Full-Service Restaurants","Brunch","470370184011",4
10193764,"restaurant_58","TN","Full-Service Restaurants","Brunch","180632107001",4
10193765,"restaurant_58","TN","Full-Service Restaurants","Brunch","471410012001",4
10193766,"restaurant_58","TN","Full-Service Restaurants","Brunch","471870511002",4
10193767,"restaurant_58","TN","Full-Service Restaurants","Brunch","470370101053",4
10193768,"restaurant_58","TN","Full-Service Restaurants","Brunch","131171306071",4
10193769,"restaurant_58","TN","Full-Service Restaurants","Brunch","470930069001",4
10193770,"restaurant_58","TN","Full-Service Restaurants","Brunch","060371837013",4
10193771,"restaurant_58","TN","Full-Service Restaurants","Brunch","471470806061",4
10193772,"restaurant_58","TN","Full-Service Restaurants","Brunch","470370190032",4
10193773,"restaurant_58","TN","Full-Service Restaurants","Brunch","470370152001",4
10193774,"restaurant_58","TN","Full-Service Restaurants","Brunch","471251013032",4
10193775,"restaurant_58","TN","Full-Service Restaurants","Brunch","470930009022",4
10193776,"restaurant_58","TN","Full-Service Restaurants","Brunch","471490409052",4
10193777,"restaurant_58","TN","Full-Service Restaurants","Brunch","470370177021",4
10193778,"restaurant_58","TN","Full-Service Restaurants","Brunch","132231206012",4
10193779,"restaurant_58","TN","Full-Service Restaurants","Brunch","470039501001",4
10193780,"restaurant_58","TN","Full-Service Restaurants","Brunch","471890302022",4
10193781,"restaurant_58","TN","Full-Service Restaurants","Brunch","470370189053",4
10193782,"restaurant_58","TN","Full-Service Restaurants","Brunch","132950209012",4
10193783,"restaurant_58","TN","Full-Service Restaurants","Brunch","471490401052",4
10193784,"restaurant_58","TN","Full-Service Restaurants","Brunch","470370178005",4
10193785,"restaurant_58","TN","Full-Service Restaurants","Brunch","471870505041",4
10193786,"restaurant_58","TN","Full-Service Restaurants","Brunch","170438458082",4
10193787,"restaurant_58","TN","Full-Service Restaurants","Brunch","210099504006",4
10193788,"restaurant_58","TN","Full-Service Restaurants","Brunch","470370191091",4
10193789,"restaurant_58","TN","Full-Service Restaurants","Brunch","120990042022",4
10193790,"restaurant_58","TN","Full-Service Restaurants","Brunch","470370106021",4
10193791,"restaurant_58","TN","Full-Service Restaurants","Brunch","470370158021",4
10193792,"restaurant_58","TN","Full-Service Restaurants","Brunch","171990202022",4
10193793,"restaurant_58","TN","Full-Service Restaurants","Brunch","470370192003",4
10193794,"restaurant_58","TN","Full-Service Restaurants","Brunch","483396920011",4
10193795,"restaurant_58","TN","Full-Service Restaurants","Brunch","471150502013",4
10193796,"restaurant_58","TN","Full-Service Restaurants","Brunch","471490421002",4
10193797,"restaurant_58","TN","Full-Service Restaurants","Brunch","340297235001",4
10193798,"restaurant_58","TN","Full-Service Restaurants","Brunch","471890302023",4
10193799,"restaurant_58","TN","Full-Service Restaurants","Brunch","060670074211",4
10193800,"restaurant_58","TN","Full-Service Restaurants","Brunch","210039201003",4
10193801,"restaurant_58","TN","Full-Service Restaurants","Brunch","471550806022",4
10193802,"restaurant_58","TN","Full-Service Restaurants","Brunch","471490405014",4
10193803,"restaurant_58","TN","Full-Service Restaurants","Brunch","220510226003",4
10193804,"restaurant_58","TN","Full-Service Restaurants","Brunch","060372772002",4
10193805,"restaurant_58","TN","Full-Service Restaurants","Brunch","470370156181",4
10193806,"restaurant_58","TN","Full-Service Restaurants","Brunch","011250101012",4
10193807,"restaurant_58","TN","Full-Service Restaurants","Brunch","471190110012",4
10193808,"restaurant_58","TN","Full-Service Restaurants","Brunch","470370185004",4
10193809,"restaurant_58","TN","Full-Service Restaurants","Brunch","471570042001",4
10193810,"restaurant_58","TN","Full-Service Restaurants","Brunch","470370137003",4
10193811,"restaurant_58","TN","Full-Service Restaurants","Brunch","471630433021",4
10193812,"restaurant_58","TN","Full-Service Restaurants","Brunch","470370156124",4
10193813,"restaurant_58","TN","Full-Service Restaurants","Brunch","010890106242",4
10193814,"restaurant_58","TN","Full-Service Restaurants","Brunch","471650210021",4
10193815,"restaurant_58","TN","Full-Service Restaurants","Brunch","010330206003",4
10193816,"restaurant_58","TN","Full-Service Restaurants","Brunch","471490413021",4
10193817,"restaurant_58","TN","Full-Service Restaurants","Brunch","470370161002",4
10193818,"restaurant_58","TN","Full-Service Restaurants","Brunch","471490405021",4
10193819,"restaurant_58","TN","Full-Service Restaurants","Brunch","470370115001",4
10193820,"restaurant_58","TN","Full-Service Restaurants","Brunch","471650202051",4
10193821,"restaurant_58","TN","Full-Service Restaurants","Brunch","370810108002",4
10193822,"restaurant_58","TN","Full-Service Restaurants","Brunch","470370184101",4
10193823,"restaurant_58","TN","Full-Service Restaurants","Brunch","471251014001",4
10193824,"restaurant_58","TN","Full-Service Restaurants","Brunch","470370162003",4
10193825,"restaurant_58","TN","Full-Service Restaurants","Brunch","340297340034",4
10193826,"restaurant_58","TN","Full-Service Restaurants","Brunch","010890028011",4
10193827,"restaurant_58","TN","Full-Service Restaurants","Brunch","010890103014",4
10193828,"restaurant_58","TN","Full-Service Restaurants","Brunch","470370156132",4
10193829,"restaurant_58","TN","Full-Service Restaurants","Brunch","471490415001",4
10193830,"restaurant_58","TN","Full-Service Restaurants","Brunch","511076110232",4
10193831,"restaurant_58","TN","Full-Service Restaurants","Brunch","120690313053",4
10193832,"restaurant_58","TN","Full-Service Restaurants","Brunch","130890212023",4
10193833,"restaurant_58","TN","Full-Service Restaurants","Brunch","401310508022",4
10193834,"restaurant_58","TN","Full-Service Restaurants","Brunch","471870508002",4
10193835,"restaurant_58","TN","Full-Service Restaurants","Brunch","470370102023",4
10193836,"restaurant_58","TN","Full-Service Restaurants","Brunch","470210702032",4
10193837,"restaurant_58","TN","Full-Service Restaurants","Brunch","471650204041",4
10193838,"restaurant_58","TN","Full-Service Restaurants","Brunch","391390022004",4
10193839,"restaurant_58","TN","Full-Service Restaurants","Brunch","471890301023",4
10193840,"restaurant_58","TN","Full-Service Restaurants","Brunch","471490413011",4
10193841,"restaurant_58","TN","Full-Service Restaurants","Brunch","470370187003",4
10193842,"restaurant_58","TN","Full-Service Restaurants","Brunch","470370186024",4
10193843,"restaurant_58","TN","Full-Service Restaurants","Brunch","470370135002",4
10193844,"restaurant_58","TN","Full-Service Restaurants","Brunch","210472015022",4
10193845,"restaurant_58","TN","Full-Service Restaurants","Brunch","210350106006",4
10193846,"restaurant_58","TN","Full-Service Restaurants","Brunch","471450303002",4
10193847,"restaurant_58","TN","Full-Service Restaurants","Brunch","340350523002",4
10193848,"restaurant_58","TN","Full-Service Restaurants","Brunch","420171063002",4
10193849,"restaurant_58","TN","Full-Service Restaurants","Brunch","131690303012",4
10193850,"restaurant_58","TN","Full-Service Restaurants","Brunch","120710502082",4
10193851,"restaurant_58","TN","Full-Service Restaurants","Brunch","471251020054",4
10193852,"restaurant_58","TN","Full-Service Restaurants","Brunch","471490411013",4
10193853,"restaurant_58","TN","Full-Service Restaurants","Brunch","471490409023",4
10193854,"restaurant_58","TN","Full-Service Restaurants","Brunch","483671407043",4
10193855,"restaurant_58","TN","Full-Service Restaurants","Brunch","471190103011",4
10193856,"restaurant_58","TN","Full-Service Restaurants","Brunch","470370110015",4
10193857,"restaurant_58","TN","Full-Service Restaurants","Brunch","471490410001",4
10193858,"restaurant_58","TN","Full-Service Restaurants","Brunch","471490413014",4
10193859,"restaurant_58","TN","Full-Service Restaurants","Brunch","471251020051",4
10193860,"restaurant_58","TN","Full-Service Restaurants","Brunch","470370142002",4
10193861,"restaurant_58","TN","Full-Service Restaurants","Brunch","471039756011",4
10193862,"restaurant_58","TN","Full-Service Restaurants","Brunch","471490403071",4
10193863,"restaurant_58","TN","Full-Service Restaurants","Brunch","471179550001",4
10193864,"restaurant_58","TN","Full-Service Restaurants","Brunch","470039506004",4
10193865,"restaurant_58","TN","Full-Service Restaurants","Brunch","470370166002",4
10193866,"restaurant_58","TN","Full-Service Restaurants","Brunch","470650104131",4
10193867,"restaurant_58","TN","Full-Service Restaurants","Brunch","470370191101",4
10193868,"restaurant_58","TN","Full-Service Restaurants","Brunch","471890309014",4
10193869,"restaurant_58","TN","Full-Service Restaurants","Brunch","010890105012",4
10193870,"restaurant_58","TN","Full-Service Restaurants","Brunch","471190108011",4
10193871,"restaurant_58","TN","Full-Service Restaurants","Brunch","120090631021",4
10193872,"restaurant_58","TN","Full-Service Restaurants","Brunch","010810421011",4
10193873,"restaurant_58","TN","Full-Service Restaurants","Brunch","180571105062",4
10193874,"restaurant_58","TN","Full-Service Restaurants","Brunch","212359203003",4
10193875,"restaurant_58","TN","Full-Service Restaurants","Brunch","120970408042",4
10193876,"restaurant_58","TN","Full-Service Restaurants","Brunch","470370184072",4
10193877,"restaurant_58","TN","Full-Service Restaurants","Brunch","471890302021",4
10193878,"restaurant_58","TN","Full-Service Restaurants","Brunch","360610060002",4
10193879,"restaurant_58","TN","Full-Service Restaurants","Brunch","471490419004",4
10193880,"restaurant_58","TN","Full-Service Restaurants","Brunch","051250105063",4
10193881,"restaurant_58","TN","Full-Service Restaurants","Brunch","470319702002",4
10193882,"restaurant_58","TN","Full-Service Restaurants","Brunch","471870509063",4
10193883,"restaurant_58","TN","Full-Service Restaurants","Brunch","271574905003",4
10193884,"restaurant_58","TN","Full-Service Restaurants","Brunch","470370178002",4
10193885,"restaurant_58","TN","Full-Service Restaurants","Brunch","130131805031",4
10193886,"restaurant_58","TN","Full-Service Restaurants","Brunch","471870503061",4
10193887,"restaurant_58","TN","Full-Service Restaurants","Brunch","470370178001",4
10193888,"restaurant_58","TN","Full-Service Restaurants","Brunch","471410006002",4
10193889,"restaurant_58","TN","Full-Service Restaurants","Brunch","471570096003",4
10193890,"restaurant_58","TN","Full-Service Restaurants","Brunch","470370180004",4
10193891,"restaurant_58","TN","Full-Service Restaurants","Brunch","120950165031",4
10193892,"restaurant_58","TN","Full-Service Restaurants","Brunch","131110505001",4
10193893,"restaurant_58","TN","Full-Service Restaurants","Brunch","470370118001",4
10193894,"restaurant_58","TN","Full-Service Restaurants","Brunch","011010009002",4
10193895,"restaurant_58","TN","Full-Service Restaurants","Brunch","180290802011",4
10193896,"restaurant_58","TN","Full-Service Restaurants","Brunch","471190103021",4
10193897,"restaurant_58","TN","Full-Service Restaurants","Brunch","010450202002",4
10193898,"restaurant_58","TN","Full-Service Restaurants","Brunch","471599752003",4
10193899,"restaurant_58","TN","Full-Service Restaurants","Brunch","120950170012",4
10193900,"restaurant_58","TN","Full-Service Restaurants","Brunch","210039202001",4
10193901,"restaurant_58","TN","Full-Service Restaurants","Brunch","471130003004",4
10193902,"restaurant_58","TN","Full-Service Restaurants","Brunch","470370170001",4
10193903,"restaurant_58","TN","Full-Service Restaurants","Brunch","470370191054",4
10193904,"restaurant_58","TN","Full-Service Restaurants","Brunch","470370103011",4
10193905,"restaurant_58","TN","Full-Service Restaurants","Brunch","130670302314",4
10193906,"restaurant_58","TN","Full-Service Restaurants","Brunch","540779638001",4
10193907,"restaurant_58","TN","Full-Service Restaurants","Brunch","471570029005",4
10193908,"restaurant_58","TN","Full-Service Restaurants","Brunch","011170303313",4
10193909,"restaurant_58","TN","Full-Service Restaurants","Brunch","470370109013",4
10193910,"restaurant_58","TN","Full-Service Restaurants","Brunch","470370118003",4
10193911,"restaurant_58","TN","Full-Service Restaurants","Brunch","470370154025",4
10193912,"restaurant_58","TN","Full-Service Restaurants","Brunch","271090019002",4
10193913,"restaurant_58","TN","Full-Service Restaurants","Brunch","470819502001",4
10193914,"restaurant_58","TN","Full-Service Restaurants","Brunch","131690301011",4
10193915,"restaurant_58","TN","Full-Service Restaurants","Brunch","471490409041",4
10193916,"restaurant_58","TN","Full-Service Restaurants","Brunch","471890308002",4
10193917,"restaurant_58","TN","Full-Service Restaurants","Brunch","471190101003",4
10193918,"restaurant_58","TN","Full-Service Restaurants","Brunch","470370184043",4
10193919,"restaurant_58","TN","Full-Service Restaurants","Brunch","471410002001",4
10193920,"restaurant_58","TN","Full-Service Restaurants","Brunch","470210701022",4
10193921,"restaurant_58","TN","Full-Service Restaurants","Brunch","011030003002",4
10193922,"restaurant_58","TN","Full-Service Restaurants","Brunch","131299705001",4
10193923,"restaurant_58","TN","Full-Service Restaurants","Brunch","470059631002",4
10193924,"restaurant_58","TN","Full-Service Restaurants","Brunch","470370127011",4
10193925,"restaurant_58","TN","Full-Service Restaurants","Brunch","471870505033",4
10193926,"restaurant_58","TN","Full-Service Restaurants","Brunch","471190108022",4
10193927,"restaurant_58","TN","Full-Service Restaurants","Brunch","471130016102",4
10193928,"restaurant_58","TN","Full-Service Restaurants","Brunch","470370110013",4
10193929,"restaurant_58","TN","Full-Service Restaurants","Brunch","471490403031",4
10193930,"restaurant_58","TN","Full-Service Restaurants","Brunch","471359302002",4
10193931,"restaurant_58","TN","Full-Service Restaurants","Brunch","281599504001",4
10193932,"restaurant_58","TN","Full-Service Restaurants","Brunch","471650210051",4
10193933,"restaurant_58","TN","Full-Service Restaurants","Brunch","080350144041",4
10193934,"restaurant_58","TN","Full-Service Restaurants","Brunch","040138170002",4
10193935,"restaurant_58","TN","Full-Service Restaurants","Brunch","470370136012",4
10193936,"restaurant_58","TN","Full-Service Restaurants","Brunch","120050027032",4
10193937,"restaurant_58","TN","Full-Service Restaurants","Brunch","210472013024",4
10193938,"restaurant_58","TN","Full-Service Restaurants","Brunch","471550807002",4
10193939,"restaurant_58","TN","Full-Service Restaurants","Brunch","471490418003",4
10193940,"restaurant_58","TN","Full-Service Restaurants","Brunch","470370131001",4
10193941,"restaurant_58","TN","Full-Service Restaurants","Brunch","471251020041",4
10193942,"restaurant_58","TN","Full-Service Restaurants","Brunch","120690309021",4
10193943,"restaurant_58","TN","Full-Service Restaurants","Brunch","010890113001",4
10193944,"restaurant_58","TN","Full-Service Restaurants","Brunch","471570113001",4
10193945,"restaurant_58","TN","Full-Service Restaurants","Brunch","470370156151",4
10193946,"restaurant_58","TN","Full-Service Restaurants","Brunch","471410004001",4
10193947,"restaurant_58","TN","Full-Service Restaurants","Brunch","471611102003",4
10193948,"restaurant_58","TN","Full-Service Restaurants","Brunch","470370155012",4
10193949,"restaurant_58","TN","Full-Service Restaurants","Brunch","010890105013",4
10193950,"restaurant_58","TN","Full-Service Restaurants","Brunch","120210004023",4
10193951,"restaurant_58","TN","Full-Service Restaurants","Brunch","471870509071",4
10193952,"restaurant_58","TN","Full-Service Restaurants","Brunch","470370174012",4
10193953,"restaurant_58","TN","Full-Service Restaurants","Brunch","471490412011",4
10193954,"restaurant_58","TN","Full-Service Restaurants","Brunch","470370127021",4
10193955,"restaurant_58","TN","Full-Service Restaurants","Brunch","511076107022",4
10193956,"restaurant_58","TN","Full-Service Restaurants","Brunch","470430602003",4
10193957,"restaurant_58","TN","Full-Service Restaurants","Brunch","470370111002",4
10193958,"restaurant_58","TN","Full-Service Restaurants","Brunch","470210704021",4
10193959,"restaurant_58","TN","Full-Service Restaurants","Brunch","191530008011",4
10193960,"restaurant_58","TN","Full-Service Restaurants","Brunch","450450018081",4
10193961,"restaurant_58","TN","Full-Service Restaurants","Brunch","471650209011",4
10193962,"restaurant_58","TN","Full-Service Restaurants","Brunch","131131402032",4
10193963,"restaurant_58","TN","Full-Service Restaurants","Brunch","133130001022",4
10193964,"restaurant_58","TN","Full-Service Restaurants","Brunch","471490412012",4
10193965,"restaurant_58","TN","Full-Service Restaurants","Brunch","471251008001",4
10193966,"restaurant_58","TN","Full-Service Restaurants","Brunch","470430606021",4
10193967,"restaurant_58","TN","Full-Service Restaurants","Brunch","470370110011",4
10193968,"restaurant_58","TN","Full-Service Restaurants","Brunch","211079713001",4
10193969,"restaurant_58","TN","Full-Service Restaurants","Brunch","471650205022",4
10193970,"restaurant_58","TN","Full-Service Restaurants","Brunch","470370179021",4
10193971,"restaurant_58","TN","Full-Service Restaurants","Brunch","280330703101",4
10193972,"restaurant_58","TN","Full-Service Restaurants","Brunch","050590203002",4
10193973,"restaurant_58","TN","Full-Service Restaurants","Brunch","470370172002",4
10193974,"restaurant_58","TN","Full-Service Restaurants","Brunch","471650212014",4
10193975,"restaurant_58","TN","Full-Service Restaurants","Brunch","470370114004",4
10193976,"restaurant_58","TN","Full-Service Restaurants","Brunch","470370107013",4
10193977,"restaurant_58","TN","Full-Service Restaurants","Brunch","470370116003",4
10193978,"restaurant_58","TN","Full-Service Restaurants","Brunch","470370137005",4
10193979,"restaurant_58","TN","Full-Service Restaurants","Brunch","470370180005",4
10193980,"restaurant_58","TN","Full-Service Restaurants","Brunch","210472015032",4
10193981,"restaurant_58","TN","Full-Service Restaurants","Brunch","471490410004",4
10193982,"restaurant_58","TN","Full-Service Restaurants","Brunch","471251020031",4
10193983,"restaurant_58","TN","Full-Service Restaurants","Brunch","180510502005",4
10193984,"restaurant_58","TN","Full-Service Restaurants","Brunch","470370179022",4
10193985,"restaurant_58","TN","Full-Service Restaurants","Brunch","470159601001",4
10266528,"restaurant_45","NE","Full-Service Restaurants","Chinese Food,Vegetarian Food","311090030013",87
10266529,"restaurant_45","NE","Full-Service Restaurants","Chinese Food,Vegetarian Food","311090030032",86
10266530,"restaurant_45","NE","Full-Service Restaurants","Chinese Food,Vegetarian Food","311090030031",83
10266531,"restaurant_45","NE","Full-Service Restaurants","Chinese Food,Vegetarian Food","311090029002",77
10266532,"restaurant_45","NE","Full-Service Restaurants","Chinese Food,Vegetarian Food","311090033021",46
10266533,"restaurant_45","NE","Full-Service Restaurants","Chinese Food,Vegetarian Food","311090102011",46
10266534,"restaurant_45","NE","Full-Service Restaurants","Chinese Food,Vegetarian Food","311090033011",43
10266535,"restaurant_45","NE","Full-Service Restaurants","Chinese Food,Vegetarian Food","311090005001",42
10266536,"restaurant_45","NE","Full-Service Restaurants","Chinese Food,Vegetarian Food","311090029001",41
10266537,"restaurant_45","NE","Full-Service Restaurants","Chinese Food,Vegetarian Food","311090031023",41
10266538,"restaurant_45","NE","Full-Service Restaurants","Chinese Food,Vegetarian Food","311090004001",35
10266539,"restaurant_45","NE","Full-Service Restaurants","Chinese Food,Vegetarian Food","311090031043",35
10266540,"restaurant_45","NE","Full-Service Restaurants","Chinese Food,Vegetarian Food","311090034011",34
10266541,"restaurant_45","NE","Full-Service Restaurants","Chinese Food,Vegetarian Food","311090030022",32
10266542,"restaurant_45","NE","Full-Service Restaurants","Chinese Food,Vegetarian Food","311090004002",31
10266543,"restaurant_45","NE","Full-Service Restaurants","Chinese Food,Vegetarian Food","311090004003",30
10266544,"restaurant_45","NE","Full-Service Restaurants","Chinese Food,Vegetarian Food","311090031032",29
10266545,"restaurant_45","NE","Full-Service Restaurants","Chinese Food,Vegetarian Food","311090031031",28
10266546,"restaurant_45","NE","Full-Service Restaurants","Chinese Food,Vegetarian Food","311090031044",28
10266547,"restaurant_45","NE","Full-Service Restaurants","Chinese Food,Vegetarian Food","311090003003",26
10266548,"restaurant_45","NE","Full-Service Restaurants","Chinese Food,Vegetarian Food","311090030021",23
10266549,"restaurant_45","NE","Full-Service Restaurants","Chinese Food,Vegetarian Food","311090030012",22
10266550,"restaurant_45","NE","Full-Service Restaurants","Chinese Food,Vegetarian Food","311090101003",22
10266551,"restaurant_45","NE","Full-Service Restaurants","Chinese Food,Vegetarian Food","311090034022",22
10266552,"restaurant_45","NE","Full-Service Restaurants","Chinese Food,Vegetarian Food","311090102022",21
10266553,"restaurant_45","NE","Full-Service Restaurants","Chinese Food,Vegetarian Food","311090030023",21
10266554,"restaurant_45","NE","Full-Service Restaurants","Chinese Food,Vegetarian Food","311090006001",21
10266555,"restaurant_45","NE","Full-Service Restaurants","Chinese Food,Vegetarian Food","311090019001",20
10266556,"restaurant_45","NE","Full-Service Restaurants","Chinese Food,Vegetarian Food","311090004004",20
10266557,"restaurant_45","NE","Full-Service Restaurants","Chinese Food,Vegetarian Food","311090031021",20
10266558,"restaurant_45","NE","Full-Service Restaurants","Chinese Food,Vegetarian Food","311090102021",20
10266559,"restaurant_45","NE","Full-Service Restaurants","Chinese Food,Vegetarian Food","311090021001",19
10266560,"restaurant_45","NE","Full-Service Restaurants","Chinese Food,Vegetarian Food","311090007001",19
10266561,"restaurant_45","NE","Full-Service Restaurants","Chinese Food,Vegetarian Food","311090031041",19
10266562,"restaurant_45","NE","Full-Service Restaurants","Chinese Food,Vegetarian Food","311090003004",18
10266563,"restaurant_45","NE","Full-Service Restaurants","Chinese Food,Vegetarian Food","311090001003",18
10266564,"restaurant_45","NE","Full-Service Restaurants","Chinese Food,Vegetarian Food","311090008003",18
10266565,"restaurant_45","NE","Full-Service Restaurants","Chinese Food,Vegetarian Food","311090030011",18
10266566,"restaurant_45","NE","Full-Service Restaurants","Chinese Food,Vegetarian Food","311090011012",17
10266567,"restaurant_45","NE","Full-Service Restaurants","Chinese Food,Vegetarian Food","311090012003",17
10266568,"restaurant_45","NE","Full-Service Restaurants","Chinese Food,Vegetarian Food","311090033012",17
10266569,"restaurant_45","NE","Full-Service Restaurants","Chinese Food,Vegetarian Food","311090018002",16
10266570,"restaurant_45","NE","Full-Service Restaurants","Chinese Food,Vegetarian Food","311090010012",16
10266571,"restaurant_45","NE","Full-Service Restaurants","Chinese Food,Vegetarian Food","311090003002",16
10266572,"restaurant_45","NE","Full-Service Restaurants","Chinese Food,Vegetarian Food","311090031022",16
10266573,"restaurant_45","NE","Full-Service Restaurants","Chinese Food,Vegetarian Food","311090101002",16
10266574,"restaurant_45","NE","Full-Service Restaurants","Chinese Food,Vegetarian Food","311090031042",16
10266575,"restaurant_45","NE","Full-Service Restaurants","Chinese Food,Vegetarian Food","311090037171",16
10266576,"restaurant_45","NE","Full-Service Restaurants","Chinese Food,Vegetarian Food","311090008002",15
10266577,"restaurant_45","NE","Full-Service Restaurants","Chinese Food,Vegetarian Food","311090002022",15
10266578,"restaurant_45","NE","Full-Service Restaurants","Chinese Food,Vegetarian Food","311090018001",15
10266579,"restaurant_45","NE","Full-Service Restaurants","Chinese Food,Vegetarian Food","311090101001",15
10266580,"restaurant_45","NE","Full-Service Restaurants","Chinese Food,Vegetarian Food","311090007002",15
10266581,"restaurant_45","NE","Full-Service Restaurants","Chinese Food,Vegetarian Food","311090011011",15
10266582,"restaurant_45","NE","Full-Service Restaurants","Chinese Food,Vegetarian Food","311090036041",14
10266583,"restaurant_45","NE","Full-Service Restaurants","Chinese Food,Vegetarian Food","311559682003",14
10266584,"restaurant_45","NE","Full-Service Restaurants","Chinese Food,Vegetarian Food","311090006002",14
10266585,"restaurant_45","NE","Full-Service Restaurants","Chinese Food,Vegetarian Food","311090002015",14
10266586,"restaurant_45","NE","Full-Service Restaurants","Chinese Food,Vegetarian Food","311090023007",14
10266587,"restaurant_45","NE","Full-Service Restaurants","Chinese Food,Vegetarian Food","311090015003",13
10266588,"restaurant_45","NE","Full-Service Restaurants","Chinese Food,Vegetarian Food","311090037161",13
10266589,"restaurant_45","NE","Full-Service Restaurants","Chinese Food,Vegetarian Food","311090001001",13
10266590,"restaurant_45","NE","Full-Service Restaurants","Chinese Food,Vegetarian Food","311090002023",13
10266591,"restaurant_45","NE","Full-Service Restaurants","Chinese Food,Vegetarian Food","311090016004",13
10266592,"restaurant_45","NE","Full-Service Restaurants","Chinese Food,Vegetarian Food","311090002012",12
10266593,"restaurant_45","NE","Full-Service Restaurants","Chinese Food,Vegetarian Food","311090003001",12
10266594,"restaurant_45","NE","Full-Service Restaurants","Chinese Food,Vegetarian Food","311090008001",12
10266595,"restaurant_45","NE","Full-Service Restaurants","Chinese Food,Vegetarian Food","311090002021",12
10266596,"restaurant_45","NE","Full-Service Restaurants","Chinese Food,Vegetarian Food","311090020022",12
10266597,"restaurant_45","NE","Full-Service Restaurants","Chinese Food,Vegetarian Food","311090103001",12
10266598,"restaurant_45","NE","Full-Service Restaurants","Chinese Food,Vegetarian Food","311090016005",12
10266599,"restaurant_45","NE","Full-Service Restaurants","Chinese Food,Vegetarian Food","311090102023",12
10266600,"restaurant_45","NE","Full-Service Restaurants","Chinese Food,Vegetarian Food","311559682004",12
10266601,"restaurant_45","NE","Full-Service Restaurants","Chinese Food,Vegetarian Food","311599601001",11
10266602,"restaurant_45","NE","Full-Service Restaurants","Chinese Food,Vegetarian Food","311090002011",11
10266603,"restaurant_45","NE","Full-Service Restaurants","Chinese Food,Vegetarian Food","311090002013",11
10266604,"restaurant_45","NE","Full-Service Restaurants","Chinese Food,Vegetarian Food","311099832001",11
10266605,"restaurant_45","NE","Full-Service Restaurants","Chinese Food,Vegetarian Food","311090038021",10
10266606,"restaurant_45","NE","Full-Service Restaurants","Chinese Food,Vegetarian Food","311090034023",10
10266607,"restaurant_45","NE","Full-Service Restaurants","Chinese Food,Vegetarian Food","311090001002",10
10266608,"restaurant_45","NE","Full-Service Restaurants","Chinese Food,Vegetarian Food","311599604003",10
10266609,"restaurant_45","NE","Full-Service Restaurants","Chinese Food,Vegetarian Food","311090011013",10
10266610,"restaurant_45","NE","Full-Service Restaurants","Chinese Food,Vegetarian Food","311090009003",10
10266611,"restaurant_45","NE","Full-Service Restaurants","Chinese Food,Vegetarian Food","311090010031",10
10266612,"restaurant_45","NE","Full-Service Restaurants","Chinese Food,Vegetarian Food","311090034021",9
10266613,"restaurant_45","NE","Full-Service Restaurants","Chinese Food,Vegetarian Food","311090020021",9
10266614,"restaurant_45","NE","Full-Service Restaurants","Chinese Food,Vegetarian Food","311090022003",9
10266615,"restaurant_45","NE","Full-Service Restaurants","Chinese Food,Vegetarian Food","311090009001",9
10266616,"restaurant_45","NE","Full-Service Restaurants","Chinese Food,Vegetarian Food","311090022002",9
10266617,"restaurant_45","NE","Full-Service Restaurants","Chinese Food,Vegetarian Food","311090036071",9
10266618,"restaurant_45","NE","Full-Service Restaurants","Chinese Food,Vegetarian Food","311090032021",9
10266619,"restaurant_45","NE","Full-Service Restaurants","Chinese Food,Vegetarian Food","311599604004",9
10266620,"restaurant_45","NE","Full-Service Restaurants","Chinese Food,Vegetarian Food","311090037191",8
10266621,"restaurant_45","NE","Full-Service Restaurants","Chinese Food,Vegetarian Food","311090037043",8
10266622,"restaurant_45","NE","Full-Service Restaurants","Chinese Food,Vegetarian Food","311090017005",8
10266623,"restaurant_45","NE","Full-Service Restaurants","Chinese Food,Vegetarian Food","311090010021",8
10266624,"restaurant_45","NE","Full-Service Restaurants","Chinese Food,Vegetarian Food","311090032022",8
10266625,"restaurant_45","NE","Full-Service Restaurants","Chinese Food,Vegetarian Food","311090012004",8
10266626,"restaurant_45","NE","Full-Service Restaurants","Chinese Food,Vegetarian Food","311090037074",8
10266627,"restaurant_45","NE","Full-Service Restaurants","Chinese Food,Vegetarian Food","311090010011",8
10266628,"restaurant_45","NE","Full-Service Restaurants","Chinese Food,Vegetarian Food","311090036081",8
10266629,"restaurant_45","NE","Full-Service Restaurants","Chinese Food,Vegetarian Food","311090028004",8
10266630,"restaurant_45","NE","Full-Service Restaurants","Chinese Food,Vegetarian Food","311090037141",8
10266631,"restaurant_45","NE","Full-Service Restaurants","Chinese Food,Vegetarian Food","311090013011",7
10266632,"restaurant_45","NE","Full-Service Restaurants","Chinese Food,Vegetarian Food","310679647001",7
10266633,"restaurant_45","NE","Full-Service Restaurants","Chinese Food,Vegetarian Food","311090010032",7
10266634,"restaurant_45","NE","Full-Service Restaurants","Chinese Food,Vegetarian Food","311090009004",7
10266635,"restaurant_45","NE","Full-Service Restaurants","Chinese Food,Vegetarian Food","311090022006",7
10266636,"restaurant_45","NE","Full-Service Restaurants","Chinese Food,Vegetarian Food","311090022004",7
10266637,"restaurant_45","NE","Full-Service Restaurants","Chinese Food,Vegetarian Food","311090036051",7
10266638,"restaurant_45","NE","Full-Service Restaurants","Chinese Food,Vegetarian Food","311090017002",7
10266639,"restaurant_45","NE","Full-Service Restaurants","Chinese Food,Vegetarian Food","311599603001",7
10266640,"restaurant_45","NE","Full-Service Restaurants","Chinese Food,Vegetarian Food","311599603002",7
10266641,"restaurant_45","NE","Full-Service Restaurants","Chinese Food,Vegetarian Food","311090023002",7
10266642,"restaurant_45","NE","Full-Service Restaurants","Chinese Food,Vegetarian Food","311090037041",7
10266643,"restaurant_45","NE","Full-Service Restaurants","Chinese Food,Vegetarian Food","311090022001",7
10266644,"restaurant_45","NE","Full-Service Restaurants","Chinese Food,Vegetarian Food","311090037081",7
10266645,"restaurant_45","NE","Full-Service Restaurants","Chinese Food,Vegetarian Food","311090036091",7
10266646,"restaurant_45","NE","Full-Service Restaurants","Chinese Food,Vegetarian Food","311090010013",7
10266647,"restaurant_45","NE","Full-Service Restaurants","Chinese Food,Vegetarian Food","311090027025",6
10266648,"restaurant_45","NE","Full-Service Restaurants","Chinese Food,Vegetarian Food","311599602001",6
10266649,"restaurant_45","NE","Full-Service Restaurants","Chinese Food,Vegetarian Food","311090037042",6
10266650,"restaurant_45","NE","Full-Service Restaurants","Chinese Food,Vegetarian Food","311859696001",6
10266651,"restaurant_45","NE","Full-Service Restaurants","Chinese Food,Vegetarian Food","311090012002",6
10266652,"restaurant_45","NE","Full-Service Restaurants","Chinese Food,Vegetarian Food","311090104003",6
10266653,"restaurant_45","NE","Full-Service Restaurants","Chinese Food,Vegetarian Food","311090037151",6
10266654,"restaurant_45","NE","Full-Service Restaurants","Chinese Food,Vegetarian Food","311090027012",6
10266655,"restaurant_45","NE","Full-Service Restaurants","Chinese Food,Vegetarian Food","310259658003",6
10266656,"restaurant_45","NE","Full-Service Restaurants","Chinese Food,Vegetarian Food","311090028001",6
10266657,"restaurant_45","NE","Full-Service Restaurants","Chinese Food,Vegetarian Food","310259659004",6
10266658,"restaurant_45","NE","Full-Service Restaurants","Chinese Food,Vegetarian Food","311090017003",6
10266659,"restaurant_45","NE","Full-Service Restaurants","Chinese Food,Vegetarian Food","311090011022",6
10266660,"restaurant_45","NE","Full-Service Restaurants","Chinese Food,Vegetarian Food","311599604001",6
10266661,"restaurant_45","NE","Full-Service Restaurants","Chinese Food,Vegetarian Food","311090011021",6
10266662,"restaurant_45","NE","Full-Service Restaurants","Chinese Food,Vegetarian Food","311090002014",6
10266663,"restaurant_45","NE","Full-Service Restaurants","Chinese Food,Vegetarian Food","311090020012",6
10266664,"restaurant_45","NE","Full-Service Restaurants","Chinese Food,Vegetarian Food","311090036053",6
10266665,"restaurant_45","NE","Full-Service Restaurants","Chinese Food,Vegetarian Food","311090020013",5
10266666,"restaurant_45","NE","Full-Service Restaurants","Chinese Food,Vegetarian Food","311090036052",5
10266667,"restaurant_45","NE","Full-Service Restaurants","Chinese Food,Vegetarian Food","311519606001",5
10266668,"restaurant_45","NE","Full-Service Restaurants","Chinese Food,Vegetarian Food","311599601003",5
10266669,"restaurant_45","NE","Full-Service Restaurants","Chinese Food,Vegetarian Food","311090013022",5
10266670,"restaurant_45","NE","Full-Service Restaurants","Chinese Food,Vegetarian Food","311090009002",5
10266671,"restaurant_45","NE","Full-Service Restaurants","Chinese Food,Vegetarian Food","311090027013",5
10266672,"restaurant_45","NE","Full-Service Restaurants","Chinese Food,Vegetarian Food","311090017001",5
10266673,"restaurant_45","NE","Full-Service Restaurants","Chinese Food,Vegetarian Food","311090027022",5
10266674,"restaurant_45","NE","Full-Service Restaurants","Chinese Food,Vegetarian Food","311090027021",5
10266675,"restaurant_45","NE","Full-Service Restaurants","Chinese Food,Vegetarian Food","311090017006",5
10266676,"restaurant_45","NE","Full-Service Restaurants","Chinese Food,Vegetarian Food","311599602002",5
10266677,"restaurant_45","NE","Full-Service Restaurants","Chinese Food,Vegetarian Food","311090015001",5
10266678,"restaurant_45","NE","Full-Service Restaurants","Chinese Food,Vegetarian Food","311090022005",5
10266679,"restaurant_45","NE","Full-Service Restaurants","Chinese Food,Vegetarian Food","310239677001",5
10266680,"restaurant_45","NE","Full-Service Restaurants","Chinese Food,Vegetarian Food","311090028005",5
10266681,"restaurant_45","NE","Full-Service Restaurants","Chinese Food,Vegetarian Food","311319668002",5
10266682,"restaurant_45","NE","Full-Service Restaurants","Chinese Food,Vegetarian Food","311859698001",5
10266683,"restaurant_45","NE","Full-Service Restaurants","Chinese Food,Vegetarian Food","310979675002",4
10266684,"restaurant_45","NE","Full-Service Restaurants","Chinese Food,Vegetarian Food","311559685002",4
10266685,"restaurant_45","NE","Full-Service Restaurants","Chinese Food,Vegetarian Food","311090025004",4
10266686,"restaurant_45","NE","Full-Service Restaurants","Chinese Food,Vegetarian Food","311699631002",4
10266687,"restaurant_45","NE","Full-Service Restaurants","Chinese Food,Vegetarian Food","311090025003",4
10266688,"restaurant_45","NE","Full-Service Restaurants","Chinese Food,Vegetarian Food","311090020023",4
10266689,"restaurant_45","NE","Full-Service Restaurants","Chinese Food,Vegetarian Food","311090037201",4
10266690,"restaurant_45","NE","Full-Service Restaurants","Chinese Food,Vegetarian Food","311090014005",4
10266691,"restaurant_45","NE","Full-Service Restaurants","Chinese Food,Vegetarian Food","311519607001",4
10266692,"restaurant_45","NE","Full-Service Restaurants","Chinese Food,Vegetarian Food","311559684001",4
10266693,"restaurant_45","NE","Full-Service Restaurants","Chinese Food,Vegetarian Food","311090037072",4
10266694,"restaurant_45","NE","Full-Service Restaurants","Chinese Food,Vegetarian Food","311859699001",4
10266695,"restaurant_45","NE","Full-Service Restaurants","Chinese Food,Vegetarian Food","311599603003",4
10266696,"restaurant_45","NE","Full-Service Restaurants","Chinese Food,Vegetarian Food","311519606002",4
10266697,"restaurant_45","NE","Full-Service Restaurants","Chinese Food,Vegetarian Food","311090014001",4
10266698,"restaurant_45","NE","Full-Service Restaurants","Chinese Food,Vegetarian Food","311090020011",4
10266699,"restaurant_45","NE","Full-Service Restaurants","Chinese Food,Vegetarian Food","311090016001",4
10266700,"restaurant_45","NE","Full-Service Restaurants","Chinese Food,Vegetarian Food","311090014004",4
10266701,"restaurant_45","NE","Full-Service Restaurants","Chinese Food,Vegetarian Food","311519607002",4
10266702,"restaurant_45","NE","Full-Service Restaurants","Chinese Food,Vegetarian Food","311559683003",4
10266703,"restaurant_45","NE","Full-Service Restaurants","Chinese Food,Vegetarian Food","191550313001",4
10266704,"restaurant_45","NE","Full-Service Restaurants","Chinese Food,Vegetarian Food","310679647002",4
10266705,"restaurant_45","NE","Full-Service Restaurants","Chinese Food,Vegetarian Food","311090016002",4
10266706,"restaurant_45","NE","Full-Service Restaurants","Chinese Food,Vegetarian Food","311090037061",4
10266707,"restaurant_45","NE","Full-Service Restaurants","Chinese Food,Vegetarian Food","311599604002",4
10266708,"restaurant_45","NE","Full-Service Restaurants","Chinese Food,Vegetarian Food","311090023001",4
10266709,"restaurant_45","NE","Full-Service Restaurants","Chinese Food,Vegetarian Food","310679648003",4
10266710,"restaurant_45","NE","Full-Service Restaurants","Chinese Food,Vegetarian Food","311090037091",4
10266711,"restaurant_45","NE","Full-Service Restaurants","Chinese Food,Vegetarian Food","310259658001",4
10266712,"restaurant_45","NE","Full-Service Restaurants","Chinese Food,Vegetarian Food","311090037181",4
10266713,"restaurant_45","NE","Full-Service Restaurants","Chinese Food,Vegetarian Food","311559684003",4
10266714,"restaurant_45","NE","Full-Service Restaurants","Chinese Food,Vegetarian Food","311599601002",4
10266715,"restaurant_45","NE","Full-Service Restaurants","Chinese Food,Vegetarian Food","311559683001",4
10266716,"restaurant_45","NE","Full-Service Restaurants","Chinese Food,Vegetarian Food","311519608001",4
10266717,"restaurant_45","NE","Full-Service Restaurants","Chinese Food,Vegetarian Food","311530106261",4
10266718,"restaurant_45","NE","Full-Service Restaurants","Chinese Food,Vegetarian Food","311090015002",4
10266719,"restaurant_45","NE","Full-Service Restaurants","Chinese Food,Vegetarian Food","311090023006",4
10266720,"restaurant_45","NE","Full-Service Restaurants","Chinese Food,Vegetarian Food","311090038012",4
10266721,"restaurant_45","NE","Full-Service Restaurants","Chinese Food,Vegetarian Food","311090013023",4
10266722,"restaurant_45","NE","Full-Service Restaurants","Chinese Food,Vegetarian Food","310239678001",4
10266723,"restaurant_45","NE","Full-Service Restaurants","Chinese Food,Vegetarian Food","311090037073",4
10266724,"restaurant_45","NE","Full-Service Restaurants","Chinese Food,Vegetarian Food","311090038022",4
10266725,"restaurant_45","NE","Full-Service Restaurants","Chinese Food,Vegetarian Food","311090037062",4
10266726,"restaurant_45","NE","Full-Service Restaurants","Chinese Food,Vegetarian Food","311090021002",4
10266727,"restaurant_45","NE","Full-Service Restaurants","Chinese Food,Vegetarian Food","310139512003",4
10266728,"restaurant_45","NE","Full-Service Restaurants","Chinese Food,Vegetarian Food","310550075172",4
10266729,"restaurant_45","NE","Full-Service Restaurants","Chinese Food,Vegetarian Food","311559681001",4
10266730,"restaurant_45","NE","Full-Service Restaurants","Chinese Food,Vegetarian Food","311699631001",4
10266731,"restaurant_45","NE","Full-Service Restaurants","Chinese Food,Vegetarian Food","310679646002",4
10266732,"restaurant_45","NE","Full-Service Restaurants","Chinese Food,Vegetarian Food","310679648001",4
10266733,"restaurant_45","NE","Full-Service Restaurants","Chinese Food,Vegetarian Food","310199697004",4
10266734,"restaurant_45","NE","Full-Service Restaurants","Chinese Food,Vegetarian Food","311519609001",4
10266735,"restaurant_45","NE","Full-Service Restaurants","Chinese Food,Vegetarian Food","311090012001",4
10266736,"restaurant_45","NE","Full-Service Restaurants","Chinese Food,Vegetarian Food","311559684002",4
10266737,"restaurant_45","NE","Full-Service Restaurants","Chinese Food,Vegetarian Food","311090025002",4
10266738,"restaurant_45","NE","Full-Service Restaurants","Chinese Food,Vegetarian Food","311859699002",4
10266739,"restaurant_45","NE","Full-Service Restaurants","Chinese Food,Vegetarian Food","311090037044",4
10266740,"restaurant_45","NE","Full-Service Restaurants","Chinese Food,Vegetarian Food","311530106234",4
10266741,"restaurant_45","NE","Full-Service Restaurants","Chinese Food,Vegetarian Food","480850316121",4
10266742,"restaurant_45","NE","Full-Service Restaurants","Chinese Food,Vegetarian Food","311090017004",4
10266743,"restaurant_45","NE","Full-Service Restaurants","Chinese Food,Vegetarian Food","310550074712",4
10266744,"restaurant_45","NE","Full-Service Restaurants","Chinese Food,Vegetarian Food","310550049001",4
10266745,"restaurant_45","NE","Full-Service Restaurants","Chinese Food,Vegetarian Food","310679646001",4
10266746,"restaurant_45","NE","Full-Service Restaurants","Chinese Food,Vegetarian Food","311090104004",4
10266747,"restaurant_45","NE","Full-Service Restaurants","Chinese Food,Vegetarian Food","310539641001",4
10266748,"restaurant_45","NE","Full-Service Restaurants","Chinese Food,Vegetarian Food","310359621003",4
10266749,"restaurant_45","NE","Full-Service Restaurants","Chinese Food,Vegetarian Food","311090028003",4
10266750,"restaurant_45","NE","Full-Service Restaurants","Chinese Food,Vegetarian Food","311699632002",4
10266751,"restaurant_45","NE","Full-Service Restaurants","Chinese Food,Vegetarian Food","311090025001",4
10266752,"restaurant_45","NE","Full-Service Restaurants","Chinese Food,Vegetarian Food","310979675001",4
10266753,"restaurant_45","NE","Full-Service Restaurants","Chinese Food,Vegetarian Food","310139512004",4
10266754,"restaurant_45","NE","Full-Service Restaurants","Chinese Food,Vegetarian Food","311519606004",4
10266755,"restaurant_45","NE","Full-Service Restaurants","Chinese Food,Vegetarian Food","311699632001",4
10266756,"restaurant_45","NE","Full-Service Restaurants","Chinese Food,Vegetarian Food","311519606003",4
10266757,"restaurant_45","NE","Full-Service Restaurants","Chinese Food,Vegetarian Food","311459632002",4
10266758,"restaurant_45","NE","Full-Service Restaurants","Chinese Food,Vegetarian Food","311530105012",4
10266759,"restaurant_45","NE","Full-Service Restaurants","Chinese Food,Vegetarian Food","311090037063",4
10266760,"restaurant_45","NE","Full-Service Restaurants","Chinese Food,Vegetarian Food","170310813005",4
10266761,"restaurant_45","NE","Full-Service Restaurants","Chinese Food,Vegetarian Food","310259659003",4
10266762,"restaurant_45","NE","Full-Service Restaurants","Chinese Food,Vegetarian Food","311090103002",4
10266763,"restaurant_45","NE","Full-Service Restaurants","Chinese Food,Vegetarian Food","310550018003",4
10266764,"restaurant_45","NE","Full-Service Restaurants","Chinese Food,Vegetarian Food","311090014002",4
10266765,"restaurant_45","NE","Full-Service Restaurants","Chinese Food,Vegetarian Food","311090037092",4
10266766,"restaurant_45","NE","Full-Service Restaurants","Chinese Food,Vegetarian Food","080010085062",4
10266767,"restaurant_45","NE","Full-Service Restaurants","Chinese Food,Vegetarian Food","311419653004",4
10266768,"restaurant_45","NE","Full-Service Restaurants","Chinese Food,Vegetarian Food","310550074442",4
10266769,"restaurant_45","NE","Full-Service Restaurants","Chinese Food,Vegetarian Food","311319670003",4
10266770,"restaurant_45","NE","Full-Service Restaurants","Chinese Food,Vegetarian Food","310590916001",4
10266771,"restaurant_45","NE","Full-Service Restaurants","Chinese Food,Vegetarian Food","310539640002",4
10266772,"restaurant_45","NE","Full-Service Restaurants","Chinese Food,Vegetarian Food","311119604006",4
10266773,"restaurant_45","NE","Full-Service Restaurants","Chinese Food,Vegetarian Food","310259657002",4
10266774,"restaurant_45","NE","Full-Service Restaurants","Chinese Food,Vegetarian Food","311090104005",4
10266775,"restaurant_45","NE","Full-Service Restaurants","Chinese Food,Vegetarian Food","310790013002",4
10266776,"restaurant_45","NE","Full-Service Restaurants","Chinese Food,Vegetarian Food","311090023005",4
10266777,"restaurant_45","NE","Full-Service Restaurants","Chinese Food,Vegetarian Food","311859697004",4
10266778,"restaurant_45","NE","Full-Service Restaurants","Chinese Food,Vegetarian Food","311090038011",4
10266779,"restaurant_45","NE","Full-Service Restaurants","Chinese Food,Vegetarian Food","311090028002",4
10266780,"restaurant_45","NE","Full-Service Restaurants","Chinese Food,Vegetarian Food","310590916002",4
10266781,"restaurant_45","NE","Full-Service Restaurants","Chinese Food,Vegetarian Food","310550043002",4
10266782,"restaurant_45","NE","Full-Service Restaurants","Chinese Food,Vegetarian Food","311519608002",4
10266783,"restaurant_45","NE","Full-Service Restaurants","Chinese Food,Vegetarian Food","310590917003",4
10266784,"restaurant_45","NE","Full-Service Restaurants","Chinese Food,Vegetarian Food","191550303004",4
10266785,"restaurant_45","NE","Full-Service Restaurants","Chinese Food,Vegetarian Food","311530106291",4
10266786,"restaurant_45","NE","Full-Service Restaurants","Chinese Food,Vegetarian Food","310539636003",4
10266787,"restaurant_45","NE","Full-Service Restaurants","Chinese Food,Vegetarian Food","310679650001",4
10266788,"restaurant_45","NE","Full-Service Restaurants","Chinese Food,Vegetarian Food","311090024003",4
10266789,"restaurant_45","NE","Full-Service Restaurants","Chinese Food,Vegetarian Food","310679650002",4
10266790,"restaurant_45","NE","Full-Service Restaurants","Chinese Food,Vegetarian Food","311859697002",4
10266791,"restaurant_45","NE","Full-Service Restaurants","Chinese Food,Vegetarian Food","202090447031",4
10266792,"restaurant_45","NE","Full-Service Restaurants","Chinese Food,Vegetarian Food","310139513003",4
10266793,"restaurant_45","NE","Full-Service Restaurants","Chinese Food,Vegetarian Food","310359622001",4
10266794,"restaurant_45","NE","Full-Service Restaurants","Chinese Food,Vegetarian Food","311559685001",4
10266795,"restaurant_45","NE","Full-Service Restaurants","Chinese Food,Vegetarian Food","310550075161",4
10266796,"restaurant_45","NE","Full-Service Restaurants","Chinese Food,Vegetarian Food","310239676001",4
10266797,"restaurant_45","NE","Full-Service Restaurants","Chinese Food,Vegetarian Food","310979676002",4
10266798,"restaurant_45","NE","Full-Service Restaurants","Chinese Food,Vegetarian Food","311439601003",4
10936342,"restaurant_73","CO","Limited-Service Restaurants","Breakfast,Counter Service,Dinner,Drive Through,Fast Food,Late Night,Lunch,Mexican Food","081230014121",22
10936343,"restaurant_73","CO","Limited-Service Restaurants","Breakfast,Counter Service,Dinner,Drive Through,Fast Food,Late Night,Lunch,Mexican Food","081230014061",17
10936344,"restaurant_73","CO","Limited-Service Restaurants","Breakfast,Counter Service,Dinner,Drive Through,Fast Food,Late Night,Lunch,Mexican Food","081230014141",16
10936345,"restaurant_73","CO","Limited-Service Restaurants","Breakfast,Counter Service,Dinner,Drive Through,Fast Food,Late Night,Lunch,Mexican Food","081230021014",16
10936346,"restaurant_73","CO","Limited-Service Restaurants","Breakfast,Counter Service,Dinner,Drive Through,Fast Food,Late Night,Lunch,Mexican Food","081230014111",12
10936347,"restaurant_73","CO","Limited-Service Restaurants","Breakfast,Counter Service,Dinner,Drive Through,Fast Food,Late Night,Lunch,Mexican Food","081230014161",12
10936348,"restaurant_73","CO","Limited-Service Restaurants","Breakfast,Counter Service,Dinner,Drive Through,Fast Food,Late Night,Lunch,Mexican Food","081230014071",11
10936349,"restaurant_73","CO","Limited-Service Restaurants","Breakfast,Counter Service,Dinner,Drive Through,Fast Food,Late Night,Lunch,Mexican Food","081230014151",9
10936350,"restaurant_73","CO","Limited-Service Restaurants","Breakfast,Counter Service,Dinner,Drive Through,Fast Food,Late Night,Lunch,Mexican Food","081230014081",7
10936351,"restaurant_73","CO","Limited-Service Restaurants","Breakfast,Counter Service,Dinner,Drive Through,Fast Food,Late Night,Lunch,Mexican Food","081230014171",6
10936352,"restaurant_73","CO","Limited-Service Restaurants","Breakfast,Counter Service,Dinner,Drive Through,Fast Food,Late Night,Lunch,Mexican Food","081230014132",6
10936353,"restaurant_73","CO","Limited-Service Restaurants","Breakfast,Counter Service,Dinner,Drive Through,Fast Food,Late Night,Lunch,Mexican Food","081230001001",5
10936354,"restaurant_73","CO","Limited-Service Restaurants","Breakfast,Counter Service,Dinner,Drive Through,Fast Food,Late Night,Lunch,Mexican Food","081230022091",4
10936355,"restaurant_73","CO","Limited-Service Restaurants","Breakfast,Counter Service,Dinner,Drive Through,Fast Food,Late Night,Lunch,Mexican Food","081230021021",4
10936356,"restaurant_73","CO","Limited-Service Restaurants","Breakfast,Counter Service,Dinner,Drive Through,Fast Food,Late Night,Lunch,Mexican Food","081230015003",4
10936357,"restaurant_73","CO","Limited-Service Restaurants","Breakfast,Counter Service,Dinner,Drive Through,Fast Food,Late Night,Lunch,Mexican Food","081230021013",4
10936358,"restaurant_73","CO","Limited-Service Restaurants","Breakfast,Counter Service,Dinner,Drive Through,Fast Food,Late Night,Lunch,Mexican Food","081230011002",4
10936359,"restaurant_73","CO","Limited-Service Restaurants","Breakfast,Counter Service,Dinner,Drive Through,Fast Food,Late Night,Lunch,Mexican Food","081230025011",4
10936360,"restaurant_73","CO","Limited-Service Restaurants","Breakfast,Counter Service,Dinner,Drive Through,Fast Food,Late Night,Lunch,Mexican Food","081230014102",4
10936361,"restaurant_73","CO","Limited-Service Restaurants","Breakfast,Counter Service,Dinner,Drive Through,Fast Food,Late Night,Lunch,Mexican Food","081230015002",4
10936362,"restaurant_73","CO","Limited-Service Restaurants","Breakfast,Counter Service,Dinner,Drive Through,Fast Food,Late Night,Lunch,Mexican Food","081230014131",4
10936363,"restaurant_73","CO","Limited-Service Restaurants","Breakfast,Counter Service,Dinner,Drive Through,Fast Food,Late Night,Lunch,Mexican Food","081230010054",4
10936364,"restaurant_73","CO","Limited-Service Restaurants","Breakfast,Counter Service,Dinner,Drive Through,Fast Food,Late Night,Lunch,Mexican Food","081230014101",4
10936365,"restaurant_73","CO","Limited-Service Restaurants","Breakfast,Counter Service,Dinner,Drive Through,Fast Food,Late Night,Lunch,Mexican Food","081230010063",4
10936366,"restaurant_73","CO","Limited-Service Restaurants","Breakfast,Counter Service,Dinner,Drive Through,Fast Food,Late Night,Lunch,Mexican Food","081230017002",4
10936367,"restaurant_73","CO","Limited-Service Restaurants","Breakfast,Counter Service,Dinner,Drive Through,Fast Food,Late Night,Lunch,Mexican Food","081230007052",4
10936368,"restaurant_73","CO","Limited-Service Restaurants","Breakfast,Counter Service,Dinner,Drive Through,Fast Food,Late Night,Lunch,Mexican Food","081230014042",4
10936369,"restaurant_73","CO","Limited-Service Restaurants","Breakfast,Counter Service,Dinner,Drive Through,Fast Food,Late Night,Lunch,Mexican Food","081230014053",4
10936370,"restaurant_73","CO","Limited-Service Restaurants","Breakfast,Counter Service,Dinner,Drive Through,Fast Food,Late Night,Lunch,Mexican Food","081230010061",4
10936371,"restaurant_73","CO","Limited-Service Restaurants","Breakfast,Counter Service,Dinner,Drive Through,Fast Food,Late Night,Lunch,Mexican Food","081230010062",4
10936372,"restaurant_73","CO","Limited-Service Restaurants","Breakfast,Counter Service,Dinner,Drive Through,Fast Food,Late Night,Lunch,Mexican Food","081230021022",4
10936373,"restaurant_73","CO","Limited-Service Restaurants","Breakfast,Counter Service,Dinner,Drive Through,Fast Food,Late Night,Lunch,Mexican Food","081230012012",4
10936374,"restaurant_73","CO","Limited-Service Restaurants","Breakfast,Counter Service,Dinner,Drive Through,Fast Food,Late Night,Lunch,Mexican Food","081230006001",4
10936375,"restaurant_73","CO","Limited-Service Restaurants","Breakfast,Counter Service,Dinner,Drive Through,Fast Food,Late Night,Lunch,Mexican Food","081230010055",4
10936376,"restaurant_73","CO","Limited-Service Restaurants","Breakfast,Counter Service,Dinner,Drive Through,Fast Food,Late Night,Lunch,Mexican Food","081230014172",4
10936377,"restaurant_73","CO","Limited-Service Restaurants","Breakfast,Counter Service,Dinner,Drive Through,Fast Food,Late Night,Lunch,Mexican Food","081230012013",4
10936378,"restaurant_73","CO","Limited-Service Restaurants","Breakfast,Counter Service,Dinner,Drive Through,Fast Food,Late Night,Lunch,Mexican Food","081230010041",4
10936379,"restaurant_73","CO","Limited-Service Restaurants","Breakfast,Counter Service,Dinner,Drive Through,Fast Food,Late Night,Lunch,Mexican Food","081230011001",4
10936380,"restaurant_73","CO","Limited-Service Restaurants","Breakfast,Counter Service,Dinner,Drive Through,Fast Food,Late Night,Lunch,Mexican Food","081230023003",4
10936381,"restaurant_73","CO","Limited-Service Restaurants","Breakfast,Counter Service,Dinner,Drive Through,Fast Food,Late Night,Lunch,Mexican Food","081230018001",4
10936382,"restaurant_73","CO","Limited-Service Restaurants","Breakfast,Counter Service,Dinner,Drive Through,Fast Food,Late Night,Lunch,Mexican Food","081230008002",4
10936383,"restaurant_73","CO","Limited-Service Restaurants","Breakfast,Counter Service,Dinner,Drive Through,Fast Food,Late Night,Lunch,Mexican Food","081230009001",4
10936384,"restaurant_73","CO","Limited-Service Restaurants","Breakfast,Counter Service,Dinner,Drive Through,Fast Food,Late Night,Lunch,Mexican Food","080690020101",4
10936385,"restaurant_73","CO","Limited-Service Restaurants","Breakfast,Counter Service,Dinner,Drive Through,Fast Food,Late Night,Lunch,Mexican Food","081230002002",4
10936386,"restaurant_73","CO","Limited-Service Restaurants","Breakfast,Counter Service,Dinner,Drive Through,Fast Food,Late Night,Lunch,Mexican Food","081230007041",4
10936387,"restaurant_73","CO","Limited-Service Restaurants","Breakfast,Counter Service,Dinner,Drive Through,Fast Food,Late Night,Lunch,Mexican Food","081230004022",4
10936388,"restaurant_73","CO","Limited-Service Restaurants","Breakfast,Counter Service,Dinner,Drive Through,Fast Food,Late Night,Lunch,Mexican Food","081230014091",4
10936389,"restaurant_73","CO","Limited-Service Restaurants","Breakfast,Counter Service,Dinner,Drive Through,Fast Food,Late Night,Lunch,Mexican Food","080690013014",4
10936390,"restaurant_73","CO","Limited-Service Restaurants","Breakfast,Counter Service,Dinner,Drive Through,Fast Food,Late Night,Lunch,Mexican Food","081230012022",4
10936391,"restaurant_73","CO","Limited-Service Restaurants","Breakfast,Counter Service,Dinner,Drive Through,Fast Food,Late Night,Lunch,Mexican Food","060730083471",4
10936392,"restaurant_73","CO","Limited-Service Restaurants","Breakfast,Counter Service,Dinner,Drive Through,Fast Food,Late Night,Lunch,Mexican Food","080690018061",4
10936393,"restaurant_73","CO","Limited-Service Restaurants","Breakfast,Counter Service,Dinner,Drive Through,Fast Food,Late Night,Lunch,Mexican Food","081230017003",4
11128035,"restaurant_62","CA","Full-Service Restaurants",NA,"060710250001",98
11128036,"restaurant_62","CA","Full-Service Restaurants",NA,"020900011001",4
11128037,"restaurant_62","CA","Full-Service Restaurants",NA,"480990105022",4
11128038,"restaurant_62","CA","Full-Service Restaurants",NA,"480270231082",4
11128039,"restaurant_62","CA","Full-Service Restaurants",NA,"480990105032",4
11128040,"restaurant_62","CA","Full-Service Restaurants",NA,"480270232031",4
11222691,"restaurant_2","CA","Full-Service Restaurants","Mexican Food,Seafood","060590748032",4
11222692,"restaurant_2","CA","Full-Service Restaurants","Mexican Food,Seafood","060590626411",4
11700520,"restaurant_27","WA","Snack and Nonalcoholic Beverage Bars","Bar or Pub,Coffee Shop,Late Night,Wine Bar","530330316032",9
11700521,"restaurant_27","WA","Snack and Nonalcoholic Beverage Bars","Bar or Pub,Coffee Shop,Late Night,Wine Bar","530330316033",6
11700522,"restaurant_27","WA","Snack and Nonalcoholic Beverage Bars","Bar or Pub,Coffee Shop,Late Night,Wine Bar","530330316051",4
12178338,"restaurant_34","IL","Full-Service Restaurants","Sushi,Thai Food","170311502004",6
12178339,"restaurant_34","IL","Full-Service Restaurants","Sushi,Thai Food","170311602004",4
12178340,"restaurant_34","IL","Full-Service Restaurants","Sushi,Thai Food","170311104001",4
12178341,"restaurant_34","IL","Full-Service Restaurants","Sushi,Thai Food","170311502002",4
12178342,"restaurant_34","IL","Full-Service Restaurants","Sushi,Thai Food","170311507001",4
12178343,"restaurant_34","IL","Full-Service Restaurants","Sushi,Thai Food","170312001003",4
12178344,"restaurant_34","IL","Full-Service Restaurants","Sushi,Thai Food","170311105021",4
12459791,"restaurant_24","CA","Full-Service Restaurants",NA,"060375407002",18
12459792,"restaurant_24","CA","Full-Service Restaurants",NA,"060375413004",6
12459793,"restaurant_24","CA","Full-Service Restaurants",NA,"060375414001",4
12459794,"restaurant_24","CA","Full-Service Restaurants",NA,"060375415004",4
12459795,"restaurant_24","CA","Full-Service Restaurants",NA,"060372077101",4
12459796,"restaurant_24","CA","Full-Service Restaurants",NA,"060375406001",4
12459797,"restaurant_24","CA","Full-Service Restaurants",NA,"060375415003",4
12459798,"restaurant_24","CA","Full-Service Restaurants",NA,"060375432024",4
12459799,"restaurant_24","CA","Full-Service Restaurants",NA,"060375406002",4
12459800,"restaurant_24","CA","Full-Service Restaurants",NA,"060375416062",4
12791288,"restaurant_36","MI","Full-Service Restaurants","American Food,Breakfast,Brunch,Casual Dining,Diner,Dinner,Lunch","261450102001",19
12791289,"restaurant_36","MI","Full-Service Restaurants","American Food,Breakfast,Brunch,Casual Dining,Diner,Dinner,Lunch","261450103042",14
12791290,"restaurant_36","MI","Full-Service Restaurants","American Food,Breakfast,Brunch,Casual Dining,Diner,Dinner,Lunch","261450102002",12
12791291,"restaurant_36","MI","Full-Service Restaurants","American Food,Breakfast,Brunch,Casual Dining,Diner,Dinner,Lunch","261450103032",10
12791292,"restaurant_36","MI","Full-Service Restaurants","American Food,Breakfast,Brunch,Casual Dining,Diner,Dinner,Lunch","261450108002",9
12791293,"restaurant_36","MI","Full-Service Restaurants","American Food,Breakfast,Brunch,Casual Dining,Diner,Dinner,Lunch","261450103022",8
12791294,"restaurant_36","MI","Full-Service Restaurants","American Food,Breakfast,Brunch,Casual Dining,Diner,Dinner,Lunch","261450019002",7
12791295,"restaurant_36","MI","Full-Service Restaurants","American Food,Breakfast,Brunch,Casual Dining,Diner,Dinner,Lunch","261450116003",6
12791296,"restaurant_36","MI","Full-Service Restaurants","American Food,Breakfast,Brunch,Casual Dining,Diner,Dinner,Lunch","261450110005",6
12791297,"restaurant_36","MI","Full-Service Restaurants","American Food,Breakfast,Brunch,Casual Dining,Diner,Dinner,Lunch","261450118002",5
12791298,"restaurant_36","MI","Full-Service Restaurants","American Food,Breakfast,Brunch,Casual Dining,Diner,Dinner,Lunch","261450103041",5
12791299,"restaurant_36","MI","Full-Service Restaurants","American Food,Breakfast,Brunch,Casual Dining,Diner,Dinner,Lunch","261450108001",5
12791300,"restaurant_36","MI","Full-Service Restaurants","American Food,Breakfast,Brunch,Casual Dining,Diner,Dinner,Lunch","261450101002",5
12791301,"restaurant_36","MI","Full-Service Restaurants","American Food,Breakfast,Brunch,Casual Dining,Diner,Dinner,Lunch","261450101001",5
12791302,"restaurant_36","MI","Full-Service Restaurants","American Food,Breakfast,Brunch,Casual Dining,Diner,Dinner,Lunch","261450107002",5
12791303,"restaurant_36","MI","Full-Service Restaurants","American Food,Breakfast,Brunch,Casual Dining,Diner,Dinner,Lunch","261450120011",5
12791304,"restaurant_36","MI","Full-Service Restaurants","American Food,Breakfast,Brunch,Casual Dining,Diner,Dinner,Lunch","260172855002",5
12791305,"restaurant_36","MI","Full-Service Restaurants","American Food,Breakfast,Brunch,Casual Dining,Diner,Dinner,Lunch","261450103021",5
12791306,"restaurant_36","MI","Full-Service Restaurants","American Food,Breakfast,Brunch,Casual Dining,Diner,Dinner,Lunch","261450103043",5
12791307,"restaurant_36","MI","Full-Service Restaurants","American Food,Breakfast,Brunch,Casual Dining,Diner,Dinner,Lunch","261450121002",5
12791308,"restaurant_36","MI","Full-Service Restaurants","American Food,Breakfast,Brunch,Casual Dining,Diner,Dinner,Lunch","261450103023",5
12791309,"restaurant_36","MI","Full-Service Restaurants","American Food,Breakfast,Brunch,Casual Dining,Diner,Dinner,Lunch","261450107004",4
12791310,"restaurant_36","MI","Full-Service Restaurants","American Food,Breakfast,Brunch,Casual Dining,Diner,Dinner,Lunch","261450115002",4
12791311,"restaurant_36","MI","Full-Service Restaurants","American Food,Breakfast,Brunch,Casual Dining,Diner,Dinner,Lunch","261450020001",4
12791312,"restaurant_36","MI","Full-Service Restaurants","American Food,Breakfast,Brunch,Casual Dining,Diner,Dinner,Lunch","261450121001",4
12791313,"restaurant_36","MI","Full-Service Restaurants","American Food,Breakfast,Brunch,Casual Dining,Diner,Dinner,Lunch","261450111001",4
12791314,"restaurant_36","MI","Full-Service Restaurants","American Food,Breakfast,Brunch,Casual Dining,Diner,Dinner,Lunch","261450104032",4
12791315,"restaurant_36","MI","Full-Service Restaurants","American Food,Breakfast,Brunch,Casual Dining,Diner,Dinner,Lunch","261450101005",4
12791316,"restaurant_36","MI","Full-Service Restaurants","American Food,Breakfast,Brunch,Casual Dining,Diner,Dinner,Lunch","261450104031",4
12791317,"restaurant_36","MI","Full-Service Restaurants","American Food,Breakfast,Brunch,Casual Dining,Diner,Dinner,Lunch","260172851001",4
12791318,"restaurant_36","MI","Full-Service Restaurants","American Food,Breakfast,Brunch,Casual Dining,Diner,Dinner,Lunch","261450113001",4
12791319,"restaurant_36","MI","Full-Service Restaurants","American Food,Breakfast,Brunch,Casual Dining,Diner,Dinner,Lunch","261450131003",4
12791320,"restaurant_36","MI","Full-Service Restaurants","American Food,Breakfast,Brunch,Casual Dining,Diner,Dinner,Lunch","261450101004",4
12791321,"restaurant_36","MI","Full-Service Restaurants","American Food,Breakfast,Brunch,Casual Dining,Diner,Dinner,Lunch","261450113002",4
12791322,"restaurant_36","MI","Full-Service Restaurants","American Food,Breakfast,Brunch,Casual Dining,Diner,Dinner,Lunch","260172854003",4
12791323,"restaurant_36","MI","Full-Service Restaurants","American Food,Breakfast,Brunch,Casual Dining,Diner,Dinner,Lunch","261450116002",4
12791324,"restaurant_36","MI","Full-Service Restaurants","American Food,Breakfast,Brunch,Casual Dining,Diner,Dinner,Lunch","261450020004",4
12791325,"restaurant_36","MI","Full-Service Restaurants","American Food,Breakfast,Brunch,Casual Dining,Diner,Dinner,Lunch","261570008004",4
12791326,"restaurant_36","MI","Full-Service Restaurants","American Food,Breakfast,Brunch,Casual Dining,Diner,Dinner,Lunch","261450107006",4
12791327,"restaurant_36","MI","Full-Service Restaurants","American Food,Breakfast,Brunch,Casual Dining,Diner,Dinner,Lunch","261450002002",4
12791328,"restaurant_36","MI","Full-Service Restaurants","American Food,Breakfast,Brunch,Casual Dining,Diner,Dinner,Lunch","261450110002",4
12791329,"restaurant_36","MI","Full-Service Restaurants","American Food,Breakfast,Brunch,Casual Dining,Diner,Dinner,Lunch","261450120031",4
12791330,"restaurant_36","MI","Full-Service Restaurants","American Food,Breakfast,Brunch,Casual Dining,Diner,Dinner,Lunch","261450006001",4
12791331,"restaurant_36","MI","Full-Service Restaurants","American Food,Breakfast,Brunch,Casual Dining,Diner,Dinner,Lunch","261450126003",4
12791332,"restaurant_36","MI","Full-Service Restaurants","American Food,Breakfast,Brunch,Casual Dining,Diner,Dinner,Lunch","261450010002",4
12791333,"restaurant_36","MI","Full-Service Restaurants","American Food,Breakfast,Brunch,Casual Dining,Diner,Dinner,Lunch","261450105021",4
12791334,"restaurant_36","MI","Full-Service Restaurants","American Food,Breakfast,Brunch,Casual Dining,Diner,Dinner,Lunch","260172854002",4
12791335,"restaurant_36","MI","Full-Service Restaurants","American Food,Breakfast,Brunch,Casual Dining,Diner,Dinner,Lunch","261450006002",4
12791336,"restaurant_36","MI","Full-Service Restaurants","American Food,Breakfast,Brunch,Casual Dining,Diner,Dinner,Lunch","260172857001",4
12791337,"restaurant_36","MI","Full-Service Restaurants","American Food,Breakfast,Brunch,Casual Dining,Diner,Dinner,Lunch","261450015003",4
12791338,"restaurant_36","MI","Full-Service Restaurants","American Food,Breakfast,Brunch,Casual Dining,Diner,Dinner,Lunch","261450104011",4
12791339,"restaurant_36","MI","Full-Service Restaurants","American Food,Breakfast,Brunch,Casual Dining,Diner,Dinner,Lunch","261450124001",4
12791340,"restaurant_36","MI","Full-Service Restaurants","American Food,Breakfast,Brunch,Casual Dining,Diner,Dinner,Lunch","260172853001",4
12791341,"restaurant_36","MI","Full-Service Restaurants","American Food,Breakfast,Brunch,Casual Dining,Diner,Dinner,Lunch","260172853003",4
12791342,"restaurant_36","MI","Full-Service Restaurants","American Food,Breakfast,Brunch,Casual Dining,Diner,Dinner,Lunch","261112904001",4
12791343,"restaurant_36","MI","Full-Service Restaurants","American Food,Breakfast,Brunch,Casual Dining,Diner,Dinner,Lunch","261570009004",4
12791344,"restaurant_36","MI","Full-Service Restaurants","American Food,Breakfast,Brunch,Casual Dining,Diner,Dinner,Lunch","260172859002",4
12791345,"restaurant_36","MI","Full-Service Restaurants","American Food,Breakfast,Brunch,Casual Dining,Diner,Dinner,Lunch","261450011003",4
12791346,"restaurant_36","MI","Full-Service Restaurants","American Food,Breakfast,Brunch,Casual Dining,Diner,Dinner,Lunch","261450104033",4
12791347,"restaurant_36","MI","Full-Service Restaurants","American Food,Breakfast,Brunch,Casual Dining,Diner,Dinner,Lunch","261570009001",4
12791348,"restaurant_36","MI","Full-Service Restaurants","American Food,Breakfast,Brunch,Casual Dining,Diner,Dinner,Lunch","261112911021",4
12791349,"restaurant_36","MI","Full-Service Restaurants","American Food,Breakfast,Brunch,Casual Dining,Diner,Dinner,Lunch","261450107001",4
12791350,"restaurant_36","MI","Full-Service Restaurants","American Food,Breakfast,Brunch,Casual Dining,Diner,Dinner,Lunch","261112906002",4
12791351,"restaurant_36","MI","Full-Service Restaurants","American Food,Breakfast,Brunch,Casual Dining,Diner,Dinner,Lunch","261450103044",4
12791352,"restaurant_36","MI","Full-Service Restaurants","American Food,Breakfast,Brunch,Casual Dining,Diner,Dinner,Lunch","261450104022",4
12791353,"restaurant_36","MI","Full-Service Restaurants","American Food,Breakfast,Brunch,Casual Dining,Diner,Dinner,Lunch","260172858004",4
12791354,"restaurant_36","MI","Full-Service Restaurants","American Food,Breakfast,Brunch,Casual Dining,Diner,Dinner,Lunch","261450104021",4
12791355,"restaurant_36","MI","Full-Service Restaurants","American Food,Breakfast,Brunch,Casual Dining,Diner,Dinner,Lunch","261112906001",4
12791356,"restaurant_36","MI","Full-Service Restaurants","American Food,Breakfast,Brunch,Casual Dining,Diner,Dinner,Lunch","260172856001",4
12791357,"restaurant_36","MI","Full-Service Restaurants","American Food,Breakfast,Brunch,Casual Dining,Diner,Dinner,Lunch","260730002002",4
12791358,"restaurant_36","MI","Full-Service Restaurants","American Food,Breakfast,Brunch,Casual Dining,Diner,Dinner,Lunch","260172862002",4
12791359,"restaurant_36","MI","Full-Service Restaurants","American Food,Breakfast,Brunch,Casual Dining,Diner,Dinner,Lunch","261450007001",4
12791360,"restaurant_36","MI","Full-Service Restaurants","American Food,Breakfast,Brunch,Casual Dining,Diner,Dinner,Lunch","261112913001",4
12791361,"restaurant_36","MI","Full-Service Restaurants","American Food,Breakfast,Brunch,Casual Dining,Diner,Dinner,Lunch","260172807002",4
12791362,"restaurant_36","MI","Full-Service Restaurants","American Food,Breakfast,Brunch,Casual Dining,Diner,Dinner,Lunch","261112904002",4
12791363,"restaurant_36","MI","Full-Service Restaurants","American Food,Breakfast,Brunch,Casual Dining,Diner,Dinner,Lunch","261450021005",4
12791364,"restaurant_36","MI","Full-Service Restaurants","American Food,Breakfast,Brunch,Casual Dining,Diner,Dinner,Lunch","261450013001",4
12791365,"restaurant_36","MI","Full-Service Restaurants","American Food,Breakfast,Brunch,Casual Dining,Diner,Dinner,Lunch","260172810006",4
12791366,"restaurant_36","MI","Full-Service Restaurants","American Food,Breakfast,Brunch,Casual Dining,Diner,Dinner,Lunch","261450119011",4
12791367,"restaurant_36","MI","Full-Service Restaurants","American Food,Breakfast,Brunch,Casual Dining,Diner,Dinner,Lunch","261450107005",4
12791368,"restaurant_36","MI","Full-Service Restaurants","American Food,Breakfast,Brunch,Casual Dining,Diner,Dinner,Lunch","261450116001",4
12791369,"restaurant_36","MI","Full-Service Restaurants","American Food,Breakfast,Brunch,Casual Dining,Diner,Dinner,Lunch","261450002001",4
12791370,"restaurant_36","MI","Full-Service Restaurants","American Food,Breakfast,Brunch,Casual Dining,Diner,Dinner,Lunch","260172855001",4
12791371,"restaurant_36","MI","Full-Service Restaurants","American Food,Breakfast,Brunch,Casual Dining,Diner,Dinner,Lunch","260690002003",4
12791372,"restaurant_36","MI","Full-Service Restaurants","American Food,Breakfast,Brunch,Casual Dining,Diner,Dinner,Lunch","261450130001",4
12791373,"restaurant_36","MI","Full-Service Restaurants","American Food,Breakfast,Brunch,Casual Dining,Diner,Dinner,Lunch","261570008001",4
12791374,"restaurant_36","MI","Full-Service Restaurants","American Food,Breakfast,Brunch,Casual Dining,Diner,Dinner,Lunch","261450012001",4
12791375,"restaurant_36","MI","Full-Service Restaurants","American Food,Breakfast,Brunch,Casual Dining,Diner,Dinner,Lunch","261450014001",4
12791376,"restaurant_36","MI","Full-Service Restaurants","American Food,Breakfast,Brunch,Casual Dining,Diner,Dinner,Lunch","261450131004",4
12791377,"restaurant_36","MI","Full-Service Restaurants","American Food,Breakfast,Brunch,Casual Dining,Diner,Dinner,Lunch","261450113003",4
12791378,"restaurant_36","MI","Full-Service Restaurants","American Food,Breakfast,Brunch,Casual Dining,Diner,Dinner,Lunch","261450017001",4
12791379,"restaurant_36","MI","Full-Service Restaurants","American Food,Breakfast,Brunch,Casual Dining,Diner,Dinner,Lunch","261450103031",4
12791380,"restaurant_36","MI","Full-Service Restaurants","American Food,Breakfast,Brunch,Casual Dining,Diner,Dinner,Lunch","260172852022",4
12791381,"restaurant_36","MI","Full-Service Restaurants","American Food,Breakfast,Brunch,Casual Dining,Diner,Dinner,Lunch","260172805003",4
12791382,"restaurant_36","MI","Full-Service Restaurants","American Food,Breakfast,Brunch,Casual Dining,Diner,Dinner,Lunch","261570010001",4
12791383,"restaurant_36","MI","Full-Service Restaurants","American Food,Breakfast,Brunch,Casual Dining,Diner,Dinner,Lunch","260172805001",4
12791384,"restaurant_36","MI","Full-Service Restaurants","American Food,Breakfast,Brunch,Casual Dining,Diner,Dinner,Lunch","261450021004",4
12791385,"restaurant_36","MI","Full-Service Restaurants","American Food,Breakfast,Brunch,Casual Dining,Diner,Dinner,Lunch","260739403002",4
12791386,"restaurant_36","MI","Full-Service Restaurants","American Food,Breakfast,Brunch,Casual Dining,Diner,Dinner,Lunch","261112905002",4
12791387,"restaurant_36","MI","Full-Service Restaurants","American Food,Breakfast,Brunch,Casual Dining,Diner,Dinner,Lunch","261450105023",4
12791388,"restaurant_36","MI","Full-Service Restaurants","American Food,Breakfast,Brunch,Casual Dining,Diner,Dinner,Lunch","261450009003",4
12791389,"restaurant_36","MI","Full-Service Restaurants","American Food,Breakfast,Brunch,Casual Dining,Diner,Dinner,Lunch","260172809001",4
12791390,"restaurant_36","MI","Full-Service Restaurants","American Food,Breakfast,Brunch,Casual Dining,Diner,Dinner,Lunch","260490106102",4
12791391,"restaurant_36","MI","Full-Service Restaurants","American Food,Breakfast,Brunch,Casual Dining,Diner,Dinner,Lunch","261450018002",4
12791392,"restaurant_36","MI","Full-Service Restaurants","American Food,Breakfast,Brunch,Casual Dining,Diner,Dinner,Lunch","260172862004",4
12791393,"restaurant_36","MI","Full-Service Restaurants","American Food,Breakfast,Brunch,Casual Dining,Diner,Dinner,Lunch","261570007003",4
12791394,"restaurant_36","MI","Full-Service Restaurants","American Food,Breakfast,Brunch,Casual Dining,Diner,Dinner,Lunch","261570013002",4
12791395,"restaurant_36","MI","Full-Service Restaurants","American Food,Breakfast,Brunch,Casual Dining,Diner,Dinner,Lunch","260172852011",4
12791396,"restaurant_36","MI","Full-Service Restaurants","American Food,Breakfast,Brunch,Casual Dining,Diner,Dinner,Lunch","261450123002",4
12791397,"restaurant_36","MI","Full-Service Restaurants","American Food,Breakfast,Brunch,Casual Dining,Diner,Dinner,Lunch","260490112122",4
12791398,"restaurant_36","MI","Full-Service Restaurants","American Food,Breakfast,Brunch,Casual Dining,Diner,Dinner,Lunch","260172861005",4
12791399,"restaurant_36","MI","Full-Service Restaurants","American Food,Breakfast,Brunch,Casual Dining,Diner,Dinner,Lunch","260172866006",4
12791400,"restaurant_36","MI","Full-Service Restaurants","American Food,Breakfast,Brunch,Casual Dining,Diner,Dinner,Lunch","261570004002",4
12791401,"restaurant_36","MI","Full-Service Restaurants","American Food,Breakfast,Brunch,Casual Dining,Diner,Dinner,Lunch","261570006001",4
12791402,"restaurant_36","MI","Full-Service Restaurants","American Food,Breakfast,Brunch,Casual Dining,Diner,Dinner,Lunch","260172865001",4
12791403,"restaurant_36","MI","Full-Service Restaurants","American Food,Breakfast,Brunch,Casual Dining,Diner,Dinner,Lunch","260172806001",4
12791404,"restaurant_36","MI","Full-Service Restaurants","American Food,Breakfast,Brunch,Casual Dining,Diner,Dinner,Lunch","260172859001",4
12791405,"restaurant_36","MI","Full-Service Restaurants","American Food,Breakfast,Brunch,Casual Dining,Diner,Dinner,Lunch","261450008003",4
12791406,"restaurant_36","MI","Full-Service Restaurants","American Food,Breakfast,Brunch,Casual Dining,Diner,Dinner,Lunch","261450120033",4
12791407,"restaurant_36","MI","Full-Service Restaurants","American Food,Breakfast,Brunch,Casual Dining,Diner,Dinner,Lunch","261450016004",4
12791408,"restaurant_36","MI","Full-Service Restaurants","American Food,Breakfast,Brunch,Casual Dining,Diner,Dinner,Lunch","260639506002",4
12791409,"restaurant_36","MI","Full-Service Restaurants","American Food,Breakfast,Brunch,Casual Dining,Diner,Dinner,Lunch","261570003001",4
12791410,"restaurant_36","MI","Full-Service Restaurants","American Food,Breakfast,Brunch,Casual Dining,Diner,Dinner,Lunch","260172859003",4
12791411,"restaurant_36","MI","Full-Service Restaurants","American Food,Breakfast,Brunch,Casual Dining,Diner,Dinner,Lunch","261570009002",4
12791412,"restaurant_36","MI","Full-Service Restaurants","American Food,Breakfast,Brunch,Casual Dining,Diner,Dinner,Lunch","260172852013",4
12791413,"restaurant_36","MI","Full-Service Restaurants","American Food,Breakfast,Brunch,Casual Dining,Diner,Dinner,Lunch","261112901003",4
12791414,"restaurant_36","MI","Full-Service Restaurants","American Food,Breakfast,Brunch,Casual Dining,Diner,Dinner,Lunch","261112908002",4
12791415,"restaurant_36","MI","Full-Service Restaurants","American Food,Breakfast,Brunch,Casual Dining,Diner,Dinner,Lunch","261450110006",4
12791416,"restaurant_36","MI","Full-Service Restaurants","American Food,Breakfast,Brunch,Casual Dining,Diner,Dinner,Lunch","261450117022",4
12791417,"restaurant_36","MI","Full-Service Restaurants","American Food,Breakfast,Brunch,Casual Dining,Diner,Dinner,Lunch","261450014002",4
12791418,"restaurant_36","MI","Full-Service Restaurants","American Food,Breakfast,Brunch,Casual Dining,Diner,Dinner,Lunch","261112907001",4
12791419,"restaurant_36","MI","Full-Service Restaurants","American Food,Breakfast,Brunch,Casual Dining,Diner,Dinner,Lunch","260172866001",4
12791420,"restaurant_36","MI","Full-Service Restaurants","American Food,Breakfast,Brunch,Casual Dining,Diner,Dinner,Lunch","261450004002",4
12791421,"restaurant_36","MI","Full-Service Restaurants","American Food,Breakfast,Brunch,Casual Dining,Diner,Dinner,Lunch","261450113004",4
12791422,"restaurant_36","MI","Full-Service Restaurants","American Food,Breakfast,Brunch,Casual Dining,Diner,Dinner,Lunch","261450117011",4
12791423,"restaurant_36","MI","Full-Service Restaurants","American Food,Breakfast,Brunch,Casual Dining,Diner,Dinner,Lunch","260499800001",4
12791424,"restaurant_36","MI","Full-Service Restaurants","American Food,Breakfast,Brunch,Casual Dining,Diner,Dinner,Lunch","261450012003",4
12791425,"restaurant_36","MI","Full-Service Restaurants","American Food,Breakfast,Brunch,Casual Dining,Diner,Dinner,Lunch","260172858001",4
12791426,"restaurant_36","MI","Full-Service Restaurants","American Food,Breakfast,Brunch,Casual Dining,Diner,Dinner,Lunch","261450012004",4
12791427,"restaurant_36","MI","Full-Service Restaurants","American Food,Breakfast,Brunch,Casual Dining,Diner,Dinner,Lunch","261450112001",4
12791428,"restaurant_36","MI","Full-Service Restaurants","American Food,Breakfast,Brunch,Casual Dining,Diner,Dinner,Lunch","261450107003",4
12791429,"restaurant_36","MI","Full-Service Restaurants","American Food,Breakfast,Brunch,Casual Dining,Diner,Dinner,Lunch","261450120021",4
12827242,"restaurant_40","NC","Snack and Nonalcoholic Beverage Bars","Bakery,Breakfast,Coffee Shop,Counter Service,Dessert,Lunch,Smoothie & Juice Bar,Snacks","371419202022",23
12827243,"restaurant_40","NC","Snack and Nonalcoholic Beverage Bars","Bakery,Breakfast,Coffee Shop,Counter Service,Dessert,Lunch,Smoothie & Juice Bar,Snacks","371419202031",18
12827244,"restaurant_40","NC","Snack and Nonalcoholic Beverage Bars","Bakery,Breakfast,Coffee Shop,Counter Service,Dessert,Lunch,Smoothie & Juice Bar,Snacks","371419202011",14
12827245,"restaurant_40","NC","Snack and Nonalcoholic Beverage Bars","Bakery,Breakfast,Coffee Shop,Counter Service,Dessert,Lunch,Smoothie & Juice Bar,Snacks","371419202012",9
12827246,"restaurant_40","NC","Snack and Nonalcoholic Beverage Bars","Bakery,Breakfast,Coffee Shop,Counter Service,Dessert,Lunch,Smoothie & Juice Bar,Snacks","371419202023",9
12827247,"restaurant_40","NC","Snack and Nonalcoholic Beverage Bars","Bakery,Breakfast,Coffee Shop,Counter Service,Dessert,Lunch,Smoothie & Juice Bar,Snacks","371330004021",6
12827248,"restaurant_40","NC","Snack and Nonalcoholic Beverage Bars","Bakery,Breakfast,Coffee Shop,Counter Service,Dessert,Lunch,Smoothie & Juice Bar,Snacks","371419201032",6
12827249,"restaurant_40","NC","Snack and Nonalcoholic Beverage Bars","Bakery,Breakfast,Coffee Shop,Counter Service,Dessert,Lunch,Smoothie & Juice Bar,Snacks","371290116073",5
12827250,"restaurant_40","NC","Snack and Nonalcoholic Beverage Bars","Bakery,Breakfast,Coffee Shop,Counter Service,Dessert,Lunch,Smoothie & Juice Bar,Snacks","371419202021",5
12827251,"restaurant_40","NC","Snack and Nonalcoholic Beverage Bars","Bakery,Breakfast,Coffee Shop,Counter Service,Dessert,Lunch,Smoothie & Juice Bar,Snacks","371290116071",4
12827252,"restaurant_40","NC","Snack and Nonalcoholic Beverage Bars","Bakery,Breakfast,Coffee Shop,Counter Service,Dessert,Lunch,Smoothie & Juice Bar,Snacks","371330004023",4
12827253,"restaurant_40","NC","Snack and Nonalcoholic Beverage Bars","Bakery,Breakfast,Coffee Shop,Counter Service,Dessert,Lunch,Smoothie & Juice Bar,Snacks","371290116082",4
12827254,"restaurant_40","NC","Snack and Nonalcoholic Beverage Bars","Bakery,Breakfast,Coffee Shop,Counter Service,Dessert,Lunch,Smoothie & Juice Bar,Snacks","371330004011",4
12827255,"restaurant_40","NC","Snack and Nonalcoholic Beverage Bars","Bakery,Breakfast,Coffee Shop,Counter Service,Dessert,Lunch,Smoothie & Juice Bar,Snacks","371419201033",4
12827256,"restaurant_40","NC","Snack and Nonalcoholic Beverage Bars","Bakery,Breakfast,Coffee Shop,Counter Service,Dessert,Lunch,Smoothie & Juice Bar,Snacks","371290116033",4
12827257,"restaurant_40","NC","Snack and Nonalcoholic Beverage Bars","Bakery,Breakfast,Coffee Shop,Counter Service,Dessert,Lunch,Smoothie & Juice Bar,Snacks","371290106002",4
12827258,"restaurant_40","NC","Snack and Nonalcoholic Beverage Bars","Bakery,Breakfast,Coffee Shop,Counter Service,Dessert,Lunch,Smoothie & Juice Bar,Snacks","371419201022",4
12827259,"restaurant_40","NC","Snack and Nonalcoholic Beverage Bars","Bakery,Breakfast,Coffee Shop,Counter Service,Dessert,Lunch,Smoothie & Juice Bar,Snacks","371290116035",4
12827260,"restaurant_40","NC","Snack and Nonalcoholic Beverage Bars","Bakery,Breakfast,Coffee Shop,Counter Service,Dessert,Lunch,Smoothie & Juice Bar,Snacks","371330013002",4
12827261,"restaurant_40","NC","Snack and Nonalcoholic Beverage Bars","Bakery,Breakfast,Coffee Shop,Counter Service,Dessert,Lunch,Smoothie & Juice Bar,Snacks","371290113001",4
12827262,"restaurant_40","NC","Snack and Nonalcoholic Beverage Bars","Bakery,Breakfast,Coffee Shop,Counter Service,Dessert,Lunch,Smoothie & Juice Bar,Snacks","371330004012",4
12827263,"restaurant_40","NC","Snack and Nonalcoholic Beverage Bars","Bakery,Breakfast,Coffee Shop,Counter Service,Dessert,Lunch,Smoothie & Juice Bar,Snacks","371290123001",4
12827264,"restaurant_40","NC","Snack and Nonalcoholic Beverage Bars","Bakery,Breakfast,Coffee Shop,Counter Service,Dessert,Lunch,Smoothie & Juice Bar,Snacks","371330013004",4
12827265,"restaurant_40","NC","Snack and Nonalcoholic Beverage Bars","Bakery,Breakfast,Coffee Shop,Counter Service,Dessert,Lunch,Smoothie & Juice Bar,Snacks","371330004022",4
12827266,"restaurant_40","NC","Snack and Nonalcoholic Beverage Bars","Bakery,Breakfast,Coffee Shop,Counter Service,Dessert,Lunch,Smoothie & Juice Bar,Snacks","371290119042",4
12827267,"restaurant_40","NC","Snack and Nonalcoholic Beverage Bars","Bakery,Breakfast,Coffee Shop,Counter Service,Dessert,Lunch,Smoothie & Juice Bar,Snacks","371290115001",4
12827268,"restaurant_40","NC","Snack and Nonalcoholic Beverage Bars","Bakery,Breakfast,Coffee Shop,Counter Service,Dessert,Lunch,Smoothie & Juice Bar,Snacks","371290117011",4
12827269,"restaurant_40","NC","Snack and Nonalcoholic Beverage Bars","Bakery,Breakfast,Coffee Shop,Counter Service,Dessert,Lunch,Smoothie & Juice Bar,Snacks","370319709021",4
12827270,"restaurant_40","NC","Snack and Nonalcoholic Beverage Bars","Bakery,Breakfast,Coffee Shop,Counter Service,Dessert,Lunch,Smoothie & Juice Bar,Snacks","371290119034",4
12827271,"restaurant_40","NC","Snack and Nonalcoholic Beverage Bars","Bakery,Breakfast,Coffee Shop,Counter Service,Dessert,Lunch,Smoothie & Juice Bar,Snacks","371290116083",4
12827272,"restaurant_40","NC","Snack and Nonalcoholic Beverage Bars","Bakery,Breakfast,Coffee Shop,Counter Service,Dessert,Lunch,Smoothie & Juice Bar,Snacks","371290116032",4
12827273,"restaurant_40","NC","Snack and Nonalcoholic Beverage Bars","Bakery,Breakfast,Coffee Shop,Counter Service,Dessert,Lunch,Smoothie & Juice Bar,Snacks","371330022012",4
12827274,"restaurant_40","NC","Snack and Nonalcoholic Beverage Bars","Bakery,Breakfast,Coffee Shop,Counter Service,Dessert,Lunch,Smoothie & Juice Bar,Snacks","371290103001",4
12827275,"restaurant_40","NC","Snack and Nonalcoholic Beverage Bars","Bakery,Breakfast,Coffee Shop,Counter Service,Dessert,Lunch,Smoothie & Juice Bar,Snacks","371330004031",4
12827276,"restaurant_40","NC","Snack and Nonalcoholic Beverage Bars","Bakery,Breakfast,Coffee Shop,Counter Service,Dessert,Lunch,Smoothie & Juice Bar,Snacks","371290116052",4
12827277,"restaurant_40","NC","Snack and Nonalcoholic Beverage Bars","Bakery,Breakfast,Coffee Shop,Counter Service,Dessert,Lunch,Smoothie & Juice Bar,Snacks","371330023002",4
12827278,"restaurant_40","NC","Snack and Nonalcoholic Beverage Bars","Bakery,Breakfast,Coffee Shop,Counter Service,Dessert,Lunch,Smoothie & Juice Bar,Snacks","371290116062",4
12827279,"restaurant_40","NC","Snack and Nonalcoholic Beverage Bars","Bakery,Breakfast,Coffee Shop,Counter Service,Dessert,Lunch,Smoothie & Juice Bar,Snacks","371290105013",4
12827280,"restaurant_40","NC","Snack and Nonalcoholic Beverage Bars","Bakery,Breakfast,Coffee Shop,Counter Service,Dessert,Lunch,Smoothie & Juice Bar,Snacks","371290123002",4
12827281,"restaurant_40","NC","Snack and Nonalcoholic Beverage Bars","Bakery,Breakfast,Coffee Shop,Counter Service,Dessert,Lunch,Smoothie & Juice Bar,Snacks","371290120091",4
12827282,"restaurant_40","NC","Snack and Nonalcoholic Beverage Bars","Bakery,Breakfast,Coffee Shop,Counter Service,Dessert,Lunch,Smoothie & Juice Bar,Snacks","371330012001",4
12827283,"restaurant_40","NC","Snack and Nonalcoholic Beverage Bars","Bakery,Breakfast,Coffee Shop,Counter Service,Dessert,Lunch,Smoothie & Juice Bar,Snacks","370610907023",4
12827284,"restaurant_40","NC","Snack and Nonalcoholic Beverage Bars","Bakery,Breakfast,Coffee Shop,Counter Service,Dessert,Lunch,Smoothie & Juice Bar,Snacks","371290105012",4
12827285,"restaurant_40","NC","Snack and Nonalcoholic Beverage Bars","Bakery,Breakfast,Coffee Shop,Counter Service,Dessert,Lunch,Smoothie & Juice Bar,Snacks","371419204011",4
12827286,"restaurant_40","NC","Snack and Nonalcoholic Beverage Bars","Bakery,Breakfast,Coffee Shop,Counter Service,Dessert,Lunch,Smoothie & Juice Bar,Snacks","371299801001",4
12827287,"restaurant_40","NC","Snack and Nonalcoholic Beverage Bars","Bakery,Breakfast,Coffee Shop,Counter Service,Dessert,Lunch,Smoothie & Juice Bar,Snacks","371290120082",4
12827288,"restaurant_40","NC","Snack and Nonalcoholic Beverage Bars","Bakery,Breakfast,Coffee Shop,Counter Service,Dessert,Lunch,Smoothie & Juice Bar,Snacks","371419202041",4
12861397,"restaurant_88","SC","Snack and Nonalcoholic Beverage Bars","Gelato Shop,Ice Cream Shop,Latin American Food","450190051002",4
12861398,"restaurant_88","SC","Snack and Nonalcoholic Beverage Bars","Gelato Shop,Ice Cream Shop,Latin American Food","450190031111",4
13095208,"restaurant_69","FL","Full-Service Restaurants","Gourmet,Sushi","120210105063",4
13095209,"restaurant_69","FL","Full-Service Restaurants","Gourmet,Sushi","120210104054",4
13095210,"restaurant_69","FL","Full-Service Restaurants","Gourmet,Sushi","120210106011",4
13095211,"restaurant_69","FL","Full-Service Restaurants","Gourmet,Sushi","120210104181",4
13095212,"restaurant_69","FL","Full-Service Restaurants","Gourmet,Sushi","120210111021",4
13095213,"restaurant_69","FL","Full-Service Restaurants","Gourmet,Sushi","120210112022",4
13095214,"restaurant_69","FL","Full-Service Restaurants","Gourmet,Sushi","120210106021",4
13095215,"restaurant_69","FL","Full-Service Restaurants","Gourmet,Sushi","120210108033",4
13095216,"restaurant_69","FL","Full-Service Restaurants","Gourmet,Sushi","120210104141",4
13095217,"restaurant_69","FL","Full-Service Restaurants","Gourmet,Sushi","120210102051",4
13095218,"restaurant_69","FL","Full-Service Restaurants","Gourmet,Sushi","120210105093",4
13098805,"restaurant_59","MS","Full-Service Restaurants",NA,"280790401002",10
13098806,"restaurant_59","MS","Full-Service Restaurants",NA,"280790406004",8
13098807,"restaurant_59","MS","Full-Service Restaurants",NA,"280790404003",5
13098808,"restaurant_59","MS","Full-Service Restaurants",NA,"280790404004",5
13098809,"restaurant_59","MS","Full-Service Restaurants",NA,"280790406003",5
13098810,"restaurant_59","MS","Full-Service Restaurants",NA,"281230201001",4
13098811,"restaurant_59","MS","Full-Service Restaurants",NA,"280790406001",4
13098812,"restaurant_59","MS","Full-Service Restaurants",NA,"280790404001",4
13098813,"restaurant_59","MS","Full-Service Restaurants",NA,"280790406002",4
13098814,"restaurant_59","MS","Full-Service Restaurants",NA,"280790401001",4
13098815,"restaurant_59","MS","Full-Service Restaurants",NA,"280790401003",4
13098816,"restaurant_59","MS","Full-Service Restaurants",NA,"280790407002",4
13098817,"restaurant_59","MS","Full-Service Restaurants",NA,"280999401001",4
13098818,"restaurant_59","MS","Full-Service Restaurants",NA,"280890301052",4
13098819,"restaurant_59","MS","Full-Service Restaurants",NA,"280790405003",4
13098820,"restaurant_59","MS","Full-Service Restaurants",NA,"280790405002",4
13098821,"restaurant_59","MS","Full-Service Restaurants",NA,"280070601002",4
13098822,"restaurant_59","MS","Full-Service Restaurants",NA,"280790405001",4
13098823,"restaurant_59","MS","Full-Service Restaurants",NA,"280790406005",4
13713757,"restaurant_44","OH","Limited-Service Restaurants","Catering,Counter Service,Dinner,Lunch,Sandwich Shop","390490067101",11
13713758,"restaurant_44","OH","Limited-Service Restaurants","Catering,Counter Service,Dinner,Lunch,Sandwich Shop","390490067102",7
13713759,"restaurant_44","OH","Limited-Service Restaurants","Catering,Counter Service,Dinner,Lunch,Sandwich Shop","390490063912",6
13713760,"restaurant_44","OH","Limited-Service Restaurants","Catering,Counter Service,Dinner,Lunch,Sandwich Shop","390490067221",6
13713761,"restaurant_44","OH","Limited-Service Restaurants","Catering,Counter Service,Dinner,Lunch,Sandwich Shop","390490069101",6
13713762,"restaurant_44","OH","Limited-Service Restaurants","Catering,Counter Service,Dinner,Lunch,Sandwich Shop","390490067212",5
13713763,"restaurant_44","OH","Limited-Service Restaurants","Catering,Counter Service,Dinner,Lunch,Sandwich Shop","390490070482",5
13713764,"restaurant_44","OH","Limited-Service Restaurants","Catering,Counter Service,Dinner,Lunch,Sandwich Shop","390490069102",4
13713765,"restaurant_44","OH","Limited-Service Restaurants","Catering,Counter Service,Dinner,Lunch,Sandwich Shop","390490067214",4
13713766,"restaurant_44","OH","Limited-Service Restaurants","Catering,Counter Service,Dinner,Lunch,Sandwich Shop","390490070442",4
13713767,"restaurant_44","OH","Limited-Service Restaurants","Catering,Counter Service,Dinner,Lunch,Sandwich Shop","390490067223",4
13713768,"restaurant_44","OH","Limited-Service Restaurants","Catering,Counter Service,Dinner,Lunch,Sandwich Shop","390490067213",4
13713769,"restaurant_44","OH","Limited-Service Restaurants","Catering,Counter Service,Dinner,Lunch,Sandwich Shop","390490070472",4
13713770,"restaurant_44","OH","Limited-Service Restaurants","Catering,Counter Service,Dinner,Lunch,Sandwich Shop","390490067222",4
13713771,"restaurant_44","OH","Limited-Service Restaurants","Catering,Counter Service,Dinner,Lunch,Sandwich Shop","390490077401",4
13713772,"restaurant_44","OH","Limited-Service Restaurants","Catering,Counter Service,Dinner,Lunch,Sandwich Shop","390490070441",4
13713773,"restaurant_44","OH","Limited-Service Restaurants","Catering,Counter Service,Dinner,Lunch,Sandwich Shop","390490068102",4
13713774,"restaurant_44","OH","Limited-Service Restaurants","Catering,Counter Service,Dinner,Lunch,Sandwich Shop","390490063911",4
13713775,"restaurant_44","OH","Limited-Service Restaurants","Catering,Counter Service,Dinner,Lunch,Sandwich Shop","390490069212",4
13713776,"restaurant_44","OH","Limited-Service Restaurants","Catering,Counter Service,Dinner,Lunch,Sandwich Shop","390490069451",4
13713777,"restaurant_44","OH","Limited-Service Restaurants","Catering,Counter Service,Dinner,Lunch,Sandwich Shop","390490005003",4
13713778,"restaurant_44","OH","Limited-Service Restaurants","Catering,Counter Service,Dinner,Lunch,Sandwich Shop","390490077212",4
13713779,"restaurant_44","OH","Limited-Service Restaurants","Catering,Counter Service,Dinner,Lunch,Sandwich Shop","390490004203",4
13713780,"restaurant_44","OH","Limited-Service Restaurants","Catering,Counter Service,Dinner,Lunch,Sandwich Shop","390490071201",4
13713781,"restaurant_44","OH","Limited-Service Restaurants","Catering,Counter Service,Dinner,Lunch,Sandwich Shop","390490068222",4
13713782,"restaurant_44","OH","Limited-Service Restaurants","Catering,Counter Service,Dinner,Lunch,Sandwich Shop","390410114131",4
13713783,"restaurant_44","OH","Limited-Service Restaurants","Catering,Counter Service,Dinner,Lunch,Sandwich Shop","390490099001",4
13713784,"restaurant_44","OH","Limited-Service Restaurants","Catering,Counter Service,Dinner,Lunch,Sandwich Shop","390490077103",4
13713785,"restaurant_44","OH","Limited-Service Restaurants","Catering,Counter Service,Dinner,Lunch,Sandwich Shop","390410121002",4
13713786,"restaurant_44","OH","Limited-Service Restaurants","Catering,Counter Service,Dinner,Lunch,Sandwich Shop","390490063921",4
13713787,"restaurant_44","OH","Limited-Service Restaurants","Catering,Counter Service,Dinner,Lunch,Sandwich Shop","390490071944",4
13713788,"restaurant_44","OH","Limited-Service Restaurants","Catering,Counter Service,Dinner,Lunch,Sandwich Shop","390490068101",4
13713789,"restaurant_44","OH","Limited-Service Restaurants","Catering,Counter Service,Dinner,Lunch,Sandwich Shop","390490063923",4
13713790,"restaurant_44","OH","Limited-Service Restaurants","Catering,Counter Service,Dinner,Lunch,Sandwich Shop","390490069501",4
13713791,"restaurant_44","OH","Limited-Service Restaurants","Catering,Counter Service,Dinner,Lunch,Sandwich Shop","390410115501",4
13713792,"restaurant_44","OH","Limited-Service Restaurants","Catering,Counter Service,Dinner,Lunch,Sandwich Shop","390490070481",4
14054772,"restaurant_92","TX","Full-Service Restaurants","BBQ and Southern Food,Catering,Counter Service,Dinner,Lunch","483671402003",32
14054773,"restaurant_92","TX","Full-Service Restaurants","BBQ and Southern Food,Catering,Counter Service,Dinner,Lunch","483671406022",22
14054774,"restaurant_92","TX","Full-Service Restaurants","BBQ and Southern Food,Catering,Counter Service,Dinner,Lunch","483671402001",20
14054775,"restaurant_92","TX","Full-Service Restaurants","BBQ and Southern Food,Catering,Counter Service,Dinner,Lunch","483671402002",18
14054776,"restaurant_92","TX","Full-Service Restaurants","BBQ and Southern Food,Catering,Counter Service,Dinner,Lunch","483671401011",17
14054777,"restaurant_92","TX","Full-Service Restaurants","BBQ and Southern Food,Catering,Counter Service,Dinner,Lunch","483671405012",15
14054778,"restaurant_92","TX","Full-Service Restaurants","BBQ and Southern Food,Catering,Counter Service,Dinner,Lunch","483671405011",15
14054779,"restaurant_92","TX","Full-Service Restaurants","BBQ and Southern Food,Catering,Counter Service,Dinner,Lunch","483671406023",13
14054780,"restaurant_92","TX","Full-Service Restaurants","BBQ and Southern Food,Catering,Counter Service,Dinner,Lunch","483671403005",13
14054781,"restaurant_92","TX","Full-Service Restaurants","BBQ and Southern Food,Catering,Counter Service,Dinner,Lunch","483671401021",12
14054782,"restaurant_92","TX","Full-Service Restaurants","BBQ and Southern Food,Catering,Counter Service,Dinner,Lunch","483671406012",10
14054783,"restaurant_92","TX","Full-Service Restaurants","BBQ and Southern Food,Catering,Counter Service,Dinner,Lunch","483671407051",10
14054784,"restaurant_92","TX","Full-Service Restaurants","BBQ and Southern Food,Catering,Counter Service,Dinner,Lunch","483671404102",9
14054785,"restaurant_92","TX","Full-Service Restaurants","BBQ and Southern Food,Catering,Counter Service,Dinner,Lunch","483671407031",9
14054786,"restaurant_92","TX","Full-Service Restaurants","BBQ and Southern Food,Catering,Counter Service,Dinner,Lunch","483671403001",8
14054787,"restaurant_92","TX","Full-Service Restaurants","BBQ and Southern Food,Catering,Counter Service,Dinner,Lunch","483671403004",8
14054788,"restaurant_92","TX","Full-Service Restaurants","BBQ and Southern Food,Catering,Counter Service,Dinner,Lunch","483671404111",8
14054789,"restaurant_92","TX","Full-Service Restaurants","BBQ and Southern Food,Catering,Counter Service,Dinner,Lunch","483671406013",8
14054790,"restaurant_92","TX","Full-Service Restaurants","BBQ and Southern Food,Catering,Counter Service,Dinner,Lunch","483671401012",7
14054791,"restaurant_92","TX","Full-Service Restaurants","BBQ and Southern Food,Catering,Counter Service,Dinner,Lunch","483671401022",7
14054792,"restaurant_92","TX","Full-Service Restaurants","BBQ and Southern Food,Catering,Counter Service,Dinner,Lunch","483671405022",6
14054793,"restaurant_92","TX","Full-Service Restaurants","BBQ and Southern Food,Catering,Counter Service,Dinner,Lunch","483671407052",6
14054794,"restaurant_92","TX","Full-Service Restaurants","BBQ and Southern Food,Catering,Counter Service,Dinner,Lunch","483671406021",6
14054795,"restaurant_92","TX","Full-Service Restaurants","BBQ and Southern Food,Catering,Counter Service,Dinner,Lunch","483671404033",6
14054796,"restaurant_92","TX","Full-Service Restaurants","BBQ and Southern Food,Catering,Counter Service,Dinner,Lunch","483671405013",5
14054797,"restaurant_92","TX","Full-Service Restaurants","BBQ and Southern Food,Catering,Counter Service,Dinner,Lunch","483671407063",5
14054798,"restaurant_92","TX","Full-Service Restaurants","BBQ and Southern Food,Catering,Counter Service,Dinner,Lunch","483671404071",5
14054799,"restaurant_92","TX","Full-Service Restaurants","BBQ and Southern Food,Catering,Counter Service,Dinner,Lunch","483630007001",5
14054800,"restaurant_92","TX","Full-Service Restaurants","BBQ and Southern Food,Catering,Counter Service,Dinner,Lunch","483671406014",5
14054801,"restaurant_92","TX","Full-Service Restaurants","BBQ and Southern Food,Catering,Counter Service,Dinner,Lunch","483671407041",5
14054802,"restaurant_92","TX","Full-Service Restaurants","BBQ and Southern Food,Catering,Counter Service,Dinner,Lunch","483671407061",5
14054803,"restaurant_92","TX","Full-Service Restaurants","BBQ and Southern Food,Catering,Counter Service,Dinner,Lunch","483671404073",5
14054804,"restaurant_92","TX","Full-Service Restaurants","BBQ and Southern Food,Catering,Counter Service,Dinner,Lunch","483671406024",4
14054805,"restaurant_92","TX","Full-Service Restaurants","BBQ and Southern Food,Catering,Counter Service,Dinner,Lunch","483671406011",4
14054806,"restaurant_92","TX","Full-Service Restaurants","BBQ and Southern Food,Catering,Counter Service,Dinner,Lunch","483671407042",4
14054807,"restaurant_92","TX","Full-Service Restaurants","BBQ and Southern Food,Catering,Counter Service,Dinner,Lunch","482211602092",4
14054808,"restaurant_92","TX","Full-Service Restaurants","BBQ and Southern Food,Catering,Counter Service,Dinner,Lunch","483671407032",4
14054809,"restaurant_92","TX","Full-Service Restaurants","BBQ and Southern Food,Catering,Counter Service,Dinner,Lunch","484391006022",4
14054810,"restaurant_92","TX","Full-Service Restaurants","BBQ and Southern Food,Catering,Counter Service,Dinner,Lunch","483630009002",4
14054811,"restaurant_92","TX","Full-Service Restaurants","BBQ and Southern Food,Catering,Counter Service,Dinner,Lunch","483671404031",4
14054812,"restaurant_92","TX","Full-Service Restaurants","BBQ and Southern Food,Catering,Counter Service,Dinner,Lunch","481439501002",4
14054813,"restaurant_92","TX","Full-Service Restaurants","BBQ and Southern Food,Catering,Counter Service,Dinner,Lunch","483630006003",4
14054814,"restaurant_92","TX","Full-Service Restaurants","BBQ and Southern Food,Catering,Counter Service,Dinner,Lunch","482211603021",4
14054815,"restaurant_92","TX","Full-Service Restaurants","BBQ and Southern Food,Catering,Counter Service,Dinner,Lunch","483671405023",4
14054816,"restaurant_92","TX","Full-Service Restaurants","BBQ and Southern Food,Catering,Counter Service,Dinner,Lunch","483671401023",4
14054817,"restaurant_92","TX","Full-Service Restaurants","BBQ and Southern Food,Catering,Counter Service,Dinner,Lunch","483671403003",4
14054818,"restaurant_92","TX","Full-Service Restaurants","BBQ and Southern Food,Catering,Counter Service,Dinner,Lunch","483630008002",4
14054819,"restaurant_92","TX","Full-Service Restaurants","BBQ and Southern Food,Catering,Counter Service,Dinner,Lunch","483671403002",4
14054820,"restaurant_92","TX","Full-Service Restaurants","BBQ and Southern Food,Catering,Counter Service,Dinner,Lunch","482211601001",4
14054821,"restaurant_92","TX","Full-Service Restaurants","BBQ and Southern Food,Catering,Counter Service,Dinner,Lunch","483030103023",4
14054822,"restaurant_92","TX","Full-Service Restaurants","BBQ and Southern Food,Catering,Counter Service,Dinner,Lunch","080050056361",4
14054823,"restaurant_92","TX","Full-Service Restaurants","BBQ and Southern Food,Catering,Counter Service,Dinner,Lunch","482211602062",4
14054824,"restaurant_92","TX","Full-Service Restaurants","BBQ and Southern Food,Catering,Counter Service,Dinner,Lunch","484391021005",4
14054825,"restaurant_92","TX","Full-Service Restaurants","BBQ and Southern Food,Catering,Counter Service,Dinner,Lunch","483630003002",4
14054826,"restaurant_92","TX","Full-Service Restaurants","BBQ and Southern Food,Catering,Counter Service,Dinner,Lunch","483671407043",4
14054827,"restaurant_92","TX","Full-Service Restaurants","BBQ and Southern Food,Catering,Counter Service,Dinner,Lunch","484391226001",4
14054828,"restaurant_92","TX","Full-Service Restaurants","BBQ and Southern Food,Catering,Counter Service,Dinner,Lunch","482211601003",4
14054829,"restaurant_92","TX","Full-Service Restaurants","BBQ and Southern Food,Catering,Counter Service,Dinner,Lunch","482211602061",4
14054830,"restaurant_92","TX","Full-Service Restaurants","BBQ and Southern Food,Catering,Counter Service,Dinner,Lunch","483671404072",4
14054831,"restaurant_92","TX","Full-Service Restaurants","BBQ and Southern Food,Catering,Counter Service,Dinner,Lunch","484391106001",4
14054832,"restaurant_92","TX","Full-Service Restaurants","BBQ and Southern Food,Catering,Counter Service,Dinner,Lunch","482211602091",4
14054833,"restaurant_92","TX","Full-Service Restaurants","BBQ and Southern Food,Catering,Counter Service,Dinner,Lunch","483630003001",4
14054834,"restaurant_92","TX","Full-Service Restaurants","BBQ and Southern Food,Catering,Counter Service,Dinner,Lunch","484971506013",4
14054835,"restaurant_92","TX","Full-Service Restaurants","BBQ and Southern Food,Catering,Counter Service,Dinner,Lunch","484971506012",4
14054836,"restaurant_92","TX","Full-Service Restaurants","BBQ and Southern Food,Catering,Counter Service,Dinner,Lunch","484971501021",4
14054837,"restaurant_92","TX","Full-Service Restaurants","BBQ and Southern Food,Catering,Counter Service,Dinner,Lunch","261490409003",4
14054838,"restaurant_92","TX","Full-Service Restaurants","BBQ and Southern Food,Catering,Counter Service,Dinner,Lunch","484391028001",4
14054839,"restaurant_92","TX","Full-Service Restaurants","BBQ and Southern Food,Catering,Counter Service,Dinner,Lunch","484391054053",4
14054840,"restaurant_92","TX","Full-Service Restaurants","BBQ and Southern Food,Catering,Counter Service,Dinner,Lunch","482211602052",4
14054841,"restaurant_92","TX","Full-Service Restaurants","BBQ and Southern Food,Catering,Counter Service,Dinner,Lunch","484971501024",4
14054842,"restaurant_92","TX","Full-Service Restaurants","BBQ and Southern Food,Catering,Counter Service,Dinner,Lunch","485039506001",4
14054843,"restaurant_92","TX","Full-Service Restaurants","BBQ and Southern Food,Catering,Counter Service,Dinner,Lunch","483671404091",4
14054844,"restaurant_92","TX","Full-Service Restaurants","BBQ and Southern Food,Catering,Counter Service,Dinner,Lunch","220170253001",4
14641050,"restaurant_10","WA","Limited-Service Restaurants","Breakfast,Counter Service,Dinner,Lunch,Sandwich Shop","530350807003",6
14641051,"restaurant_10","WA","Limited-Service Restaurants","Breakfast,Counter Service,Dinner,Lunch,Sandwich Shop","530350807001",5
14641052,"restaurant_10","WA","Limited-Service Restaurants","Breakfast,Counter Service,Dinner,Lunch,Sandwich Shop","530350812001",4
14641053,"restaurant_10","WA","Limited-Service Restaurants","Breakfast,Counter Service,Dinner,Lunch,Sandwich Shop","530350810002",4
14641054,"restaurant_10","WA","Limited-Service Restaurants","Breakfast,Counter Service,Dinner,Lunch,Sandwich Shop","530350806004",4
14641055,"restaurant_10","WA","Limited-Service Restaurants","Breakfast,Counter Service,Dinner,Lunch,Sandwich Shop","530350809002",4
14641056,"restaurant_10","WA","Limited-Service Restaurants","Breakfast,Counter Service,Dinner,Lunch,Sandwich Shop","530350811001",4
14641057,"restaurant_10","WA","Limited-Service Restaurants","Breakfast,Counter Service,Dinner,Lunch,Sandwich Shop","530350808002",4
14641058,"restaurant_10","WA","Limited-Service Restaurants","Breakfast,Counter Service,Dinner,Lunch,Sandwich Shop","530350924003",4
14641059,"restaurant_10","WA","Limited-Service Restaurants","Breakfast,Counter Service,Dinner,Lunch,Sandwich Shop","530350803001",4
14641060,"restaurant_10","WA","Limited-Service Restaurants","Breakfast,Counter Service,Dinner,Lunch,Sandwich Shop","530350811002",4
14641061,"restaurant_10","WA","Limited-Service Restaurants","Breakfast,Counter Service,Dinner,Lunch,Sandwich Shop","530350904002",4
14641062,"restaurant_10","WA","Limited-Service Restaurants","Breakfast,Counter Service,Dinner,Lunch,Sandwich Shop","530350807002",4
14933250,"restaurant_3","NY","Snack and Nonalcoholic Beverage Bars","Coffee Shop,Counter Service,Dessert,Donut Shop,Snacks","360810104001",14
14933251,"restaurant_3","NY","Snack and Nonalcoholic Beverage Bars","Coffee Shop,Counter Service,Dessert,Donut Shop,Snacks","360810106001",12
14933252,"restaurant_3","NY","Snack and Nonalcoholic Beverage Bars","Coffee Shop,Counter Service,Dessert,Donut Shop,Snacks","360810098001",11
14933253,"restaurant_3","NY","Snack and Nonalcoholic Beverage Bars","Coffee Shop,Counter Service,Dessert,Donut Shop,Snacks","360810106002",8
14933254,"restaurant_3","NY","Snack and Nonalcoholic Beverage Bars","Coffee Shop,Counter Service,Dessert,Donut Shop,Snacks","360810166001",8
14933255,"restaurant_3","NY","Snack and Nonalcoholic Beverage Bars","Coffee Shop,Counter Service,Dessert,Donut Shop,Snacks","360810102002",6
14933256,"restaurant_3","NY","Snack and Nonalcoholic Beverage Bars","Coffee Shop,Counter Service,Dessert,Donut Shop,Snacks","360810168001",5
14933257,"restaurant_3","NY","Snack and Nonalcoholic Beverage Bars","Coffee Shop,Counter Service,Dessert,Donut Shop,Snacks","360810158013",5
14933258,"restaurant_3","NY","Snack and Nonalcoholic Beverage Bars","Coffee Shop,Counter Service,Dessert,Donut Shop,Snacks","360810108002",5
14933259,"restaurant_3","NY","Snack and Nonalcoholic Beverage Bars","Coffee Shop,Counter Service,Dessert,Donut Shop,Snacks","360810108001",5
14933260,"restaurant_3","NY","Snack and Nonalcoholic Beverage Bars","Coffee Shop,Counter Service,Dessert,Donut Shop,Snacks","360810110001",4
14933261,"restaurant_3","NY","Snack and Nonalcoholic Beverage Bars","Coffee Shop,Counter Service,Dessert,Donut Shop,Snacks","360810156002",4
14933262,"restaurant_3","NY","Snack and Nonalcoholic Beverage Bars","Coffee Shop,Counter Service,Dessert,Donut Shop,Snacks","360810120002",4
14933263,"restaurant_3","NY","Snack and Nonalcoholic Beverage Bars","Coffee Shop,Counter Service,Dessert,Donut Shop,Snacks","360810110002",4
14933264,"restaurant_3","NY","Snack and Nonalcoholic Beverage Bars","Coffee Shop,Counter Service,Dessert,Donut Shop,Snacks","360810158023",4
14933265,"restaurant_3","NY","Snack and Nonalcoholic Beverage Bars","Coffee Shop,Counter Service,Dessert,Donut Shop,Snacks","360810840001",4
14933266,"restaurant_3","NY","Snack and Nonalcoholic Beverage Bars","Coffee Shop,Counter Service,Dessert,Donut Shop,Snacks","360810164002",4
14933267,"restaurant_3","NY","Snack and Nonalcoholic Beverage Bars","Coffee Shop,Counter Service,Dessert,Donut Shop,Snacks","360810846021",4
14933268,"restaurant_3","NY","Snack and Nonalcoholic Beverage Bars","Coffee Shop,Counter Service,Dessert,Donut Shop,Snacks","360810716001",4
14933269,"restaurant_3","NY","Snack and Nonalcoholic Beverage Bars","Coffee Shop,Counter Service,Dessert,Donut Shop,Snacks","360810140001",4
14933270,"restaurant_3","NY","Snack and Nonalcoholic Beverage Bars","Coffee Shop,Counter Service,Dessert,Donut Shop,Snacks","360810170001",4
14933271,"restaurant_3","NY","Snack and Nonalcoholic Beverage Bars","Coffee Shop,Counter Service,Dessert,Donut Shop,Snacks","360810150001",4
14933272,"restaurant_3","NY","Snack and Nonalcoholic Beverage Bars","Coffee Shop,Counter Service,Dessert,Donut Shop,Snacks","360810088001",4
14933273,"restaurant_3","NY","Snack and Nonalcoholic Beverage Bars","Coffee Shop,Counter Service,Dessert,Donut Shop,Snacks","360810158012",4
14933274,"restaurant_3","NY","Snack and Nonalcoholic Beverage Bars","Coffee Shop,Counter Service,Dessert,Donut Shop,Snacks","360810122002",4
14933275,"restaurant_3","NY","Snack and Nonalcoholic Beverage Bars","Coffee Shop,Counter Service,Dessert,Donut Shop,Snacks","360810194002",4
14933276,"restaurant_3","NY","Snack and Nonalcoholic Beverage Bars","Coffee Shop,Counter Service,Dessert,Donut Shop,Snacks","360810042001",4
14933277,"restaurant_3","NY","Snack and Nonalcoholic Beverage Bars","Coffee Shop,Counter Service,Dessert,Donut Shop,Snacks","360810122001",4
14933278,"restaurant_3","NY","Snack and Nonalcoholic Beverage Bars","Coffee Shop,Counter Service,Dessert,Donut Shop,Snacks","360810086001",4
14933279,"restaurant_3","NY","Snack and Nonalcoholic Beverage Bars","Coffee Shop,Counter Service,Dessert,Donut Shop,Snacks","360810152002",4
14933280,"restaurant_3","NY","Snack and Nonalcoholic Beverage Bars","Coffee Shop,Counter Service,Dessert,Donut Shop,Snacks","360810164001",4
14933281,"restaurant_3","NY","Snack and Nonalcoholic Beverage Bars","Coffee Shop,Counter Service,Dessert,Donut Shop,Snacks","360810040011",4
14933282,"restaurant_3","NY","Snack and Nonalcoholic Beverage Bars","Coffee Shop,Counter Service,Dessert,Donut Shop,Snacks","360810154002",4
14933283,"restaurant_3","NY","Snack and Nonalcoholic Beverage Bars","Coffee Shop,Counter Service,Dessert,Donut Shop,Snacks","360810176002",4
14933284,"restaurant_3","NY","Snack and Nonalcoholic Beverage Bars","Coffee Shop,Counter Service,Dessert,Donut Shop,Snacks","360810156001",4
14933285,"restaurant_3","NY","Snack and Nonalcoholic Beverage Bars","Coffee Shop,Counter Service,Dessert,Donut Shop,Snacks","360810024002",4
14933286,"restaurant_3","NY","Snack and Nonalcoholic Beverage Bars","Coffee Shop,Counter Service,Dessert,Donut Shop,Snacks","360810124001",4
14933287,"restaurant_3","NY","Snack and Nonalcoholic Beverage Bars","Coffee Shop,Counter Service,Dessert,Donut Shop,Snacks","360810174002",4
14933288,"restaurant_3","NY","Snack and Nonalcoholic Beverage Bars","Coffee Shop,Counter Service,Dessert,Donut Shop,Snacks","360810094001",4
14933289,"restaurant_3","NY","Snack and Nonalcoholic Beverage Bars","Coffee Shop,Counter Service,Dessert,Donut Shop,Snacks","360810864001",4
14933290,"restaurant_3","NY","Snack and Nonalcoholic Beverage Bars","Coffee Shop,Counter Service,Dessert,Donut Shop,Snacks","360810150002",4
14933291,"restaurant_3","NY","Snack and Nonalcoholic Beverage Bars","Coffee Shop,Counter Service,Dessert,Donut Shop,Snacks","360810170002",4
15606706,"restaurant_19","MO","Snack and Nonalcoholic Beverage Bars","Coffee Shop","290299504002",18
15606707,"restaurant_19","MO","Snack and Nonalcoholic Beverage Bars","Coffee Shop","290299505001",14
15606708,"restaurant_19","MO","Snack and Nonalcoholic Beverage Bars","Coffee Shop","290299505002",12
15606709,"restaurant_19","MO","Snack and Nonalcoholic Beverage Bars","Coffee Shop","290299506001",11
15606710,"restaurant_19","MO","Snack and Nonalcoholic Beverage Bars","Coffee Shop","290299508005",11
15606711,"restaurant_19","MO","Snack and Nonalcoholic Beverage Bars","Coffee Shop","290299508004",9
15606712,"restaurant_19","MO","Snack and Nonalcoholic Beverage Bars","Coffee Shop","290299504001",9
15606713,"restaurant_19","MO","Snack and Nonalcoholic Beverage Bars","Coffee Shop","290299506002",8
15606714,"restaurant_19","MO","Snack and Nonalcoholic Beverage Bars","Coffee Shop","290299502001",7
15606715,"restaurant_19","MO","Snack and Nonalcoholic Beverage Bars","Coffee Shop","290299508003",7
15606716,"restaurant_19","MO","Snack and Nonalcoholic Beverage Bars","Coffee Shop","290299503002",6
15606717,"restaurant_19","MO","Snack and Nonalcoholic Beverage Bars","Coffee Shop","290299505003",6
15606718,"restaurant_19","MO","Snack and Nonalcoholic Beverage Bars","Coffee Shop","291319628002",6
15606719,"restaurant_19","MO","Snack and Nonalcoholic Beverage Bars","Coffee Shop","290299502004",5
15606720,"restaurant_19","MO","Snack and Nonalcoholic Beverage Bars","Coffee Shop","290299503001",5
15606721,"restaurant_19","MO","Snack and Nonalcoholic Beverage Bars","Coffee Shop","290299511001",5
15606722,"restaurant_19","MO","Snack and Nonalcoholic Beverage Bars","Coffee Shop","290299502002",4
15606723,"restaurant_19","MO","Snack and Nonalcoholic Beverage Bars","Coffee Shop","290299507001",4
15606724,"restaurant_19","MO","Snack and Nonalcoholic Beverage Bars","Coffee Shop","290299511002",4
15606725,"restaurant_19","MO","Snack and Nonalcoholic Beverage Bars","Coffee Shop","290299501002",4
15606726,"restaurant_19","MO","Snack and Nonalcoholic Beverage Bars","Coffee Shop","290299502005",4
15606727,"restaurant_19","MO","Snack and Nonalcoholic Beverage Bars","Coffee Shop","291059601001",4
15606728,"restaurant_19","MO","Snack and Nonalcoholic Beverage Bars","Coffee Shop","290299507003",4
15606729,"restaurant_19","MO","Snack and Nonalcoholic Beverage Bars","Coffee Shop","290299502003",4
15606730,"restaurant_19","MO","Snack and Nonalcoholic Beverage Bars","Coffee Shop","291414705002",4
15606731,"restaurant_19","MO","Snack and Nonalcoholic Beverage Bars","Coffee Shop","291059601003",4
15606732,"restaurant_19","MO","Snack and Nonalcoholic Beverage Bars","Coffee Shop","290299508001",4
15606733,"restaurant_19","MO","Snack and Nonalcoholic Beverage Bars","Coffee Shop","290299507002",4
15606734,"restaurant_19","MO","Snack and Nonalcoholic Beverage Bars","Coffee Shop","290299509001",4
16586479,"restaurant_26","CA","Full-Service Restaurants","American Food,BBQ and Southern Food,Bar or Pub,Late Night","060730185111",4
16586480,"restaurant_26","CA","Full-Service Restaurants","American Food,BBQ and Southern Food,Bar or Pub,Late Night","060730182001",4
16586481,"restaurant_26","CA","Full-Service Restaurants","American Food,BBQ and Southern Food,Bar or Pub,Late Night","060730198063",4
16586482,"restaurant_26","CA","Full-Service Restaurants","American Food,BBQ and Southern Food,Bar or Pub,Late Night","060730182005",4
16586483,"restaurant_26","CA","Full-Service Restaurants","American Food,BBQ and Southern Food,Bar or Pub,Late Night","060650512002",4
16586484,"restaurant_26","CA","Full-Service Restaurants","American Food,BBQ and Southern Food,Bar or Pub,Late Night","060730180002",4
16586485,"restaurant_26","CA","Full-Service Restaurants","American Food,BBQ and Southern Food,Bar or Pub,Late Night","060730182003",4
16586486,"restaurant_26","CA","Full-Service Restaurants","American Food,BBQ and Southern Food,Bar or Pub,Late Night","060730185072",4
17109606,"restaurant_29","CA","Limited-Service Restaurants","Cafe","060855085052",4
17109607,"restaurant_29","CA","Limited-Service Restaurants","Cafe","060816079003",4
17109608,"restaurant_29","CA","Limited-Service Restaurants","Cafe","060871224001",4
17941781,"restaurant_32","FL","Limited-Service Restaurants","Counter Service,Dinner,Late Night,Lunch,Pizza,Take Out and Delivery Only","120710502051",6
17941782,"restaurant_32","FL","Limited-Service Restaurants","Counter Service,Dinner,Late Night,Lunch,Pizza,Take Out and Delivery Only","120710502094",5
17941783,"restaurant_32","FL","Limited-Service Restaurants","Counter Service,Dinner,Late Night,Lunch,Pizza,Take Out and Delivery Only","120710502092",4
17941784,"restaurant_32","FL","Limited-Service Restaurants","Counter Service,Dinner,Late Night,Lunch,Pizza,Take Out and Delivery Only","120710502082",4
17941785,"restaurant_32","FL","Limited-Service Restaurants","Counter Service,Dinner,Late Night,Lunch,Pizza,Take Out and Delivery Only","120710502093",4
17941786,"restaurant_32","FL","Limited-Service Restaurants","Counter Service,Dinner,Late Night,Lunch,Pizza,Take Out and Delivery Only","120710503061",4
17941787,"restaurant_32","FL","Limited-Service Restaurants","Counter Service,Dinner,Late Night,Lunch,Pizza,Take Out and Delivery Only","120710502032",4
17941788,"restaurant_32","FL","Limited-Service Restaurants","Counter Service,Dinner,Late Night,Lunch,Pizza,Take Out and Delivery Only","120710502062",4
18078347,"restaurant_91","UT","Full-Service Restaurants","Catering,Counter Service,Dinner,Lunch,Pizza","490532706003",7
18078348,"restaurant_91","UT","Full-Service Restaurants","Catering,Counter Service,Dinner,Lunch,Pizza","490532711003",6
18078349,"restaurant_91","UT","Full-Service Restaurants","Catering,Counter Service,Dinner,Lunch,Pizza","490532712001",6
18078350,"restaurant_91","UT","Full-Service Restaurants","Catering,Counter Service,Dinner,Lunch,Pizza","490532717011",6
18078351,"restaurant_91","UT","Full-Service Restaurants","Catering,Counter Service,Dinner,Lunch,Pizza","490532717022",6
18078352,"restaurant_91","UT","Full-Service Restaurants","Catering,Counter Service,Dinner,Lunch,Pizza","490532714003",6
18078353,"restaurant_91","UT","Full-Service Restaurants","Catering,Counter Service,Dinner,Lunch,Pizza","490532715001",6
18078354,"restaurant_91","UT","Full-Service Restaurants","Catering,Counter Service,Dinner,Lunch,Pizza","490532708012",5
18078355,"restaurant_91","UT","Full-Service Restaurants","Catering,Counter Service,Dinner,Lunch,Pizza","490532712002",5
18078356,"restaurant_91","UT","Full-Service Restaurants","Catering,Counter Service,Dinner,Lunch,Pizza","490532708011",5
18078357,"restaurant_91","UT","Full-Service Restaurants","Catering,Counter Service,Dinner,Lunch,Pizza","490532709023",4
18078358,"restaurant_91","UT","Full-Service Restaurants","Catering,Counter Service,Dinner,Lunch,Pizza","490532709021",4
18078359,"restaurant_91","UT","Full-Service Restaurants","Catering,Counter Service,Dinner,Lunch,Pizza","490532713002",4
18078360,"restaurant_91","UT","Full-Service Restaurants","Catering,Counter Service,Dinner,Lunch,Pizza","490532716002",4
18078361,"restaurant_91","UT","Full-Service Restaurants","Catering,Counter Service,Dinner,Lunch,Pizza","490532708021",4
18078362,"restaurant_91","UT","Full-Service Restaurants","Catering,Counter Service,Dinner,Lunch,Pizza","490532709011",4
18078363,"restaurant_91","UT","Full-Service Restaurants","Catering,Counter Service,Dinner,Lunch,Pizza","490532703002",4
18078364,"restaurant_91","UT","Full-Service Restaurants","Catering,Counter Service,Dinner,Lunch,Pizza","490532717021",4
18078365,"restaurant_91","UT","Full-Service Restaurants","Catering,Counter Service,Dinner,Lunch,Pizza","490532709022",4
18078366,"restaurant_91","UT","Full-Service Restaurants","Catering,Counter Service,Dinner,Lunch,Pizza","490532707001",4
18078367,"restaurant_91","UT","Full-Service Restaurants","Catering,Counter Service,Dinner,Lunch,Pizza","490532710001",4
18078368,"restaurant_91","UT","Full-Service Restaurants","Catering,Counter Service,Dinner,Lunch,Pizza","490532703001",4
18078369,"restaurant_91","UT","Full-Service Restaurants","Catering,Counter Service,Dinner,Lunch,Pizza","490532717012",4
18078370,"restaurant_91","UT","Full-Service Restaurants","Catering,Counter Service,Dinner,Lunch,Pizza","490532718001",4
18078371,"restaurant_91","UT","Full-Service Restaurants","Catering,Counter Service,Dinner,Lunch,Pizza","490211105003",4
18078372,"restaurant_91","UT","Full-Service Restaurants","Catering,Counter Service,Dinner,Lunch,Pizza","490519602002",4
18078373,"restaurant_91","UT","Full-Service Restaurants","Catering,Counter Service,Dinner,Lunch,Pizza","490532703004",4
18078374,"restaurant_91","UT","Full-Service Restaurants","Catering,Counter Service,Dinner,Lunch,Pizza","490532706001",4
18078375,"restaurant_91","UT","Full-Service Restaurants","Catering,Counter Service,Dinner,Lunch,Pizza","490532708013",4
18078376,"restaurant_91","UT","Full-Service Restaurants","Catering,Counter Service,Dinner,Lunch,Pizza","490532704001",4
18078377,"restaurant_91","UT","Full-Service Restaurants","Catering,Counter Service,Dinner,Lunch,Pizza","490211107022",4
18078378,"restaurant_91","UT","Full-Service Restaurants","Catering,Counter Service,Dinner,Lunch,Pizza","490211102001",4
18078379,"restaurant_91","UT","Full-Service Restaurants","Catering,Counter Service,Dinner,Lunch,Pizza","490532705004",4
18078380,"restaurant_91","UT","Full-Service Restaurants","Catering,Counter Service,Dinner,Lunch,Pizza","490351108002",4
18078381,"restaurant_91","UT","Full-Service Restaurants","Catering,Counter Service,Dinner,Lunch,Pizza","320030059031",4
18078382,"restaurant_91","UT","Full-Service Restaurants","Catering,Counter Service,Dinner,Lunch,Pizza","490532708022",4
18078383,"restaurant_91","UT","Full-Service Restaurants","Catering,Counter Service,Dinner,Lunch,Pizza","490532711001",4
18078384,"restaurant_91","UT","Full-Service Restaurants","Catering,Counter Service,Dinner,Lunch,Pizza","490532707004",4
18078385,"restaurant_91","UT","Full-Service Restaurants","Catering,Counter Service,Dinner,Lunch,Pizza","061110012061",4
18078386,"restaurant_91","UT","Full-Service Restaurants","Catering,Counter Service,Dinner,Lunch,Pizza","320030046022",4
18658443,"restaurant_76","TX","Limited-Service Restaurants","Burgers,Counter Service,Dinner,Drive Through,Fast Food,Ice Cream Shop,Lunch","484459504005",15
18658444,"restaurant_76","TX","Limited-Service Restaurants","Burgers,Counter Service,Dinner,Drive Through,Fast Food,Ice Cream Shop,Lunch","484459504004",9
18658445,"restaurant_76","TX","Limited-Service Restaurants","Burgers,Counter Service,Dinner,Drive Through,Fast Food,Ice Cream Shop,Lunch","484459504001",8
18658446,"restaurant_76","TX","Limited-Service Restaurants","Burgers,Counter Service,Dinner,Drive Through,Fast Food,Ice Cream Shop,Lunch","484459504006",8
18658447,"restaurant_76","TX","Limited-Service Restaurants","Burgers,Counter Service,Dinner,Drive Through,Fast Food,Ice Cream Shop,Lunch","484459501001",7
18658448,"restaurant_76","TX","Limited-Service Restaurants","Burgers,Counter Service,Dinner,Drive Through,Fast Food,Ice Cream Shop,Lunch","484459504003",5
18658449,"restaurant_76","TX","Limited-Service Restaurants","Burgers,Counter Service,Dinner,Drive Through,Fast Food,Ice Cream Shop,Lunch","484459504007",5
18658450,"restaurant_76","TX","Limited-Service Restaurants","Burgers,Counter Service,Dinner,Drive Through,Fast Food,Ice Cream Shop,Lunch","484459503001",4
18658451,"restaurant_76","TX","Limited-Service Restaurants","Burgers,Counter Service,Dinner,Drive Through,Fast Food,Ice Cream Shop,Lunch","485019502001",4
18658452,"restaurant_76","TX","Limited-Service Restaurants","Burgers,Counter Service,Dinner,Drive Through,Fast Food,Ice Cream Shop,Lunch","484459503002",4
18658453,"restaurant_76","TX","Limited-Service Restaurants","Burgers,Counter Service,Dinner,Drive Through,Fast Food,Ice Cream Shop,Lunch","484790014021",4
18658454,"restaurant_76","TX","Limited-Service Restaurants","Burgers,Counter Service,Dinner,Drive Through,Fast Food,Ice Cream Shop,Lunch","484459501003",4
18658455,"restaurant_76","TX","Limited-Service Restaurants","Burgers,Counter Service,Dinner,Drive Through,Fast Food,Ice Cream Shop,Lunch","401091087082",4
18658456,"restaurant_76","TX","Limited-Service Restaurants","Burgers,Counter Service,Dinner,Drive Through,Fast Food,Ice Cream Shop,Lunch","482199507001",4
18658457,"restaurant_76","TX","Limited-Service Restaurants","Burgers,Counter Service,Dinner,Drive Through,Fast Food,Ice Cream Shop,Lunch","484459504002",4
18658458,"restaurant_76","TX","Limited-Service Restaurants","Burgers,Counter Service,Dinner,Drive Through,Fast Food,Ice Cream Shop,Lunch","481659502001",4
18658459,"restaurant_76","TX","Limited-Service Restaurants","Burgers,Counter Service,Dinner,Drive Through,Fast Food,Ice Cream Shop,Lunch","350250008001",4
18832043,"restaurant_90","TN","Limited-Service Restaurants","Breakfast,Burgers,Counter Service,Dinner,Drive Through,Fast Food,Late Night,Lunch","471870503071",52
18832044,"restaurant_90","TN","Limited-Service Restaurants","Breakfast,Burgers,Counter Service,Dinner,Drive Through,Fast Food,Late Night,Lunch","471870502081",18
18832045,"restaurant_90","TN","Limited-Service Restaurants","Breakfast,Burgers,Counter Service,Dinner,Drive Through,Fast Food,Late Night,Lunch","471870512024",16
18832046,"restaurant_90","TN","Limited-Service Restaurants","Breakfast,Burgers,Counter Service,Dinner,Drive Through,Fast Food,Late Night,Lunch","471870503061",12
18832047,"restaurant_90","TN","Limited-Service Restaurants","Breakfast,Burgers,Counter Service,Dinner,Drive Through,Fast Food,Late Night,Lunch","471870510012",11
18832048,"restaurant_90","TN","Limited-Service Restaurants","Breakfast,Burgers,Counter Service,Dinner,Drive Through,Fast Food,Late Night,Lunch","471870507012",10
18832049,"restaurant_90","TN","Limited-Service Restaurants","Breakfast,Burgers,Counter Service,Dinner,Drive Through,Fast Food,Late Night,Lunch","471870507021",9
18832050,"restaurant_90","TN","Limited-Service Restaurants","Breakfast,Burgers,Counter Service,Dinner,Drive Through,Fast Food,Late Night,Lunch","471870506021",9
18832051,"restaurant_90","TN","Limited-Service Restaurants","Breakfast,Burgers,Counter Service,Dinner,Drive Through,Fast Food,Late Night,Lunch","471870502041",8
18832052,"restaurant_90","TN","Limited-Service Restaurants","Breakfast,Burgers,Counter Service,Dinner,Drive Through,Fast Food,Late Night,Lunch","471190102021",8
18832053,"restaurant_90","TN","Limited-Service Restaurants","Breakfast,Burgers,Counter Service,Dinner,Drive Through,Fast Food,Late Night,Lunch","471870509051",8
18832054,"restaurant_90","TN","Limited-Service Restaurants","Breakfast,Burgers,Counter Service,Dinner,Drive Through,Fast Food,Late Night,Lunch","470370191141",8
18832055,"restaurant_90","TN","Limited-Service Restaurants","Breakfast,Burgers,Counter Service,Dinner,Drive Through,Fast Food,Late Night,Lunch","471870510023",8
18832056,"restaurant_90","TN","Limited-Service Restaurants","Breakfast,Burgers,Counter Service,Dinner,Drive Through,Fast Food,Late Night,Lunch","471870501011",7
18832057,"restaurant_90","TN","Limited-Service Restaurants","Breakfast,Burgers,Counter Service,Dinner,Drive Through,Fast Food,Late Night,Lunch","471870502071",7
18832058,"restaurant_90","TN","Limited-Service Restaurants","Breakfast,Burgers,Counter Service,Dinner,Drive Through,Fast Food,Late Night,Lunch","471870509052",6
18832059,"restaurant_90","TN","Limited-Service Restaurants","Breakfast,Burgers,Counter Service,Dinner,Drive Through,Fast Food,Late Night,Lunch","471870510011",6
18832060,"restaurant_90","TN","Limited-Service Restaurants","Breakfast,Burgers,Counter Service,Dinner,Drive Through,Fast Food,Late Night,Lunch","471870507011",6
18832061,"restaurant_90","TN","Limited-Service Restaurants","Breakfast,Burgers,Counter Service,Dinner,Drive Through,Fast Food,Late Night,Lunch","470370195001",6
18832062,"restaurant_90","TN","Limited-Service Restaurants","Breakfast,Burgers,Counter Service,Dinner,Drive Through,Fast Food,Late Night,Lunch","471870505042",5
18832063,"restaurant_90","TN","Limited-Service Restaurants","Breakfast,Burgers,Counter Service,Dinner,Drive Through,Fast Food,Late Night,Lunch","471870501012",5
18832064,"restaurant_90","TN","Limited-Service Restaurants","Breakfast,Burgers,Counter Service,Dinner,Drive Through,Fast Food,Late Night,Lunch","471870506011",5
18832065,"restaurant_90","TN","Limited-Service Restaurants","Breakfast,Burgers,Counter Service,Dinner,Drive Through,Fast Food,Late Night,Lunch","471870503051",5
18832066,"restaurant_90","TN","Limited-Service Restaurants","Breakfast,Burgers,Counter Service,Dinner,Drive Through,Fast Food,Late Night,Lunch","471870502031",5
18832067,"restaurant_90","TN","Limited-Service Restaurants","Breakfast,Burgers,Counter Service,Dinner,Drive Through,Fast Food,Late Night,Lunch","471870502051",5
18832068,"restaurant_90","TN","Limited-Service Restaurants","Breakfast,Burgers,Counter Service,Dinner,Drive Through,Fast Food,Late Night,Lunch","471870503032",5
18832069,"restaurant_90","TN","Limited-Service Restaurants","Breakfast,Burgers,Counter Service,Dinner,Drive Through,Fast Food,Late Night,Lunch","470370195003",5
18832070,"restaurant_90","TN","Limited-Service Restaurants","Breakfast,Burgers,Counter Service,Dinner,Drive Through,Fast Food,Late Night,Lunch","471870503041",4
18832071,"restaurant_90","TN","Limited-Service Restaurants","Breakfast,Burgers,Counter Service,Dinner,Drive Through,Fast Food,Late Night,Lunch","471870509071",4
18832072,"restaurant_90","TN","Limited-Service Restaurants","Breakfast,Burgers,Counter Service,Dinner,Drive Through,Fast Food,Late Night,Lunch","471870501021",4
18832073,"restaurant_90","TN","Limited-Service Restaurants","Breakfast,Burgers,Counter Service,Dinner,Drive Through,Fast Food,Late Night,Lunch","470370153004",4
18832074,"restaurant_90","TN","Limited-Service Restaurants","Breakfast,Burgers,Counter Service,Dinner,Drive Through,Fast Food,Late Night,Lunch","471870511002",4
18832075,"restaurant_90","TN","Limited-Service Restaurants","Breakfast,Burgers,Counter Service,Dinner,Drive Through,Fast Food,Late Night,Lunch","471870506012",4
18832076,"restaurant_90","TN","Limited-Service Restaurants","Breakfast,Burgers,Counter Service,Dinner,Drive Through,Fast Food,Late Night,Lunch","470039502001",4
18832077,"restaurant_90","TN","Limited-Service Restaurants","Breakfast,Burgers,Counter Service,Dinner,Drive Through,Fast Food,Late Night,Lunch","471870509061",4
18832078,"restaurant_90","TN","Limited-Service Restaurants","Breakfast,Burgers,Counter Service,Dinner,Drive Through,Fast Food,Late Night,Lunch","471190103012",4
18832079,"restaurant_90","TN","Limited-Service Restaurants","Breakfast,Burgers,Counter Service,Dinner,Drive Through,Fast Food,Late Night,Lunch","471870509042",4
18832080,"restaurant_90","TN","Limited-Service Restaurants","Breakfast,Burgers,Counter Service,Dinner,Drive Through,Fast Food,Late Night,Lunch","470370188041",4
18832081,"restaurant_90","TN","Limited-Service Restaurants","Breakfast,Burgers,Counter Service,Dinner,Drive Through,Fast Food,Late Night,Lunch","471870510013",4
18832082,"restaurant_90","TN","Limited-Service Restaurants","Breakfast,Burgers,Counter Service,Dinner,Drive Through,Fast Food,Late Night,Lunch","471870502032",4
18832083,"restaurant_90","TN","Limited-Service Restaurants","Breakfast,Burgers,Counter Service,Dinner,Drive Through,Fast Food,Late Night,Lunch","471870509062",4
18832084,"restaurant_90","TN","Limited-Service Restaurants","Breakfast,Burgers,Counter Service,Dinner,Drive Through,Fast Food,Late Night,Lunch","470819501001",4
18832085,"restaurant_90","TN","Limited-Service Restaurants","Breakfast,Burgers,Counter Service,Dinner,Drive Through,Fast Food,Late Night,Lunch","470370195004",4
18832086,"restaurant_90","TN","Limited-Service Restaurants","Breakfast,Burgers,Counter Service,Dinner,Drive Through,Fast Food,Late Night,Lunch","471650212042",4
18832087,"restaurant_90","TN","Limited-Service Restaurants","Breakfast,Burgers,Counter Service,Dinner,Drive Through,Fast Food,Late Night,Lunch","471870504062",4
18832088,"restaurant_90","TN","Limited-Service Restaurants","Breakfast,Burgers,Counter Service,Dinner,Drive Through,Fast Food,Late Night,Lunch","471870512022",4
18832089,"restaurant_90","TN","Limited-Service Restaurants","Breakfast,Burgers,Counter Service,Dinner,Drive Through,Fast Food,Late Night,Lunch","471870512012",4
18832090,"restaurant_90","TN","Limited-Service Restaurants","Breakfast,Burgers,Counter Service,Dinner,Drive Through,Fast Food,Late Night,Lunch","471870502061",4
18832091,"restaurant_90","TN","Limited-Service Restaurants","Breakfast,Burgers,Counter Service,Dinner,Drive Through,Fast Food,Late Night,Lunch","471490409022",4
18832092,"restaurant_90","TN","Limited-Service Restaurants","Breakfast,Burgers,Counter Service,Dinner,Drive Through,Fast Food,Late Night,Lunch","471190105003",4
18832093,"restaurant_90","TN","Limited-Service Restaurants","Breakfast,Burgers,Counter Service,Dinner,Drive Through,Fast Food,Late Night,Lunch","471190102011",4
18832094,"restaurant_90","TN","Limited-Service Restaurants","Breakfast,Burgers,Counter Service,Dinner,Drive Through,Fast Food,Late Night,Lunch","471870505022",4
18832095,"restaurant_90","TN","Limited-Service Restaurants","Breakfast,Burgers,Counter Service,Dinner,Drive Through,Fast Food,Late Night,Lunch","471870511001",4
18832096,"restaurant_90","TN","Limited-Service Restaurants","Breakfast,Burgers,Counter Service,Dinner,Drive Through,Fast Food,Late Night,Lunch","471870506022",4
18832097,"restaurant_90","TN","Limited-Service Restaurants","Breakfast,Burgers,Counter Service,Dinner,Drive Through,Fast Food,Late Night,Lunch","471870508004",4
18832098,"restaurant_90","TN","Limited-Service Restaurants","Breakfast,Burgers,Counter Service,Dinner,Drive Through,Fast Food,Late Night,Lunch","471870501032",4
18832099,"restaurant_90","TN","Limited-Service Restaurants","Breakfast,Burgers,Counter Service,Dinner,Drive Through,Fast Food,Late Night,Lunch","471190109001",4
18832100,"restaurant_90","TN","Limited-Service Restaurants","Breakfast,Burgers,Counter Service,Dinner,Drive Through,Fast Food,Late Night,Lunch","470370195002",4
18832101,"restaurant_90","TN","Limited-Service Restaurants","Breakfast,Burgers,Counter Service,Dinner,Drive Through,Fast Food,Late Night,Lunch","470370191151",4
18832102,"restaurant_90","TN","Limited-Service Restaurants","Breakfast,Burgers,Counter Service,Dinner,Drive Through,Fast Food,Late Night,Lunch","471190112002",4
18832103,"restaurant_90","TN","Limited-Service Restaurants","Breakfast,Burgers,Counter Service,Dinner,Drive Through,Fast Food,Late Night,Lunch","470039504011",4
18832104,"restaurant_90","TN","Limited-Service Restaurants","Breakfast,Burgers,Counter Service,Dinner,Drive Through,Fast Food,Late Night,Lunch","471190102013",4
18832105,"restaurant_90","TN","Limited-Service Restaurants","Breakfast,Burgers,Counter Service,Dinner,Drive Through,Fast Food,Late Night,Lunch","471870509081",4
18832106,"restaurant_90","TN","Limited-Service Restaurants","Breakfast,Burgers,Counter Service,Dinner,Drive Through,Fast Food,Late Night,Lunch","211110103141",4
18832107,"restaurant_90","TN","Limited-Service Restaurants","Breakfast,Burgers,Counter Service,Dinner,Drive Through,Fast Food,Late Night,Lunch","471870505031",4
18832108,"restaurant_90","TN","Limited-Service Restaurants","Breakfast,Burgers,Counter Service,Dinner,Drive Through,Fast Food,Late Night,Lunch","470370188042",4
18832109,"restaurant_90","TN","Limited-Service Restaurants","Breakfast,Burgers,Counter Service,Dinner,Drive Through,Fast Food,Late Night,Lunch","471890303081",4
18832110,"restaurant_90","TN","Limited-Service Restaurants","Breakfast,Burgers,Counter Service,Dinner,Drive Through,Fast Food,Late Night,Lunch","471870504032",4
18832111,"restaurant_90","TN","Limited-Service Restaurants","Breakfast,Burgers,Counter Service,Dinner,Drive Through,Fast Food,Late Night,Lunch","471870504042",4
18832112,"restaurant_90","TN","Limited-Service Restaurants","Breakfast,Burgers,Counter Service,Dinner,Drive Through,Fast Food,Late Night,Lunch","471490402001",4
18832113,"restaurant_90","TN","Limited-Service Restaurants","Breakfast,Burgers,Counter Service,Dinner,Drive Through,Fast Food,Late Night,Lunch","471650205012",4
18832114,"restaurant_90","TN","Limited-Service Restaurants","Breakfast,Burgers,Counter Service,Dinner,Drive Through,Fast Food,Late Night,Lunch","471490409011",4
18832115,"restaurant_90","TN","Limited-Service Restaurants","Breakfast,Burgers,Counter Service,Dinner,Drive Through,Fast Food,Late Night,Lunch","470819502001",4
18832116,"restaurant_90","TN","Limited-Service Restaurants","Breakfast,Burgers,Counter Service,Dinner,Drive Through,Fast Food,Late Night,Lunch","470370111002",4
18832117,"restaurant_90","TN","Limited-Service Restaurants","Breakfast,Burgers,Counter Service,Dinner,Drive Through,Fast Food,Late Night,Lunch","470370182022",4
18832118,"restaurant_90","TN","Limited-Service Restaurants","Breakfast,Burgers,Counter Service,Dinner,Drive Through,Fast Food,Late Night,Lunch","120950171031",4
18832119,"restaurant_90","TN","Limited-Service Restaurants","Breakfast,Burgers,Counter Service,Dinner,Drive Through,Fast Food,Late Night,Lunch","470370186023",4
18832120,"restaurant_90","TN","Limited-Service Restaurants","Breakfast,Burgers,Counter Service,Dinner,Drive Through,Fast Food,Late Night,Lunch","471179550001",4
18832121,"restaurant_90","TN","Limited-Service Restaurants","Breakfast,Burgers,Counter Service,Dinner,Drive Through,Fast Food,Late Night,Lunch","470370184053",4
18832122,"restaurant_90","TN","Limited-Service Restaurants","Breakfast,Burgers,Counter Service,Dinner,Drive Through,Fast Food,Late Night,Lunch","470370188013",4
18832123,"restaurant_90","TN","Limited-Service Restaurants","Breakfast,Burgers,Counter Service,Dinner,Drive Through,Fast Food,Late Night,Lunch","471190102012",4
18832124,"restaurant_90","TN","Limited-Service Restaurants","Breakfast,Burgers,Counter Service,Dinner,Drive Through,Fast Food,Late Night,Lunch","470851302001",4
18832125,"restaurant_90","TN","Limited-Service Restaurants","Breakfast,Burgers,Counter Service,Dinner,Drive Through,Fast Food,Late Night,Lunch","010890110141",4
18832126,"restaurant_90","TN","Limited-Service Restaurants","Breakfast,Burgers,Counter Service,Dinner,Drive Through,Fast Food,Late Night,Lunch","470370156281",4
18832127,"restaurant_90","TN","Limited-Service Restaurants","Breakfast,Burgers,Counter Service,Dinner,Drive Through,Fast Food,Late Night,Lunch","470370191061",4
18832128,"restaurant_90","TN","Limited-Service Restaurants","Breakfast,Burgers,Counter Service,Dinner,Drive Through,Fast Food,Late Night,Lunch","471870512023",4
18832129,"restaurant_90","TN","Limited-Service Restaurants","Breakfast,Burgers,Counter Service,Dinner,Drive Through,Fast Food,Late Night,Lunch","471490401031",4
18832130,"restaurant_90","TN","Limited-Service Restaurants","Breakfast,Burgers,Counter Service,Dinner,Drive Through,Fast Food,Late Night,Lunch","470370165001",4
18832131,"restaurant_90","TN","Limited-Service Restaurants","Breakfast,Burgers,Counter Service,Dinner,Drive Through,Fast Food,Late Night,Lunch","471870509091",4
18832132,"restaurant_90","TN","Limited-Service Restaurants","Breakfast,Burgers,Counter Service,Dinner,Drive Through,Fast Food,Late Night,Lunch","471179550003",4
18832133,"restaurant_90","TN","Limited-Service Restaurants","Breakfast,Burgers,Counter Service,Dinner,Drive Through,Fast Food,Late Night,Lunch","471870502062",4
18832134,"restaurant_90","TN","Limited-Service Restaurants","Breakfast,Burgers,Counter Service,Dinner,Drive Through,Fast Food,Late Night,Lunch","470459640003",4
18832135,"restaurant_90","TN","Limited-Service Restaurants","Breakfast,Burgers,Counter Service,Dinner,Drive Through,Fast Food,Late Night,Lunch","470370105023",4
18832136,"restaurant_90","TN","Limited-Service Restaurants","Breakfast,Burgers,Counter Service,Dinner,Drive Through,Fast Food,Late Night,Lunch","471870509072",4
18832137,"restaurant_90","TN","Limited-Service Restaurants","Breakfast,Burgers,Counter Service,Dinner,Drive Through,Fast Food,Late Night,Lunch","471190110021",4
18832138,"restaurant_90","TN","Limited-Service Restaurants","Breakfast,Burgers,Counter Service,Dinner,Drive Through,Fast Food,Late Night,Lunch","471870504041",4
18832139,"restaurant_90","TN","Limited-Service Restaurants","Breakfast,Burgers,Counter Service,Dinner,Drive Through,Fast Food,Late Night,Lunch","471490408083",4
18832140,"restaurant_90","TN","Limited-Service Restaurants","Breakfast,Burgers,Counter Service,Dinner,Drive Through,Fast Food,Late Night,Lunch","471251005003",4
18832141,"restaurant_90","TN","Limited-Service Restaurants","Breakfast,Burgers,Counter Service,Dinner,Drive Through,Fast Food,Late Night,Lunch","471870508002",4
18832142,"restaurant_90","TN","Limited-Service Restaurants","Breakfast,Burgers,Counter Service,Dinner,Drive Through,Fast Food,Late Night,Lunch","470430604022",4
18832143,"restaurant_90","TN","Limited-Service Restaurants","Breakfast,Burgers,Counter Service,Dinner,Drive Through,Fast Food,Late Night,Lunch","471870508003",4
18832144,"restaurant_90","TN","Limited-Service Restaurants","Breakfast,Burgers,Counter Service,Dinner,Drive Through,Fast Food,Late Night,Lunch","470430602004",4
18832145,"restaurant_90","TN","Limited-Service Restaurants","Breakfast,Burgers,Counter Service,Dinner,Drive Through,Fast Food,Late Night,Lunch","471190108012",4
18832146,"restaurant_90","TN","Limited-Service Restaurants","Breakfast,Burgers,Counter Service,Dinner,Drive Through,Fast Food,Late Night,Lunch","131210101101",4
18832147,"restaurant_90","TN","Limited-Service Restaurants","Breakfast,Burgers,Counter Service,Dinner,Drive Through,Fast Food,Late Night,Lunch","470370190063",4
18832148,"restaurant_90","TN","Limited-Service Restaurants","Breakfast,Burgers,Counter Service,Dinner,Drive Through,Fast Food,Late Night,Lunch","470930061022",4
18832149,"restaurant_90","TN","Limited-Service Restaurants","Breakfast,Burgers,Counter Service,Dinner,Drive Through,Fast Food,Late Night,Lunch","470370184081",4
18832150,"restaurant_90","TN","Limited-Service Restaurants","Breakfast,Burgers,Counter Service,Dinner,Drive Through,Fast Food,Late Night,Lunch","471190103021",4
18832151,"restaurant_90","TN","Limited-Service Restaurants","Breakfast,Burgers,Counter Service,Dinner,Drive Through,Fast Food,Late Night,Lunch","471870509063",4
18832152,"restaurant_90","TN","Limited-Service Restaurants","Breakfast,Burgers,Counter Service,Dinner,Drive Through,Fast Food,Late Night,Lunch","471870508001",4
19086958,"restaurant_100","CO","Limited-Service Restaurants","Brunch,Coffee Shop,Sandwich Shop","080590098464",11
19086959,"restaurant_100","CO","Limited-Service Restaurants","Brunch,Coffee Shop,Sandwich Shop","080590120303",9
19086960,"restaurant_100","CO","Limited-Service Restaurants","Brunch,Coffee Shop,Sandwich Shop","080590120263",7
19086961,"restaurant_100","CO","Limited-Service Restaurants","Brunch,Coffee Shop,Sandwich Shop","080590120262",6
19086962,"restaurant_100","CO","Limited-Service Restaurants","Brunch,Coffee Shop,Sandwich Shop","080590098472",5
19086963,"restaurant_100","CO","Limited-Service Restaurants","Brunch,Coffee Shop,Sandwich Shop","080590098482",5
19086964,"restaurant_100","CO","Limited-Service Restaurants","Brunch,Coffee Shop,Sandwich Shop","080590098462",4
19086965,"restaurant_100","CO","Limited-Service Restaurants","Brunch,Coffee Shop,Sandwich Shop","080590098461",4
19086966,"restaurant_100","CO","Limited-Service Restaurants","Brunch,Coffee Shop,Sandwich Shop","080590120312",4
19086967,"restaurant_100","CO","Limited-Service Restaurants","Brunch,Coffee Shop,Sandwich Shop","080190147001",4
19086968,"restaurant_100","CO","Limited-Service Restaurants","Brunch,Coffee Shop,Sandwich Shop","080590120313",4
19086969,"restaurant_100","CO","Limited-Service Restaurants","Brunch,Coffee Shop,Sandwich Shop","080590120583",4
19086970,"restaurant_100","CO","Limited-Service Restaurants","Brunch,Coffee Shop,Sandwich Shop","080590120301",4
19086971,"restaurant_100","CO","Limited-Service Restaurants","Brunch,Coffee Shop,Sandwich Shop","080590120321",4
19086972,"restaurant_100","CO","Limited-Service Restaurants","Brunch,Coffee Shop,Sandwich Shop","080930001002",4
19086973,"restaurant_100","CO","Limited-Service Restaurants","Brunch,Coffee Shop,Sandwich Shop","080590120272",4
19086974,"restaurant_100","CO","Limited-Service Restaurants","Brunch,Coffee Shop,Sandwich Shop","080590120311",4
19086975,"restaurant_100","CO","Limited-Service Restaurants","Brunch,Coffee Shop,Sandwich Shop","080930002002",4
19086976,"restaurant_100","CO","Limited-Service Restaurants","Brunch,Coffee Shop,Sandwich Shop","080590098453",4
19086977,"restaurant_100","CO","Limited-Service Restaurants","Brunch,Coffee Shop,Sandwich Shop","080590098471",4
19086978,"restaurant_100","CO","Limited-Service Restaurants","Brunch,Coffee Shop,Sandwich Shop","080590118053",4
19086979,"restaurant_100","CO","Limited-Service Restaurants","Brunch,Coffee Shop,Sandwich Shop","080050867001",4
19086980,"restaurant_100","CO","Limited-Service Restaurants","Brunch,Coffee Shop,Sandwich Shop","080350141304",4
19086981,"restaurant_100","CO","Limited-Service Restaurants","Brunch,Coffee Shop,Sandwich Shop","080590098483",4
19086982,"restaurant_100","CO","Limited-Service Restaurants","Brunch,Coffee Shop,Sandwich Shop","080190147003",4
19086983,"restaurant_100","CO","Limited-Service Restaurants","Brunch,Coffee Shop,Sandwich Shop","080590120273",4
19157283,"restaurant_65","TX","Full-Service Restaurants","Bar or Pub,Italian Food,Late Night,Wine Bar","484391137054",11
19157284,"restaurant_65","TX","Full-Service Restaurants","Bar or Pub,Italian Food,Late Night,Wine Bar","484391137031",8
19157285,"restaurant_65","TX","Full-Service Restaurants","Bar or Pub,Italian Food,Late Night,Wine Bar","484391137035",6
19157286,"restaurant_65","TX","Full-Service Restaurants","Bar or Pub,Italian Food,Late Night,Wine Bar","484391137053",5
19157287,"restaurant_65","TX","Full-Service Restaurants","Bar or Pub,Italian Food,Late Night,Wine Bar","484399800001",5
19157288,"restaurant_65","TX","Full-Service Restaurants","Bar or Pub,Italian Food,Late Night,Wine Bar","484391137072",5
19157289,"restaurant_65","TX","Full-Service Restaurants","Bar or Pub,Italian Food,Late Night,Wine Bar","484391137051",4
19157290,"restaurant_65","TX","Full-Service Restaurants","Bar or Pub,Italian Food,Late Night,Wine Bar","484391137032",4
19157291,"restaurant_65","TX","Full-Service Restaurants","Bar or Pub,Italian Food,Late Night,Wine Bar","484391139104",4
19157292,"restaurant_65","TX","Full-Service Restaurants","Bar or Pub,Italian Food,Late Night,Wine Bar","481350024005",4
19157293,"restaurant_65","TX","Full-Service Restaurants","Bar or Pub,Italian Food,Late Night,Wine Bar","484391136101",4
19157294,"restaurant_65","TX","Full-Service Restaurants","Bar or Pub,Italian Food,Late Night,Wine Bar","484391136233",4
19157295,"restaurant_65","TX","Full-Service Restaurants","Bar or Pub,Italian Food,Late Night,Wine Bar","484391136341",4
19157296,"restaurant_65","TX","Full-Service Restaurants","Bar or Pub,Italian Food,Late Night,Wine Bar","484391136322",4
19157297,"restaurant_65","TX","Full-Service Restaurants","Bar or Pub,Italian Food,Late Night,Wine Bar","484391136311",4
19157298,"restaurant_65","TX","Full-Service Restaurants","Bar or Pub,Italian Food,Late Night,Wine Bar","484391139072",4
19157299,"restaurant_65","TX","Full-Service Restaurants","Bar or Pub,Italian Food,Late Night,Wine Bar","481210203072",4
19157300,"restaurant_65","TX","Full-Service Restaurants","Bar or Pub,Italian Food,Late Night,Wine Bar","484391137052",4
19157301,"restaurant_65","TX","Full-Service Restaurants","Bar or Pub,Italian Food,Late Night,Wine Bar","481210217512",4
19157302,"restaurant_65","TX","Full-Service Restaurants","Bar or Pub,Italian Food,Late Night,Wine Bar","484391138142",4
19157303,"restaurant_65","TX","Full-Service Restaurants","Bar or Pub,Italian Food,Late Night,Wine Bar","484391139061",4
19157304,"restaurant_65","TX","Full-Service Restaurants","Bar or Pub,Italian Food,Late Night,Wine Bar","481210214091",4
19157305,"restaurant_65","TX","Full-Service Restaurants","Bar or Pub,Italian Food,Late Night,Wine Bar","051310013045",4
19157306,"restaurant_65","TX","Full-Service Restaurants","Bar or Pub,Italian Food,Late Night,Wine Bar","484391137034",4
19157307,"restaurant_65","TX","Full-Service Restaurants","Bar or Pub,Italian Food,Late Night,Wine Bar","484391137091",4
19157308,"restaurant_65","TX","Full-Service Restaurants","Bar or Pub,Italian Food,Late Night,Wine Bar","484391136312",4
19157309,"restaurant_65","TX","Full-Service Restaurants","Bar or Pub,Italian Food,Late Night,Wine Bar","484391132132",4
19157310,"restaurant_65","TX","Full-Service Restaurants","Bar or Pub,Italian Food,Late Night,Wine Bar","481130142063",4
19157311,"restaurant_65","TX","Full-Service Restaurants","Bar or Pub,Italian Food,Late Night,Wine Bar","481210217312",4
19157312,"restaurant_65","TX","Full-Service Restaurants","Bar or Pub,Italian Food,Late Night,Wine Bar","481210217511",4
19157313,"restaurant_65","TX","Full-Service Restaurants","Bar or Pub,Italian Food,Late Night,Wine Bar","484391132101",4
19157314,"restaurant_65","TX","Full-Service Restaurants","Bar or Pub,Italian Food,Late Night,Wine Bar","484391139291",4
19157315,"restaurant_65","TX","Full-Service Restaurants","Bar or Pub,Italian Food,Late Night,Wine Bar","484391139216",4
19157316,"restaurant_65","TX","Full-Service Restaurants","Bar or Pub,Italian Food,Late Night,Wine Bar","481210214093",4
19157317,"restaurant_65","TX","Full-Service Restaurants","Bar or Pub,Italian Food,Late Night,Wine Bar","484391137073",4
19157318,"restaurant_65","TX","Full-Service Restaurants","Bar or Pub,Italian Food,Late Night,Wine Bar","481210203082",4
19157319,"restaurant_65","TX","Full-Service Restaurants","Bar or Pub,Italian Food,Late Night,Wine Bar","484391136103",4
19157320,"restaurant_65","TX","Full-Service Restaurants","Bar or Pub,Italian Food,Late Night,Wine Bar","480850310031",4
19157321,"restaurant_65","TX","Full-Service Restaurants","Bar or Pub,Italian Food,Late Night,Wine Bar","481130100001",4
19157322,"restaurant_65","TX","Full-Service Restaurants","Bar or Pub,Italian Food,Late Night,Wine Bar","484391137111",4
19157323,"restaurant_65","TX","Full-Service Restaurants","Bar or Pub,Italian Food,Late Night,Wine Bar","484391137102",4
19157324,"restaurant_65","TX","Full-Service Restaurants","Bar or Pub,Italian Food,Late Night,Wine Bar","484391138141",4
19157325,"restaurant_65","TX","Full-Service Restaurants","Bar or Pub,Italian Food,Late Night,Wine Bar","401091089002",4
19157326,"restaurant_65","TX","Full-Service Restaurants","Bar or Pub,Italian Food,Late Night,Wine Bar","480970007004",4
19157327,"restaurant_65","TX","Full-Service Restaurants","Bar or Pub,Italian Food,Late Night,Wine Bar","484391136323",4
19157328,"restaurant_65","TX","Full-Service Restaurants","Bar or Pub,Italian Food,Late Night,Wine Bar","481210217391",4
19157329,"restaurant_65","TX","Full-Service Restaurants","Bar or Pub,Italian Food,Late Night,Wine Bar","484391139081",4
19534148,"restaurant_30","HI","Full-Service Restaurants","Italian Food","150030037002",4
20691382,"restaurant_97","PA","Limited-Service Restaurants","Cafe","420030103002",10
20691383,"restaurant_97","PA","Limited-Service Restaurants","Cafe","420030201004",8
20691384,"restaurant_97","PA","Limited-Service Restaurants","Cafe","420030201005",4
20691385,"restaurant_97","PA","Limited-Service Restaurants","Cafe","420034705012",4
20691386,"restaurant_97","PA","Limited-Service Restaurants","Cafe","420039807001",4
20691387,"restaurant_97","PA","Limited-Service Restaurants","Cafe","420034530043",4
20691388,"restaurant_97","PA","Limited-Service Restaurants","Cafe","420031702001",4
20691389,"restaurant_97","PA","Limited-Service Restaurants","Cafe","420034270001",4
21010013,"restaurant_22","IL","Full-Service Restaurants","Brunch,Italian Food","170370013005",5
21010014,"restaurant_22","IL","Full-Service Restaurants","Brunch,Italian Food","170370015002",5
21010015,"restaurant_22","IL","Full-Service Restaurants","Brunch,Italian Food","170370005001",4
21010016,"restaurant_22","IL","Full-Service Restaurants","Brunch,Italian Food","170370007001",4
21010017,"restaurant_22","IL","Full-Service Restaurants","Brunch,Italian Food","170370008003",4
21010018,"restaurant_22","IL","Full-Service Restaurants","Brunch,Italian Food","170370013006",4
21010019,"restaurant_22","IL","Full-Service Restaurants","Brunch,Italian Food","170370016001",4
21010020,"restaurant_22","IL","Full-Service Restaurants","Brunch,Italian Food","170370006001",4
21010021,"restaurant_22","IL","Full-Service Restaurants","Brunch,Italian Food","170370017001",4
21010022,"restaurant_22","IL","Full-Service Restaurants","Brunch,Italian Food","170370008002",4
21010023,"restaurant_22","IL","Full-Service Restaurants","Brunch,Italian Food","170370009005",4
21010024,"restaurant_22","IL","Full-Service Restaurants","Brunch,Italian Food","170370014001",4
21010025,"restaurant_22","IL","Full-Service Restaurants","Brunch,Italian Food","170438465043",4
21010026,"restaurant_22","IL","Full-Service Restaurants","Brunch,Italian Food","170370010023",4
21010027,"restaurant_22","IL","Full-Service Restaurants","Brunch,Italian Food","170370009002",4
21010028,"restaurant_22","IL","Full-Service Restaurants","Brunch,Italian Food","170370022002",4
21010029,"restaurant_22","IL","Full-Service Restaurants","Brunch,Italian Food","170898507031",4
21010030,"restaurant_22","IL","Full-Service Restaurants","Brunch,Italian Food","170370003002",4
21234924,"restaurant_98","PA","Full-Service Restaurants","Pizza","420619503001",8
21234925,"restaurant_98","PA","Full-Service Restaurants","Pizza","420619501002",4
21234926,"restaurant_98","PA","Full-Service Restaurants","Pizza","420619502001",4
21234927,"restaurant_98","PA","Full-Service Restaurants","Pizza","420619503002",4
22594154,"restaurant_48","FL","Full-Service Restaurants","Brunch,Casual Dining,Dinner,Lunch,Seafood","121130108112",15
22594155,"restaurant_48","FL","Full-Service Restaurants","Brunch,Casual Dining,Dinner,Lunch,Seafood","121130108111",11
22594156,"restaurant_48","FL","Full-Service Restaurants","Brunch,Casual Dining,Dinner,Lunch,Seafood","121130108152",10
22594157,"restaurant_48","FL","Full-Service Restaurants","Brunch,Casual Dining,Dinner,Lunch,Seafood","121130108021",10
22594158,"restaurant_48","FL","Full-Service Restaurants","Brunch,Casual Dining,Dinner,Lunch,Seafood","121130108173",8
22594159,"restaurant_48","FL","Full-Service Restaurants","Brunch,Casual Dining,Dinner,Lunch,Seafood","121130108193",8
22594160,"restaurant_48","FL","Full-Service Restaurants","Brunch,Casual Dining,Dinner,Lunch,Seafood","121130108192",7
22594161,"restaurant_48","FL","Full-Service Restaurants","Brunch,Casual Dining,Dinner,Lunch,Seafood","121130108113",7
22594162,"restaurant_48","FL","Full-Service Restaurants","Brunch,Casual Dining,Dinner,Lunch,Seafood","121130108172",7
22594163,"restaurant_48","FL","Full-Service Restaurants","Brunch,Casual Dining,Dinner,Lunch,Seafood","121130108191",7
22594164,"restaurant_48","FL","Full-Service Restaurants","Brunch,Casual Dining,Dinner,Lunch,Seafood","121130108171",5
22594165,"restaurant_48","FL","Full-Service Restaurants","Brunch,Casual Dining,Dinner,Lunch,Seafood","121130108151",4
22594166,"restaurant_48","FL","Full-Service Restaurants","Brunch,Casual Dining,Dinner,Lunch,Seafood","121130108022",4
22594167,"restaurant_48","FL","Full-Service Restaurants","Brunch,Casual Dining,Dinner,Lunch,Seafood","120910231003",4
22594168,"restaurant_48","FL","Full-Service Restaurants","Brunch,Casual Dining,Dinner,Lunch,Seafood","121130108142",4
22594169,"restaurant_48","FL","Full-Service Restaurants","Brunch,Casual Dining,Dinner,Lunch,Seafood","482012515031",4
22594170,"restaurant_48","FL","Full-Service Restaurants","Brunch,Casual Dining,Dinner,Lunch,Seafood","120910231002",4
22594171,"restaurant_48","FL","Full-Service Restaurants","Brunch,Casual Dining,Dinner,Lunch,Seafood","121130108122",4
22594172,"restaurant_48","FL","Full-Service Restaurants","Brunch,Casual Dining,Dinner,Lunch,Seafood","010670305004",4
22594173,"restaurant_48","FL","Full-Service Restaurants","Brunch,Casual Dining,Dinner,Lunch,Seafood","120330012021",4
22594174,"restaurant_48","FL","Full-Service Restaurants","Brunch,Casual Dining,Dinner,Lunch,Seafood","120330008001",4
22594175,"restaurant_48","FL","Full-Service Restaurants","Brunch,Casual Dining,Dinner,Lunch,Seafood","120910212002",4
22594176,"restaurant_48","FL","Full-Service Restaurants","Brunch,Casual Dining,Dinner,Lunch,Seafood","120910201004",4
22995015,"restaurant_11","OH","Full-Service Restaurants","American Food,Brunch,Vegan Food","391130034031",5
22995016,"restaurant_11","OH","Full-Service Restaurants","American Food,Brunch,Vegan Food","391130034022",4
22995017,"restaurant_11","OH","Full-Service Restaurants","American Food,Brunch,Vegan Food","391130034021",4
22995018,"restaurant_11","OH","Full-Service Restaurants","American Food,Brunch,Vegan Food","391130102007",4
22995019,"restaurant_11","OH","Full-Service Restaurants","American Food,Brunch,Vegan Food","391130102003",4
22995020,"restaurant_11","OH","Full-Service Restaurants","American Food,Brunch,Vegan Food","390572101002",4
22995021,"restaurant_11","OH","Full-Service Restaurants","American Food,Brunch,Vegan Food","391130102004",4
22995022,"restaurant_11","OH","Full-Service Restaurants","American Food,Brunch,Vegan Food","391130102005",4
22995023,"restaurant_11","OH","Full-Service Restaurants","American Food,Brunch,Vegan Food","391131251024",4
22995024,"restaurant_11","OH","Full-Service Restaurants","American Food,Brunch,Vegan Food","391130033004",4
22995025,"restaurant_11","OH","Full-Service Restaurants","American Food,Brunch,Vegan Food","391130020002",4
22995026,"restaurant_11","OH","Full-Service Restaurants","American Food,Brunch,Vegan Food","391130807001",4
22995027,"restaurant_11","OH","Full-Service Restaurants","American Food,Brunch,Vegan Food","391130102002",4
22995028,"restaurant_11","OH","Full-Service Restaurants","American Food,Brunch,Vegan Food","391131004002",4
22995029,"restaurant_11","OH","Full-Service Restaurants","American Food,Brunch,Vegan Food","391130015011",4
23660350,"restaurant_28","MI","Snack and Nonalcoholic Beverage Bars","Coffee Shop,Counter Service,Snacks","260339705001",18
23660351,"restaurant_28","MI","Snack and Nonalcoholic Beverage Bars","Coffee Shop,Counter Service,Snacks","260339705002",12
23660352,"restaurant_28","MI","Snack and Nonalcoholic Beverage Bars","Coffee Shop,Counter Service,Snacks","260339703004",12
23660353,"restaurant_28","MI","Snack and Nonalcoholic Beverage Bars","Coffee Shop,Counter Service,Snacks","260339701003",9
23660354,"restaurant_28","MI","Snack and Nonalcoholic Beverage Bars","Coffee Shop,Counter Service,Snacks","260339705003",6
23660355,"restaurant_28","MI","Snack and Nonalcoholic Beverage Bars","Coffee Shop,Counter Service,Snacks","260339703001",6
23660356,"restaurant_28","MI","Snack and Nonalcoholic Beverage Bars","Coffee Shop,Counter Service,Snacks","260339710002",5
23660357,"restaurant_28","MI","Snack and Nonalcoholic Beverage Bars","Coffee Shop,Counter Service,Snacks","260339708004",5
23660358,"restaurant_28","MI","Snack and Nonalcoholic Beverage Bars","Coffee Shop,Counter Service,Snacks","260339706003",5
23660359,"restaurant_28","MI","Snack and Nonalcoholic Beverage Bars","Coffee Shop,Counter Service,Snacks","171118707031",4
23660360,"restaurant_28","MI","Snack and Nonalcoholic Beverage Bars","Coffee Shop,Counter Service,Snacks","260339702002",4
23660361,"restaurant_28","MI","Snack and Nonalcoholic Beverage Bars","Coffee Shop,Counter Service,Snacks","260339710001",4
23660362,"restaurant_28","MI","Snack and Nonalcoholic Beverage Bars","Coffee Shop,Counter Service,Snacks","260339708001",4
23660363,"restaurant_28","MI","Snack and Nonalcoholic Beverage Bars","Coffee Shop,Counter Service,Snacks","260339702001",4
23660364,"restaurant_28","MI","Snack and Nonalcoholic Beverage Bars","Coffee Shop,Counter Service,Snacks","260339708003",4
23660365,"restaurant_28","MI","Snack and Nonalcoholic Beverage Bars","Coffee Shop,Counter Service,Snacks","260339706002",4
23660366,"restaurant_28","MI","Snack and Nonalcoholic Beverage Bars","Coffee Shop,Counter Service,Snacks","260339709001",4
23660367,"restaurant_28","MI","Snack and Nonalcoholic Beverage Bars","Coffee Shop,Counter Service,Snacks","260339704002",4
23660368,"restaurant_28","MI","Snack and Nonalcoholic Beverage Bars","Coffee Shop,Counter Service,Snacks","260339709002",4
23660369,"restaurant_28","MI","Snack and Nonalcoholic Beverage Bars","Coffee Shop,Counter Service,Snacks","260339706001",4
23660370,"restaurant_28","MI","Snack and Nonalcoholic Beverage Bars","Coffee Shop,Counter Service,Snacks","260339703002",4
23660371,"restaurant_28","MI","Snack and Nonalcoholic Beverage Bars","Coffee Shop,Counter Service,Snacks","261614250003",4
23660372,"restaurant_28","MI","Snack and Nonalcoholic Beverage Bars","Coffee Shop,Counter Service,Snacks","261030029001",4
23660373,"restaurant_28","MI","Snack and Nonalcoholic Beverage Bars","Coffee Shop,Counter Service,Snacks","260810020001",4
23816144,"restaurant_60","WA","Snack and Nonalcoholic Beverage Bars","Coffee Shop","530779400023",9
23816145,"restaurant_60","WA","Snack and Nonalcoholic Beverage Bars","Coffee Shop","530779400042",6
23816146,"restaurant_60","WA","Snack and Nonalcoholic Beverage Bars","Coffee Shop","530779400041",5
23816147,"restaurant_60","WA","Snack and Nonalcoholic Beverage Bars","Coffee Shop","530779400014",5
23816148,"restaurant_60","WA","Snack and Nonalcoholic Beverage Bars","Coffee Shop","530779400043",4
23816149,"restaurant_60","WA","Snack and Nonalcoholic Beverage Bars","Coffee Shop","530779400012",4
23816150,"restaurant_60","WA","Snack and Nonalcoholic Beverage Bars","Coffee Shop","530779400015",4
23816151,"restaurant_60","WA","Snack and Nonalcoholic Beverage Bars","Coffee Shop","530770003002",4
24022521,"restaurant_82","UT","Full-Service Restaurants","Mexican Food","490351127003",4
24022522,"restaurant_82","UT","Full-Service Restaurants","Mexican Food","490351126103",4
24022523,"restaurant_82","UT","Full-Service Restaurants","Mexican Food","490351119051",4
24022524,"restaurant_82","UT","Full-Service Restaurants","Mexican Food","490351124024",4
24485462,"restaurant_64","ID","Full-Service Restaurants","Mexican Food","160570053004",17
24485463,"restaurant_64","ID","Full-Service Restaurants","Mexican Food","160570051001",15
24485464,"restaurant_64","ID","Full-Service Restaurants","Mexican Food","160570052005",13
24485465,"restaurant_64","ID","Full-Service Restaurants","Mexican Food","160570051002",10
24485466,"restaurant_64","ID","Full-Service Restaurants","Mexican Food","160570054003",10
24485467,"restaurant_64","ID","Full-Service Restaurants","Mexican Food","530750001002",9
24485468,"restaurant_64","ID","Full-Service Restaurants","Mexican Food","530750002003",8
24485469,"restaurant_64","ID","Full-Service Restaurants","Mexican Food","160570051003",8
24485470,"restaurant_64","ID","Full-Service Restaurants","Mexican Food","160570055003",7
24485471,"restaurant_64","ID","Full-Service Restaurants","Mexican Food","160570052002",7
24485472,"restaurant_64","ID","Full-Service Restaurants","Mexican Food","530750001001",7
24485473,"restaurant_64","ID","Full-Service Restaurants","Mexican Food","530750004001",7
24485474,"restaurant_64","ID","Full-Service Restaurants","Mexican Food","160570053005",6
24485475,"restaurant_64","ID","Full-Service Restaurants","Mexican Food","530750006001",5
24485476,"restaurant_64","ID","Full-Service Restaurants","Mexican Food","530750005001",5
24485477,"restaurant_64","ID","Full-Service Restaurants","Mexican Food","160570052004",5
24485478,"restaurant_64","ID","Full-Service Restaurants","Mexican Food","530750006002",5
24485479,"restaurant_64","ID","Full-Service Restaurants","Mexican Food","160570055002",5
24485480,"restaurant_64","ID","Full-Service Restaurants","Mexican Food","160570057003",4
24485481,"restaurant_64","ID","Full-Service Restaurants","Mexican Food","160570052003",4
24485482,"restaurant_64","ID","Full-Service Restaurants","Mexican Food","160570054004",4
24485483,"restaurant_64","ID","Full-Service Restaurants","Mexican Food","160570056004",4
24485484,"restaurant_64","ID","Full-Service Restaurants","Mexican Food","160570051004",4
24485485,"restaurant_64","ID","Full-Service Restaurants","Mexican Food","530750003001",4
24485486,"restaurant_64","ID","Full-Service Restaurants","Mexican Food","040138169002",4
24485487,"restaurant_64","ID","Full-Service Restaurants","Mexican Food","530750004002",4
24485488,"restaurant_64","ID","Full-Service Restaurants","Mexican Food","530750003003",4
24485489,"restaurant_64","ID","Full-Service Restaurants","Mexican Food","530750001003",4
24485490,"restaurant_64","ID","Full-Service Restaurants","Mexican Food","530330219032",4
24485491,"restaurant_64","ID","Full-Service Restaurants","Mexican Food","160699610004",4
24485492,"restaurant_64","ID","Full-Service Restaurants","Mexican Food","530039604001",4
24485493,"restaurant_64","ID","Full-Service Restaurants","Mexican Food","160570056002",4
24485494,"restaurant_64","ID","Full-Service Restaurants","Mexican Food","530750008002",4
24485495,"restaurant_64","ID","Full-Service Restaurants","Mexican Food","160570055001",4
24485496,"restaurant_64","ID","Full-Service Restaurants","Mexican Food","160570056003",4
24485497,"restaurant_64","ID","Full-Service Restaurants","Mexican Food","530750007005",4
24485498,"restaurant_64","ID","Full-Service Restaurants","Mexican Food","160570054001",4
24485499,"restaurant_64","ID","Full-Service Restaurants","Mexican Food","530079606001",4
24485500,"restaurant_64","ID","Full-Service Restaurants","Mexican Food","160570051005",4
24485501,"restaurant_64","ID","Full-Service Restaurants","Mexican Food","160570052001",4
24485502,"restaurant_64","ID","Full-Service Restaurants","Mexican Food","160570054002",4
24485503,"restaurant_64","ID","Full-Service Restaurants","Mexican Food","160570053006",4
24485504,"restaurant_64","ID","Full-Service Restaurants","Mexican Food","530750006004",4
24485505,"restaurant_64","ID","Full-Service Restaurants","Mexican Food","160699603002",4
24485506,"restaurant_64","ID","Full-Service Restaurants","Mexican Food","530750002004",4
24571310,"restaurant_21","CA","Snack and Nonalcoholic Beverage Bars","Bakery,Coffee Shop,Counter Service,Dessert,Snacks,Tea House","060610213094",33
24571311,"restaurant_21","CA","Snack and Nonalcoholic Beverage Bars","Bakery,Coffee Shop,Counter Service,Dessert,Snacks,Tea House","060610230001",15
24571312,"restaurant_21","CA","Snack and Nonalcoholic Beverage Bars","Bakery,Coffee Shop,Counter Service,Dessert,Snacks,Tea House","060610213092",12
24571313,"restaurant_21","CA","Snack and Nonalcoholic Beverage Bars","Bakery,Coffee Shop,Counter Service,Dessert,Snacks,Tea House","060610213093",11
24571314,"restaurant_21","CA","Snack and Nonalcoholic Beverage Bars","Bakery,Coffee Shop,Counter Service,Dessert,Snacks,Tea House","060610235001",9
24571315,"restaurant_21","CA","Snack and Nonalcoholic Beverage Bars","Bakery,Coffee Shop,Counter Service,Dessert,Snacks,Tea House","060610229001",8
24571316,"restaurant_21","CA","Snack and Nonalcoholic Beverage Bars","Bakery,Coffee Shop,Counter Service,Dessert,Snacks,Tea House","060610211232",5
24571317,"restaurant_21","CA","Snack and Nonalcoholic Beverage Bars","Bakery,Coffee Shop,Counter Service,Dessert,Snacks,Tea House","060610211301",5
24571318,"restaurant_21","CA","Snack and Nonalcoholic Beverage Bars","Bakery,Coffee Shop,Counter Service,Dessert,Snacks,Tea House","060610210371",4
24571319,"restaurant_21","CA","Snack and Nonalcoholic Beverage Bars","Bakery,Coffee Shop,Counter Service,Dessert,Snacks,Tea House","060610211231",4
24571320,"restaurant_21","CA","Snack and Nonalcoholic Beverage Bars","Bakery,Coffee Shop,Counter Service,Dessert,Snacks,Tea House","060610211312",4
24571321,"restaurant_21","CA","Snack and Nonalcoholic Beverage Bars","Bakery,Coffee Shop,Counter Service,Dessert,Snacks,Tea House","060610211091",4
24571322,"restaurant_21","CA","Snack and Nonalcoholic Beverage Bars","Bakery,Coffee Shop,Counter Service,Dessert,Snacks,Tea House","060610207171",4
24571323,"restaurant_21","CA","Snack and Nonalcoholic Beverage Bars","Bakery,Coffee Shop,Counter Service,Dessert,Snacks,Tea House","060610228001",4
24571324,"restaurant_21","CA","Snack and Nonalcoholic Beverage Bars","Bakery,Coffee Shop,Counter Service,Dessert,Snacks,Tea House","060610232001",4
24571325,"restaurant_21","CA","Snack and Nonalcoholic Beverage Bars","Bakery,Coffee Shop,Counter Service,Dessert,Snacks,Tea House","060610239001",4
24571326,"restaurant_21","CA","Snack and Nonalcoholic Beverage Bars","Bakery,Coffee Shop,Counter Service,Dessert,Snacks,Tea House","060610233001",4
24571327,"restaurant_21","CA","Snack and Nonalcoholic Beverage Bars","Bakery,Coffee Shop,Counter Service,Dessert,Snacks,Tea House","060610211311",4
24571328,"restaurant_21","CA","Snack and Nonalcoholic Beverage Bars","Bakery,Coffee Shop,Counter Service,Dessert,Snacks,Tea House","060610211292",4
24571329,"restaurant_21","CA","Snack and Nonalcoholic Beverage Bars","Bakery,Coffee Shop,Counter Service,Dessert,Snacks,Tea House","060610226001",4
24571330,"restaurant_21","CA","Snack and Nonalcoholic Beverage Bars","Bakery,Coffee Shop,Counter Service,Dessert,Snacks,Tea House","060610204011",4
24571331,"restaurant_21","CA","Snack and Nonalcoholic Beverage Bars","Bakery,Coffee Shop,Counter Service,Dessert,Snacks,Tea House","061130105011",4
24571332,"restaurant_21","CA","Snack and Nonalcoholic Beverage Bars","Bakery,Coffee Shop,Counter Service,Dessert,Snacks,Tea House","060610233002",4
24571333,"restaurant_21","CA","Snack and Nonalcoholic Beverage Bars","Bakery,Coffee Shop,Counter Service,Dessert,Snacks,Tea House","060610211281",4
24571334,"restaurant_21","CA","Snack and Nonalcoholic Beverage Bars","Bakery,Coffee Shop,Counter Service,Dessert,Snacks,Tea House","060610213222",4
24571335,"restaurant_21","CA","Snack and Nonalcoholic Beverage Bars","Bakery,Coffee Shop,Counter Service,Dessert,Snacks,Tea House","060670074302",4
24777556,"restaurant_54","TX","Full-Service Restaurants","American Food","482014113001",9
24777557,"restaurant_54","TX","Full-Service Restaurants","American Food","291650303061",4
24777558,"restaurant_54","TX","Full-Service Restaurants","American Food","482015401001",4
24777559,"restaurant_54","TX","Full-Service Restaurants","American Food","482014317002",4
24777560,"restaurant_54","TX","Full-Service Restaurants","American Food","481576729001",4
24885283,"restaurant_86","TX","Limited-Service Restaurants","Breakfast,Counter Service,Dinner,Lunch,Sandwich Shop","484530018451",12
24885284,"restaurant_86","TX","Limited-Service Restaurants","Breakfast,Counter Service,Dinner,Lunch,Sandwich Shop","484530018442",9
24885285,"restaurant_86","TX","Limited-Service Restaurants","Breakfast,Counter Service,Dinner,Lunch,Sandwich Shop","484530018431",7
24885286,"restaurant_86","TX","Limited-Service Restaurants","Breakfast,Counter Service,Dinner,Lunch,Sandwich Shop","484530018494",6
24885287,"restaurant_86","TX","Limited-Service Restaurants","Breakfast,Counter Service,Dinner,Lunch,Sandwich Shop","484530018441",6
24885288,"restaurant_86","TX","Limited-Service Restaurants","Breakfast,Counter Service,Dinner,Lunch,Sandwich Shop","484530018472",6
24885289,"restaurant_86","TX","Limited-Service Restaurants","Breakfast,Counter Service,Dinner,Lunch,Sandwich Shop","484530018491",6
24885290,"restaurant_86","TX","Limited-Service Restaurants","Breakfast,Counter Service,Dinner,Lunch,Sandwich Shop","484530018213",5
24885291,"restaurant_86","TX","Limited-Service Restaurants","Breakfast,Counter Service,Dinner,Lunch,Sandwich Shop","484530018452",5
24885292,"restaurant_86","TX","Limited-Service Restaurants","Breakfast,Counter Service,Dinner,Lunch,Sandwich Shop","484910215082",4
24885293,"restaurant_86","TX","Limited-Service Restaurants","Breakfast,Counter Service,Dinner,Lunch,Sandwich Shop","484530018493",4
24885294,"restaurant_86","TX","Limited-Service Restaurants","Breakfast,Counter Service,Dinner,Lunch,Sandwich Shop","484530018632",4
24885295,"restaurant_86","TX","Limited-Service Restaurants","Breakfast,Counter Service,Dinner,Lunch,Sandwich Shop","484910206032",4
24885296,"restaurant_86","TX","Limited-Service Restaurants","Breakfast,Counter Service,Dinner,Lunch,Sandwich Shop","484530018483",4
24885297,"restaurant_86","TX","Limited-Service Restaurants","Breakfast,Counter Service,Dinner,Lunch,Sandwich Shop","484530017542",4
24885298,"restaurant_86","TX","Limited-Service Restaurants","Breakfast,Counter Service,Dinner,Lunch,Sandwich Shop","484530018503",4
24885299,"restaurant_86","TX","Limited-Service Restaurants","Breakfast,Counter Service,Dinner,Lunch,Sandwich Shop","484530018611",4
24885300,"restaurant_86","TX","Limited-Service Restaurants","Breakfast,Counter Service,Dinner,Lunch,Sandwich Shop","484530018513",4
24885301,"restaurant_86","TX","Limited-Service Restaurants","Breakfast,Counter Service,Dinner,Lunch,Sandwich Shop","484530018414",4
24885302,"restaurant_86","TX","Limited-Service Restaurants","Breakfast,Counter Service,Dinner,Lunch,Sandwich Shop","484530018203",4
24885303,"restaurant_86","TX","Limited-Service Restaurants","Breakfast,Counter Service,Dinner,Lunch,Sandwich Shop","484530018132",4
24885304,"restaurant_86","TX","Limited-Service Restaurants","Breakfast,Counter Service,Dinner,Lunch,Sandwich Shop","484530018261",4
24885305,"restaurant_86","TX","Limited-Service Restaurants","Breakfast,Counter Service,Dinner,Lunch,Sandwich Shop","484910203243",4
24885306,"restaurant_86","TX","Limited-Service Restaurants","Breakfast,Counter Service,Dinner,Lunch,Sandwich Shop","484530018432",4
24885307,"restaurant_86","TX","Limited-Service Restaurants","Breakfast,Counter Service,Dinner,Lunch,Sandwich Shop","480270226001",4
24885308,"restaurant_86","TX","Limited-Service Restaurants","Breakfast,Counter Service,Dinner,Lunch,Sandwich Shop","484530018581",4
24885309,"restaurant_86","TX","Limited-Service Restaurants","Breakfast,Counter Service,Dinner,Lunch,Sandwich Shop","484530018501",4
24885310,"restaurant_86","TX","Limited-Service Restaurants","Breakfast,Counter Service,Dinner,Lunch,Sandwich Shop","484910203182",4
24885311,"restaurant_86","TX","Limited-Service Restaurants","Breakfast,Counter Service,Dinner,Lunch,Sandwich Shop","484530018241",4
24885312,"restaurant_86","TX","Limited-Service Restaurants","Breakfast,Counter Service,Dinner,Lunch,Sandwich Shop","484530018561",4
24885313,"restaurant_86","TX","Limited-Service Restaurants","Breakfast,Counter Service,Dinner,Lunch,Sandwich Shop","484530025004",4
24885314,"restaurant_86","TX","Limited-Service Restaurants","Breakfast,Counter Service,Dinner,Lunch,Sandwich Shop","484530018321",4
24885315,"restaurant_86","TX","Limited-Service Restaurants","Breakfast,Counter Service,Dinner,Lunch,Sandwich Shop","484530018291",4
24885316,"restaurant_86","TX","Limited-Service Restaurants","Breakfast,Counter Service,Dinner,Lunch,Sandwich Shop","484530017652",4
24885317,"restaurant_86","TX","Limited-Service Restaurants","Breakfast,Counter Service,Dinner,Lunch,Sandwich Shop","484910203132",4
24885318,"restaurant_86","TX","Limited-Service Restaurants","Breakfast,Counter Service,Dinner,Lunch,Sandwich Shop","484530017222",4
24885319,"restaurant_86","TX","Limited-Service Restaurants","Breakfast,Counter Service,Dinner,Lunch,Sandwich Shop","484530018242",4
24885320,"restaurant_86","TX","Limited-Service Restaurants","Breakfast,Counter Service,Dinner,Lunch,Sandwich Shop","484530007001",4
24885321,"restaurant_86","TX","Limited-Service Restaurants","Breakfast,Counter Service,Dinner,Lunch,Sandwich Shop","484910204091",4
24885322,"restaurant_86","TX","Limited-Service Restaurants","Breakfast,Counter Service,Dinner,Lunch,Sandwich Shop","484910203111",4
24885323,"restaurant_86","TX","Limited-Service Restaurants","Breakfast,Counter Service,Dinner,Lunch,Sandwich Shop","484530018631",4
24885324,"restaurant_86","TX","Limited-Service Restaurants","Breakfast,Counter Service,Dinner,Lunch,Sandwich Shop","484530018443",4
24885325,"restaurant_86","TX","Limited-Service Restaurants","Breakfast,Counter Service,Dinner,Lunch,Sandwich Shop","484910203131",4
24885326,"restaurant_86","TX","Limited-Service Restaurants","Breakfast,Counter Service,Dinner,Lunch,Sandwich Shop","484530017841",4
24885327,"restaurant_86","TX","Limited-Service Restaurants","Breakfast,Counter Service,Dinner,Lunch,Sandwich Shop","484910215071",4
24885328,"restaurant_86","TX","Limited-Service Restaurants","Breakfast,Counter Service,Dinner,Lunch,Sandwich Shop","484530015041",4
24885329,"restaurant_86","TX","Limited-Service Restaurants","Breakfast,Counter Service,Dinner,Lunch,Sandwich Shop","484530017162",4
24885330,"restaurant_86","TX","Limited-Service Restaurants","Breakfast,Counter Service,Dinner,Lunch,Sandwich Shop","484530017421",4
24885331,"restaurant_86","TX","Limited-Service Restaurants","Breakfast,Counter Service,Dinner,Lunch,Sandwich Shop","484530017141",4
24885332,"restaurant_86","TX","Limited-Service Restaurants","Breakfast,Counter Service,Dinner,Lunch,Sandwich Shop","484910204062",4
24885333,"restaurant_86","TX","Limited-Service Restaurants","Breakfast,Counter Service,Dinner,Lunch,Sandwich Shop","484530017531",4
24885334,"restaurant_86","TX","Limited-Service Restaurants","Breakfast,Counter Service,Dinner,Lunch,Sandwich Shop","484530011001",4
24885335,"restaurant_86","TX","Limited-Service Restaurants","Breakfast,Counter Service,Dinner,Lunch,Sandwich Shop","484530018211",4
24885336,"restaurant_86","TX","Limited-Service Restaurants","Breakfast,Counter Service,Dinner,Lunch,Sandwich Shop","484910208042",4
24885337,"restaurant_86","TX","Limited-Service Restaurants","Breakfast,Counter Service,Dinner,Lunch,Sandwich Shop","484530018171",4
24885338,"restaurant_86","TX","Limited-Service Restaurants","Breakfast,Counter Service,Dinner,Lunch,Sandwich Shop","484910204081",4
24885339,"restaurant_86","TX","Limited-Service Restaurants","Breakfast,Counter Service,Dinner,Lunch,Sandwich Shop","484910215073",4
24885340,"restaurant_86","TX","Limited-Service Restaurants","Breakfast,Counter Service,Dinner,Lunch,Sandwich Shop","484530018392",4
24885341,"restaurant_86","TX","Limited-Service Restaurants","Breakfast,Counter Service,Dinner,Lunch,Sandwich Shop","484910216021",4
24885342,"restaurant_86","TX","Limited-Service Restaurants","Breakfast,Counter Service,Dinner,Lunch,Sandwich Shop","484530017062",4
24885343,"restaurant_86","TX","Limited-Service Restaurants","Breakfast,Counter Service,Dinner,Lunch,Sandwich Shop","484910203192",4
24885344,"restaurant_86","TX","Limited-Service Restaurants","Breakfast,Counter Service,Dinner,Lunch,Sandwich Shop","484530018062",4
24885345,"restaurant_86","TX","Limited-Service Restaurants","Breakfast,Counter Service,Dinner,Lunch,Sandwich Shop","484530018262",4
24885346,"restaurant_86","TX","Limited-Service Restaurants","Breakfast,Counter Service,Dinner,Lunch,Sandwich Shop","484530018481",4
24885347,"restaurant_86","TX","Limited-Service Restaurants","Breakfast,Counter Service,Dinner,Lunch,Sandwich Shop","484530018221",4
24885348,"restaurant_86","TX","Limited-Service Restaurants","Breakfast,Counter Service,Dinner,Lunch,Sandwich Shop","484530002063",4
24885349,"restaurant_86","TX","Limited-Service Restaurants","Breakfast,Counter Service,Dinner,Lunch,Sandwich Shop","484530018421",4
24885350,"restaurant_86","TX","Limited-Service Restaurants","Breakfast,Counter Service,Dinner,Lunch,Sandwich Shop","484530018332",4
24885351,"restaurant_86","TX","Limited-Service Restaurants","Breakfast,Counter Service,Dinner,Lunch,Sandwich Shop","484530018043",4
25242522,"restaurant_13","CA","Snack and Nonalcoholic Beverage Bars","Dessert,Fast Food,Ice Cream Shop","060374619022",17
25242523,"restaurant_13","CA","Snack and Nonalcoholic Beverage Bars","Dessert,Fast Food,Ice Cream Shop","060374637002",11
25242524,"restaurant_13","CA","Snack and Nonalcoholic Beverage Bars","Dessert,Fast Food,Ice Cream Shop","060374636022",9
25242525,"restaurant_13","CA","Snack and Nonalcoholic Beverage Bars","Dessert,Fast Food,Ice Cream Shop","060374608001",7
25242526,"restaurant_13","CA","Snack and Nonalcoholic Beverage Bars","Dessert,Fast Food,Ice Cream Shop","060374307211",7
25242527,"restaurant_13","CA","Snack and Nonalcoholic Beverage Bars","Dessert,Fast Food,Ice Cream Shop","320030067001",6
25242528,"restaurant_13","CA","Snack and Nonalcoholic Beverage Bars","Dessert,Fast Food,Ice Cream Shop","060590884022",6
25242529,"restaurant_13","CA","Snack and Nonalcoholic Beverage Bars","Dessert,Fast Food,Ice Cream Shop","060374613004",5
25242530,"restaurant_13","CA","Snack and Nonalcoholic Beverage Bars","Dessert,Fast Food,Ice Cream Shop","060374623021",5
25242531,"restaurant_13","CA","Snack and Nonalcoholic Beverage Bars","Dessert,Fast Food,Ice Cream Shop","060374617002",4
25242532,"restaurant_13","CA","Snack and Nonalcoholic Beverage Bars","Dessert,Fast Food,Ice Cream Shop","060374636023",4
25242533,"restaurant_13","CA","Snack and Nonalcoholic Beverage Bars","Dessert,Fast Food,Ice Cream Shop","060374622021",4
25242534,"restaurant_13","CA","Snack and Nonalcoholic Beverage Bars","Dessert,Fast Food,Ice Cream Shop","060373008003",4
25242535,"restaurant_13","CA","Snack and Nonalcoholic Beverage Bars","Dessert,Fast Food,Ice Cream Shop","060374006031",4
25242536,"restaurant_13","CA","Snack and Nonalcoholic Beverage Bars","Dessert,Fast Food,Ice Cream Shop","060374623013",4
25242537,"restaurant_13","CA","Snack and Nonalcoholic Beverage Bars","Dessert,Fast Food,Ice Cream Shop","060374625004",4
25242538,"restaurant_13","CA","Snack and Nonalcoholic Beverage Bars","Dessert,Fast Food,Ice Cream Shop","060374056005",4
25242539,"restaurant_13","CA","Snack and Nonalcoholic Beverage Bars","Dessert,Fast Food,Ice Cream Shop","060374619021",4
25242540,"restaurant_13","CA","Snack and Nonalcoholic Beverage Bars","Dessert,Fast Food,Ice Cream Shop","060374627002",4
25242541,"restaurant_13","CA","Snack and Nonalcoholic Beverage Bars","Dessert,Fast Food,Ice Cream Shop","060373023022",4
25242542,"restaurant_13","CA","Snack and Nonalcoholic Beverage Bars","Dessert,Fast Food,Ice Cream Shop","060374635003",4
25242543,"restaurant_13","CA","Snack and Nonalcoholic Beverage Bars","Dessert,Fast Food,Ice Cream Shop","060373007014",4
25242544,"restaurant_13","CA","Snack and Nonalcoholic Beverage Bars","Dessert,Fast Food,Ice Cream Shop","060374634002",4
25242545,"restaurant_13","CA","Snack and Nonalcoholic Beverage Bars","Dessert,Fast Food,Ice Cream Shop","060710020171",4
25242546,"restaurant_13","CA","Snack and Nonalcoholic Beverage Bars","Dessert,Fast Food,Ice Cream Shop","060373010004",4
25242547,"restaurant_13","CA","Snack and Nonalcoholic Beverage Bars","Dessert,Fast Food,Ice Cream Shop","060730203061",4
25242548,"restaurant_13","CA","Snack and Nonalcoholic Beverage Bars","Dessert,Fast Food,Ice Cream Shop","060374630001",4
25242549,"restaurant_13","CA","Snack and Nonalcoholic Beverage Bars","Dessert,Fast Food,Ice Cream Shop","060374622022",4
25242550,"restaurant_13","CA","Snack and Nonalcoholic Beverage Bars","Dessert,Fast Food,Ice Cream Shop","060372092001",4
25242551,"restaurant_13","CA","Snack and Nonalcoholic Beverage Bars","Dessert,Fast Food,Ice Cream Shop","060374637001",4
25242552,"restaurant_13","CA","Snack and Nonalcoholic Beverage Bars","Dessert,Fast Food,Ice Cream Shop","060374639001",4
25242553,"restaurant_13","CA","Snack and Nonalcoholic Beverage Bars","Dessert,Fast Food,Ice Cream Shop","060374616003",4
25242554,"restaurant_13","CA","Snack and Nonalcoholic Beverage Bars","Dessert,Fast Food,Ice Cream Shop","060374308011",4
25242555,"restaurant_13","CA","Snack and Nonalcoholic Beverage Bars","Dessert,Fast Food,Ice Cream Shop","060374310022",4
25242556,"restaurant_13","CA","Snack and Nonalcoholic Beverage Bars","Dessert,Fast Food,Ice Cream Shop","060374611002",4
25242557,"restaurant_13","CA","Snack and Nonalcoholic Beverage Bars","Dessert,Fast Food,Ice Cream Shop","060372077101",4
25242558,"restaurant_13","CA","Snack and Nonalcoholic Beverage Bars","Dessert,Fast Food,Ice Cream Shop","060374611003",4
25242559,"restaurant_13","CA","Snack and Nonalcoholic Beverage Bars","Dessert,Fast Food,Ice Cream Shop","060371861001",4
25242560,"restaurant_13","CA","Snack and Nonalcoholic Beverage Bars","Dessert,Fast Food,Ice Cream Shop","060371081021",4
25242561,"restaurant_13","CA","Snack and Nonalcoholic Beverage Bars","Dessert,Fast Food,Ice Cream Shop","060374626002",4
25242562,"restaurant_13","CA","Snack and Nonalcoholic Beverage Bars","Dessert,Fast Food,Ice Cream Shop","060374636011",4
25242563,"restaurant_13","CA","Snack and Nonalcoholic Beverage Bars","Dessert,Fast Food,Ice Cream Shop","060371816002",4
25242564,"restaurant_13","CA","Snack and Nonalcoholic Beverage Bars","Dessert,Fast Food,Ice Cream Shop","060374320006",4
25242565,"restaurant_13","CA","Snack and Nonalcoholic Beverage Bars","Dessert,Fast Food,Ice Cream Shop","060374639003",4
25242566,"restaurant_13","CA","Snack and Nonalcoholic Beverage Bars","Dessert,Fast Food,Ice Cream Shop","060371831013",4
25242567,"restaurant_13","CA","Snack and Nonalcoholic Beverage Bars","Dessert,Fast Food,Ice Cream Shop","060374013043",4
25242568,"restaurant_13","CA","Snack and Nonalcoholic Beverage Bars","Dessert,Fast Food,Ice Cream Shop","060371816001",4
25242569,"restaurant_13","CA","Snack and Nonalcoholic Beverage Bars","Dessert,Fast Food,Ice Cream Shop","060375034022",4
25242570,"restaurant_13","CA","Snack and Nonalcoholic Beverage Bars","Dessert,Fast Food,Ice Cream Shop","060374620021",4
25242571,"restaurant_13","CA","Snack and Nonalcoholic Beverage Bars","Dessert,Fast Food,Ice Cream Shop","060373021033",4
25242572,"restaurant_13","CA","Snack and Nonalcoholic Beverage Bars","Dessert,Fast Food,Ice Cream Shop","060374638004",4
25242573,"restaurant_13","CA","Snack and Nonalcoholic Beverage Bars","Dessert,Fast Food,Ice Cream Shop","060374321021",4
25242574,"restaurant_13","CA","Snack and Nonalcoholic Beverage Bars","Dessert,Fast Food,Ice Cream Shop","060372012001",4
25242575,"restaurant_13","CA","Snack and Nonalcoholic Beverage Bars","Dessert,Fast Food,Ice Cream Shop","060374616002",4
25242576,"restaurant_13","CA","Snack and Nonalcoholic Beverage Bars","Dessert,Fast Food,Ice Cream Shop","060374004022",4
25242577,"restaurant_13","CA","Snack and Nonalcoholic Beverage Bars","Dessert,Fast Food,Ice Cream Shop","060374636021",4
25242578,"restaurant_13","CA","Snack and Nonalcoholic Beverage Bars","Dessert,Fast Food,Ice Cream Shop","060374608002",4
25242579,"restaurant_13","CA","Snack and Nonalcoholic Beverage Bars","Dessert,Fast Food,Ice Cream Shop","060373020041",4
25242580,"restaurant_13","CA","Snack and Nonalcoholic Beverage Bars","Dessert,Fast Food,Ice Cream Shop","060374625001",4
25242581,"restaurant_13","CA","Snack and Nonalcoholic Beverage Bars","Dessert,Fast Food,Ice Cream Shop","060374632001",4
25242582,"restaurant_13","CA","Snack and Nonalcoholic Beverage Bars","Dessert,Fast Food,Ice Cream Shop","060374812021",4
25242583,"restaurant_13","CA","Snack and Nonalcoholic Beverage Bars","Dessert,Fast Food,Ice Cream Shop","060374636013",4
25242584,"restaurant_13","CA","Snack and Nonalcoholic Beverage Bars","Dessert,Fast Food,Ice Cream Shop","060373016023",4
25242585,"restaurant_13","CA","Snack and Nonalcoholic Beverage Bars","Dessert,Fast Food,Ice Cream Shop","060371171022",4
25242586,"restaurant_13","CA","Snack and Nonalcoholic Beverage Bars","Dessert,Fast Food,Ice Cream Shop","060371236013",4
25242587,"restaurant_13","CA","Snack and Nonalcoholic Beverage Bars","Dessert,Fast Food,Ice Cream Shop","060374806004",4
25242588,"restaurant_13","CA","Snack and Nonalcoholic Beverage Bars","Dessert,Fast Food,Ice Cream Shop","060371832202",4
25242589,"restaurant_13","CA","Snack and Nonalcoholic Beverage Bars","Dessert,Fast Food,Ice Cream Shop","060510002001",4
25242590,"restaurant_13","CA","Snack and Nonalcoholic Beverage Bars","Dessert,Fast Food,Ice Cream Shop","060710021091",4
25242591,"restaurant_13","CA","Snack and Nonalcoholic Beverage Bars","Dessert,Fast Food,Ice Cream Shop","060371941011",4
25242592,"restaurant_13","CA","Snack and Nonalcoholic Beverage Bars","Dessert,Fast Food,Ice Cream Shop","060374630002",4
25242593,"restaurant_13","CA","Snack and Nonalcoholic Beverage Bars","Dessert,Fast Food,Ice Cream Shop","060373008002",4
25242594,"restaurant_13","CA","Snack and Nonalcoholic Beverage Bars","Dessert,Fast Food,Ice Cream Shop","060374626001",4
25242595,"restaurant_13","CA","Snack and Nonalcoholic Beverage Bars","Dessert,Fast Food,Ice Cream Shop","060374621003",4
25242596,"restaurant_13","CA","Snack and Nonalcoholic Beverage Bars","Dessert,Fast Food,Ice Cream Shop","060374306004",4
25242597,"restaurant_13","CA","Snack and Nonalcoholic Beverage Bars","Dessert,Fast Food,Ice Cream Shop","060371066452",4
25242598,"restaurant_13","CA","Snack and Nonalcoholic Beverage Bars","Dessert,Fast Food,Ice Cream Shop","060374607001",4
25242599,"restaurant_13","CA","Snack and Nonalcoholic Beverage Bars","Dessert,Fast Food,Ice Cream Shop","060374601001",4
25242600,"restaurant_13","CA","Snack and Nonalcoholic Beverage Bars","Dessert,Fast Food,Ice Cream Shop","060372062002",4
25242601,"restaurant_13","CA","Snack and Nonalcoholic Beverage Bars","Dessert,Fast Food,Ice Cream Shop","060374318001",4
25343993,"restaurant_78","TX","Snack and Nonalcoholic Beverage Bars","Bakery,Coffee Shop,Counter Service,Dessert,Snacks,Tea House","482013131002",86
25343994,"restaurant_78","TX","Snack and Nonalcoholic Beverage Bars","Bakery,Coffee Shop,Counter Service,Dessert,Snacks,Tea House","482014121001",72
25343995,"restaurant_78","TX","Snack and Nonalcoholic Beverage Bars","Bakery,Coffee Shop,Counter Service,Dessert,Snacks,Tea House","482014133001",61
25343996,"restaurant_78","TX","Snack and Nonalcoholic Beverage Bars","Bakery,Coffee Shop,Counter Service,Dessert,Snacks,Tea House","482014132022",58
25343997,"restaurant_78","TX","Snack and Nonalcoholic Beverage Bars","Bakery,Coffee Shop,Counter Service,Dessert,Snacks,Tea House","482013341002",57
25343998,"restaurant_78","TX","Snack and Nonalcoholic Beverage Bars","Bakery,Coffee Shop,Counter Service,Dessert,Snacks,Tea House","482013144002",52
25343999,"restaurant_78","TX","Snack and Nonalcoholic Beverage Bars","Bakery,Coffee Shop,Counter Service,Dessert,Snacks,Tea House","482014133002",33
25344000,"restaurant_78","TX","Snack and Nonalcoholic Beverage Bars","Bakery,Coffee Shop,Counter Service,Dessert,Snacks,Tea House","482013139001",30
25344001,"restaurant_78","TX","Snack and Nonalcoholic Beverage Bars","Bakery,Coffee Shop,Counter Service,Dessert,Snacks,Tea House","482013143003",26
25344002,"restaurant_78","TX","Snack and Nonalcoholic Beverage Bars","Bakery,Coffee Shop,Counter Service,Dessert,Snacks,Tea House","482013131001",25
25344003,"restaurant_78","TX","Snack and Nonalcoholic Beverage Bars","Bakery,Coffee Shop,Counter Service,Dessert,Snacks,Tea House","482013140013",24
25344004,"restaurant_78","TX","Snack and Nonalcoholic Beverage Bars","Bakery,Coffee Shop,Counter Service,Dessert,Snacks,Tea House","482013140023",23
25344005,"restaurant_78","TX","Snack and Nonalcoholic Beverage Bars","Bakery,Coffee Shop,Counter Service,Dessert,Snacks,Tea House","482013140025",23
25344006,"restaurant_78","TX","Snack and Nonalcoholic Beverage Bars","Bakery,Coffee Shop,Counter Service,Dessert,Snacks,Tea House","482013139002",20
25344007,"restaurant_78","TX","Snack and Nonalcoholic Beverage Bars","Bakery,Coffee Shop,Counter Service,Dessert,Snacks,Tea House","482014133003",18
25344008,"restaurant_78","TX","Snack and Nonalcoholic Beverage Bars","Bakery,Coffee Shop,Counter Service,Dessert,Snacks,Tea House","482013126001",18
25344009,"restaurant_78","TX","Snack and Nonalcoholic Beverage Bars","Bakery,Coffee Shop,Counter Service,Dessert,Snacks,Tea House","482014132021",18
25344010,"restaurant_78","TX","Snack and Nonalcoholic Beverage Bars","Bakery,Coffee Shop,Counter Service,Dessert,Snacks,Tea House","482013144001",18
25344011,"restaurant_78","TX","Snack and Nonalcoholic Beverage Bars","Bakery,Coffee Shop,Counter Service,Dessert,Snacks,Tea House","480396606022",17
25344012,"restaurant_78","TX","Snack and Nonalcoholic Beverage Bars","Bakery,Coffee Shop,Counter Service,Dessert,Snacks,Tea House","482014122002",17
25344013,"restaurant_78","TX","Snack and Nonalcoholic Beverage Bars","Bakery,Coffee Shop,Counter Service,Dessert,Snacks,Tea House","482014122003",16
25344014,"restaurant_78","TX","Snack and Nonalcoholic Beverage Bars","Bakery,Coffee Shop,Counter Service,Dessert,Snacks,Tea House","482013121001",16
25344015,"restaurant_78","TX","Snack and Nonalcoholic Beverage Bars","Bakery,Coffee Shop,Counter Service,Dessert,Snacks,Tea House","482014122004",16
25344016,"restaurant_78","TX","Snack and Nonalcoholic Beverage Bars","Bakery,Coffee Shop,Counter Service,Dessert,Snacks,Tea House","482013143002",15
25344017,"restaurant_78","TX","Snack and Nonalcoholic Beverage Bars","Bakery,Coffee Shop,Counter Service,Dessert,Snacks,Tea House","482014133004",13
25344018,"restaurant_78","TX","Snack and Nonalcoholic Beverage Bars","Bakery,Coffee Shop,Counter Service,Dessert,Snacks,Tea House","482014132012",13
25344019,"restaurant_78","TX","Snack and Nonalcoholic Beverage Bars","Bakery,Coffee Shop,Counter Service,Dessert,Snacks,Tea House","482014129002",13
25344020,"restaurant_78","TX","Snack and Nonalcoholic Beverage Bars","Bakery,Coffee Shop,Counter Service,Dessert,Snacks,Tea House","482014129003",13
25344021,"restaurant_78","TX","Snack and Nonalcoholic Beverage Bars","Bakery,Coffee Shop,Counter Service,Dessert,Snacks,Tea House","482013140022",13
25344022,"restaurant_78","TX","Snack and Nonalcoholic Beverage Bars","Bakery,Coffee Shop,Counter Service,Dessert,Snacks,Tea House","482013120001",12
25344023,"restaurant_78","TX","Snack and Nonalcoholic Beverage Bars","Bakery,Coffee Shop,Counter Service,Dessert,Snacks,Tea House","482013143001",12
25344024,"restaurant_78","TX","Snack and Nonalcoholic Beverage Bars","Bakery,Coffee Shop,Counter Service,Dessert,Snacks,Tea House","482014120002",12
25344025,"restaurant_78","TX","Snack and Nonalcoholic Beverage Bars","Bakery,Coffee Shop,Counter Service,Dessert,Snacks,Tea House","482014130001",12
25344026,"restaurant_78","TX","Snack and Nonalcoholic Beverage Bars","Bakery,Coffee Shop,Counter Service,Dessert,Snacks,Tea House","482013312002",11
25344027,"restaurant_78","TX","Snack and Nonalcoholic Beverage Bars","Bakery,Coffee Shop,Counter Service,Dessert,Snacks,Tea House","482013302001",11
25344028,"restaurant_78","TX","Snack and Nonalcoholic Beverage Bars","Bakery,Coffee Shop,Counter Service,Dessert,Snacks,Tea House","482013303011",11
25344029,"restaurant_78","TX","Snack and Nonalcoholic Beverage Bars","Bakery,Coffee Shop,Counter Service,Dessert,Snacks,Tea House","482014131002",11
25344030,"restaurant_78","TX","Snack and Nonalcoholic Beverage Bars","Bakery,Coffee Shop,Counter Service,Dessert,Snacks,Tea House","482014204002",11
25344031,"restaurant_78","TX","Snack and Nonalcoholic Beverage Bars","Bakery,Coffee Shop,Counter Service,Dessert,Snacks,Tea House","482014123002",10
25344032,"restaurant_78","TX","Snack and Nonalcoholic Beverage Bars","Bakery,Coffee Shop,Counter Service,Dessert,Snacks,Tea House","482014122001",10
25344033,"restaurant_78","TX","Snack and Nonalcoholic Beverage Bars","Bakery,Coffee Shop,Counter Service,Dessert,Snacks,Tea House","482013309001",10
25344034,"restaurant_78","TX","Snack and Nonalcoholic Beverage Bars","Bakery,Coffee Shop,Counter Service,Dessert,Snacks,Tea House","482013139003",10
25344035,"restaurant_78","TX","Snack and Nonalcoholic Beverage Bars","Bakery,Coffee Shop,Counter Service,Dessert,Snacks,Tea House","482014128002",9
25344036,"restaurant_78","TX","Snack and Nonalcoholic Beverage Bars","Bakery,Coffee Shop,Counter Service,Dessert,Snacks,Tea House","482014118004",9
25344037,"restaurant_78","TX","Snack and Nonalcoholic Beverage Bars","Bakery,Coffee Shop,Counter Service,Dessert,Snacks,Tea House","482013132003",9
25344038,"restaurant_78","TX","Snack and Nonalcoholic Beverage Bars","Bakery,Coffee Shop,Counter Service,Dessert,Snacks,Tea House","482013308002",9
25344039,"restaurant_78","TX","Snack and Nonalcoholic Beverage Bars","Bakery,Coffee Shop,Counter Service,Dessert,Snacks,Tea House","482014202001",9
25344040,"restaurant_78","TX","Snack and Nonalcoholic Beverage Bars","Bakery,Coffee Shop,Counter Service,Dessert,Snacks,Tea House","481576729001",9
25344041,"restaurant_78","TX","Snack and Nonalcoholic Beverage Bars","Bakery,Coffee Shop,Counter Service,Dessert,Snacks,Tea House","482013140024",9
25344042,"restaurant_78","TX","Snack and Nonalcoholic Beverage Bars","Bakery,Coffee Shop,Counter Service,Dessert,Snacks,Tea House","482013126004",8
25344043,"restaurant_78","TX","Snack and Nonalcoholic Beverage Bars","Bakery,Coffee Shop,Counter Service,Dessert,Snacks,Tea House","481576745021",8
25344044,"restaurant_78","TX","Snack and Nonalcoholic Beverage Bars","Bakery,Coffee Shop,Counter Service,Dessert,Snacks,Tea House","482013132001",8
25344045,"restaurant_78","TX","Snack and Nonalcoholic Beverage Bars","Bakery,Coffee Shop,Counter Service,Dessert,Snacks,Tea House","482013311004",8
25344046,"restaurant_78","TX","Snack and Nonalcoholic Beverage Bars","Bakery,Coffee Shop,Counter Service,Dessert,Snacks,Tea House","482013129001",8
25344047,"restaurant_78","TX","Snack and Nonalcoholic Beverage Bars","Bakery,Coffee Shop,Counter Service,Dessert,Snacks,Tea House","482013341004",8
25344048,"restaurant_78","TX","Snack and Nonalcoholic Beverage Bars","Bakery,Coffee Shop,Counter Service,Dessert,Snacks,Tea House","482013303012",8
25344049,"restaurant_78","TX","Snack and Nonalcoholic Beverage Bars","Bakery,Coffee Shop,Counter Service,Dessert,Snacks,Tea House","482014131001",8
25344050,"restaurant_78","TX","Snack and Nonalcoholic Beverage Bars","Bakery,Coffee Shop,Counter Service,Dessert,Snacks,Tea House","482014115023",8
25344051,"restaurant_78","TX","Snack and Nonalcoholic Beverage Bars","Bakery,Coffee Shop,Counter Service,Dessert,Snacks,Tea House","482011000002",8
25344052,"restaurant_78","TX","Snack and Nonalcoholic Beverage Bars","Bakery,Coffee Shop,Counter Service,Dessert,Snacks,Tea House","482013140011",8
25344053,"restaurant_78","TX","Snack and Nonalcoholic Beverage Bars","Bakery,Coffee Shop,Counter Service,Dessert,Snacks,Tea House","482014106001",8
25344054,"restaurant_78","TX","Snack and Nonalcoholic Beverage Bars","Bakery,Coffee Shop,Counter Service,Dessert,Snacks,Tea House","482013301003",7
25344055,"restaurant_78","TX","Snack and Nonalcoholic Beverage Bars","Bakery,Coffee Shop,Counter Service,Dessert,Snacks,Tea House","481576714001",7
25344056,"restaurant_78","TX","Snack and Nonalcoholic Beverage Bars","Bakery,Coffee Shop,Counter Service,Dessert,Snacks,Tea House","482013137002",7
25344057,"restaurant_78","TX","Snack and Nonalcoholic Beverage Bars","Bakery,Coffee Shop,Counter Service,Dessert,Snacks,Tea House","482013312001",7
25344058,"restaurant_78","TX","Snack and Nonalcoholic Beverage Bars","Bakery,Coffee Shop,Counter Service,Dessert,Snacks,Tea House","482014120001",7
25344059,"restaurant_78","TX","Snack and Nonalcoholic Beverage Bars","Bakery,Coffee Shop,Counter Service,Dessert,Snacks,Tea House","482014319001",7
25344060,"restaurant_78","TX","Snack and Nonalcoholic Beverage Bars","Bakery,Coffee Shop,Counter Service,Dessert,Snacks,Tea House","482013133002",7
25344061,"restaurant_78","TX","Snack and Nonalcoholic Beverage Bars","Bakery,Coffee Shop,Counter Service,Dessert,Snacks,Tea House","482013341003",7
25344062,"restaurant_78","TX","Snack and Nonalcoholic Beverage Bars","Bakery,Coffee Shop,Counter Service,Dessert,Snacks,Tea House","482014203001",7
25344063,"restaurant_78","TX","Snack and Nonalcoholic Beverage Bars","Bakery,Coffee Shop,Counter Service,Dessert,Snacks,Tea House","482014130002",7
25344064,"restaurant_78","TX","Snack and Nonalcoholic Beverage Bars","Bakery,Coffee Shop,Counter Service,Dessert,Snacks,Tea House","482013306004",7
25344065,"restaurant_78","TX","Snack and Nonalcoholic Beverage Bars","Bakery,Coffee Shop,Counter Service,Dessert,Snacks,Tea House","482011000003",7
25344066,"restaurant_78","TX","Snack and Nonalcoholic Beverage Bars","Bakery,Coffee Shop,Counter Service,Dessert,Snacks,Tea House","482013305002",6
25344067,"restaurant_78","TX","Snack and Nonalcoholic Beverage Bars","Bakery,Coffee Shop,Counter Service,Dessert,Snacks,Tea House","482014118001",6
25344068,"restaurant_78","TX","Snack and Nonalcoholic Beverage Bars","Bakery,Coffee Shop,Counter Service,Dessert,Snacks,Tea House","482013140012",6
25344069,"restaurant_78","TX","Snack and Nonalcoholic Beverage Bars","Bakery,Coffee Shop,Counter Service,Dessert,Snacks,Tea House","482014202002",6
25344070,"restaurant_78","TX","Snack and Nonalcoholic Beverage Bars","Bakery,Coffee Shop,Counter Service,Dessert,Snacks,Tea House","482014115011",6
25344071,"restaurant_78","TX","Snack and Nonalcoholic Beverage Bars","Bakery,Coffee Shop,Counter Service,Dessert,Snacks,Tea House","482014119003",6
25344072,"restaurant_78","TX","Snack and Nonalcoholic Beverage Bars","Bakery,Coffee Shop,Counter Service,Dessert,Snacks,Tea House","482014236004",6
25344073,"restaurant_78","TX","Snack and Nonalcoholic Beverage Bars","Bakery,Coffee Shop,Counter Service,Dessert,Snacks,Tea House","482014119002",6
25344074,"restaurant_78","TX","Snack and Nonalcoholic Beverage Bars","Bakery,Coffee Shop,Counter Service,Dessert,Snacks,Tea House","482013302002",6
25344075,"restaurant_78","TX","Snack and Nonalcoholic Beverage Bars","Bakery,Coffee Shop,Counter Service,Dessert,Snacks,Tea House","482013138004",6
25344076,"restaurant_78","TX","Snack and Nonalcoholic Beverage Bars","Bakery,Coffee Shop,Counter Service,Dessert,Snacks,Tea House","482013132004",6
25344077,"restaurant_78","TX","Snack and Nonalcoholic Beverage Bars","Bakery,Coffee Shop,Counter Service,Dessert,Snacks,Tea House","482014131003",6
25344078,"restaurant_78","TX","Snack and Nonalcoholic Beverage Bars","Bakery,Coffee Shop,Counter Service,Dessert,Snacks,Tea House","482014201001",6
25344079,"restaurant_78","TX","Snack and Nonalcoholic Beverage Bars","Bakery,Coffee Shop,Counter Service,Dessert,Snacks,Tea House","482014115024",6
25344080,"restaurant_78","TX","Snack and Nonalcoholic Beverage Bars","Bakery,Coffee Shop,Counter Service,Dessert,Snacks,Tea House","482013140021",6
25344081,"restaurant_78","TX","Snack and Nonalcoholic Beverage Bars","Bakery,Coffee Shop,Counter Service,Dessert,Snacks,Tea House","481576731011",5
25344082,"restaurant_78","TX","Snack and Nonalcoholic Beverage Bars","Bakery,Coffee Shop,Counter Service,Dessert,Snacks,Tea House","220190019012",5
25344083,"restaurant_78","TX","Snack and Nonalcoholic Beverage Bars","Bakery,Coffee Shop,Counter Service,Dessert,Snacks,Tea House","482013130002",5
25344084,"restaurant_78","TX","Snack and Nonalcoholic Beverage Bars","Bakery,Coffee Shop,Counter Service,Dessert,Snacks,Tea House","482014133005",5
25344085,"restaurant_78","TX","Snack and Nonalcoholic Beverage Bars","Bakery,Coffee Shop,Counter Service,Dessert,Snacks,Tea House","482014220002",5
25344086,"restaurant_78","TX","Snack and Nonalcoholic Beverage Bars","Bakery,Coffee Shop,Counter Service,Dessert,Snacks,Tea House","482014207003",5
25344087,"restaurant_78","TX","Snack and Nonalcoholic Beverage Bars","Bakery,Coffee Shop,Counter Service,Dessert,Snacks,Tea House","482013315006",5
25344088,"restaurant_78","TX","Snack and Nonalcoholic Beverage Bars","Bakery,Coffee Shop,Counter Service,Dessert,Snacks,Tea House","482014108003",5
25344089,"restaurant_78","TX","Snack and Nonalcoholic Beverage Bars","Bakery,Coffee Shop,Counter Service,Dessert,Snacks,Tea House","480396606021",5
25344090,"restaurant_78","TX","Snack and Nonalcoholic Beverage Bars","Bakery,Coffee Shop,Counter Service,Dessert,Snacks,Tea House","482014222001",5
25344091,"restaurant_78","TX","Snack and Nonalcoholic Beverage Bars","Bakery,Coffee Shop,Counter Service,Dessert,Snacks,Tea House","481576745011",5
25344092,"restaurant_78","TX","Snack and Nonalcoholic Beverage Bars","Bakery,Coffee Shop,Counter Service,Dessert,Snacks,Tea House","482011000001",5
25344093,"restaurant_78","TX","Snack and Nonalcoholic Beverage Bars","Bakery,Coffee Shop,Counter Service,Dessert,Snacks,Tea House","482013126002",5
25344094,"restaurant_78","TX","Snack and Nonalcoholic Beverage Bars","Bakery,Coffee Shop,Counter Service,Dessert,Snacks,Tea House","482014516021",4
25344095,"restaurant_78","TX","Snack and Nonalcoholic Beverage Bars","Bakery,Coffee Shop,Counter Service,Dessert,Snacks,Tea House","482014109001",4
25344096,"restaurant_78","TX","Snack and Nonalcoholic Beverage Bars","Bakery,Coffee Shop,Counter Service,Dessert,Snacks,Tea House","482014320012",4
25344097,"restaurant_78","TX","Snack and Nonalcoholic Beverage Bars","Bakery,Coffee Shop,Counter Service,Dessert,Snacks,Tea House","482013119002",4
25344098,"restaurant_78","TX","Snack and Nonalcoholic Beverage Bars","Bakery,Coffee Shop,Counter Service,Dessert,Snacks,Tea House","481576706021",4
25344099,"restaurant_78","TX","Snack and Nonalcoholic Beverage Bars","Bakery,Coffee Shop,Counter Service,Dessert,Snacks,Tea House","482014110002",4
25344100,"restaurant_78","TX","Snack and Nonalcoholic Beverage Bars","Bakery,Coffee Shop,Counter Service,Dessert,Snacks,Tea House","482013311002",4
25344101,"restaurant_78","TX","Snack and Nonalcoholic Beverage Bars","Bakery,Coffee Shop,Counter Service,Dessert,Snacks,Tea House","482014210002",4
25344102,"restaurant_78","TX","Snack and Nonalcoholic Beverage Bars","Bakery,Coffee Shop,Counter Service,Dessert,Snacks,Tea House","482015342021",4
25344103,"restaurant_78","TX","Snack and Nonalcoholic Beverage Bars","Bakery,Coffee Shop,Counter Service,Dessert,Snacks,Tea House","482013430003",4
25344104,"restaurant_78","TX","Snack and Nonalcoholic Beverage Bars","Bakery,Coffee Shop,Counter Service,Dessert,Snacks,Tea House","484717907002",4
25344105,"restaurant_78","TX","Snack and Nonalcoholic Beverage Bars","Bakery,Coffee Shop,Counter Service,Dessert,Snacks,Tea House","480396607012",4
25344106,"restaurant_78","TX","Snack and Nonalcoholic Beverage Bars","Bakery,Coffee Shop,Counter Service,Dessert,Snacks,Tea House","482013129002",4
25344107,"restaurant_78","TX","Snack and Nonalcoholic Beverage Bars","Bakery,Coffee Shop,Counter Service,Dessert,Snacks,Tea House","482014117002",4
25344108,"restaurant_78","TX","Snack and Nonalcoholic Beverage Bars","Bakery,Coffee Shop,Counter Service,Dessert,Snacks,Tea House","482013301004",4
25344109,"restaurant_78","TX","Snack and Nonalcoholic Beverage Bars","Bakery,Coffee Shop,Counter Service,Dessert,Snacks,Tea House","482013101002",4
25344110,"restaurant_78","TX","Snack and Nonalcoholic Beverage Bars","Bakery,Coffee Shop,Counter Service,Dessert,Snacks,Tea House","482013120002",4
25344111,"restaurant_78","TX","Snack and Nonalcoholic Beverage Bars","Bakery,Coffee Shop,Counter Service,Dessert,Snacks,Tea House","482013136003",4
25344112,"restaurant_78","TX","Snack and Nonalcoholic Beverage Bars","Bakery,Coffee Shop,Counter Service,Dessert,Snacks,Tea House","482013323001",4
25344113,"restaurant_78","TX","Snack and Nonalcoholic Beverage Bars","Bakery,Coffee Shop,Counter Service,Dessert,Snacks,Tea House","482013135001",4
25344114,"restaurant_78","TX","Snack and Nonalcoholic Beverage Bars","Bakery,Coffee Shop,Counter Service,Dessert,Snacks,Tea House","482013303033",4
25344115,"restaurant_78","TX","Snack and Nonalcoholic Beverage Bars","Bakery,Coffee Shop,Counter Service,Dessert,Snacks,Tea House","482014218001",4
25344116,"restaurant_78","TX","Snack and Nonalcoholic Beverage Bars","Bakery,Coffee Shop,Counter Service,Dessert,Snacks,Tea House","482014236003",4
25344117,"restaurant_78","TX","Snack and Nonalcoholic Beverage Bars","Bakery,Coffee Shop,Counter Service,Dessert,Snacks,Tea House","482014109003",4
25344118,"restaurant_78","TX","Snack and Nonalcoholic Beverage Bars","Bakery,Coffee Shop,Counter Service,Dessert,Snacks,Tea House","482013304001",4
25344119,"restaurant_78","TX","Snack and Nonalcoholic Beverage Bars","Bakery,Coffee Shop,Counter Service,Dessert,Snacks,Tea House","482014126001",4
25344120,"restaurant_78","TX","Snack and Nonalcoholic Beverage Bars","Bakery,Coffee Shop,Counter Service,Dessert,Snacks,Tea House","482014126002",4
25344121,"restaurant_78","TX","Snack and Nonalcoholic Beverage Bars","Bakery,Coffee Shop,Counter Service,Dessert,Snacks,Tea House","482014118003",4
25344122,"restaurant_78","TX","Snack and Nonalcoholic Beverage Bars","Bakery,Coffee Shop,Counter Service,Dessert,Snacks,Tea House","482014220003",4
25344123,"restaurant_78","TX","Snack and Nonalcoholic Beverage Bars","Bakery,Coffee Shop,Counter Service,Dessert,Snacks,Tea House","482014521002",4
25344124,"restaurant_78","TX","Snack and Nonalcoholic Beverage Bars","Bakery,Coffee Shop,Counter Service,Dessert,Snacks,Tea House","482014201002",4
25344125,"restaurant_78","TX","Snack and Nonalcoholic Beverage Bars","Bakery,Coffee Shop,Counter Service,Dessert,Snacks,Tea House","170550407002",4
25344126,"restaurant_78","TX","Snack and Nonalcoholic Beverage Bars","Bakery,Coffee Shop,Counter Service,Dessert,Snacks,Tea House","481576740002",4
25344127,"restaurant_78","TX","Snack and Nonalcoholic Beverage Bars","Bakery,Coffee Shop,Counter Service,Dessert,Snacks,Tea House","482014120003",4
25344128,"restaurant_78","TX","Snack and Nonalcoholic Beverage Bars","Bakery,Coffee Shop,Counter Service,Dessert,Snacks,Tea House","482014208001",4
25344129,"restaurant_78","TX","Snack and Nonalcoholic Beverage Bars","Bakery,Coffee Shop,Counter Service,Dessert,Snacks,Tea House","482014516022",4
25344130,"restaurant_78","TX","Snack and Nonalcoholic Beverage Bars","Bakery,Coffee Shop,Counter Service,Dessert,Snacks,Tea House","482013117001",4
25344131,"restaurant_78","TX","Snack and Nonalcoholic Beverage Bars","Bakery,Coffee Shop,Counter Service,Dessert,Snacks,Tea House","482013303032",4
25344132,"restaurant_78","TX","Snack and Nonalcoholic Beverage Bars","Bakery,Coffee Shop,Counter Service,Dessert,Snacks,Tea House","482013127001",4
25344133,"restaurant_78","TX","Snack and Nonalcoholic Beverage Bars","Bakery,Coffee Shop,Counter Service,Dessert,Snacks,Tea House","482014127002",4
25344134,"restaurant_78","TX","Snack and Nonalcoholic Beverage Bars","Bakery,Coffee Shop,Counter Service,Dessert,Snacks,Tea House","482014123001",4
25344135,"restaurant_78","TX","Snack and Nonalcoholic Beverage Bars","Bakery,Coffee Shop,Counter Service,Dessert,Snacks,Tea House","482013322002",4
25344136,"restaurant_78","TX","Snack and Nonalcoholic Beverage Bars","Bakery,Coffee Shop,Counter Service,Dessert,Snacks,Tea House","481576741004",4
25344137,"restaurant_78","TX","Snack and Nonalcoholic Beverage Bars","Bakery,Coffee Shop,Counter Service,Dessert,Snacks,Tea House","482150235101",4
25344138,"restaurant_78","TX","Snack and Nonalcoholic Beverage Bars","Bakery,Coffee Shop,Counter Service,Dessert,Snacks,Tea House","482014313013",4
25344139,"restaurant_78","TX","Snack and Nonalcoholic Beverage Bars","Bakery,Coffee Shop,Counter Service,Dessert,Snacks,Tea House","482014236002",4
25344140,"restaurant_78","TX","Snack and Nonalcoholic Beverage Bars","Bakery,Coffee Shop,Counter Service,Dessert,Snacks,Tea House","482013137001",4
25344141,"restaurant_78","TX","Snack and Nonalcoholic Beverage Bars","Bakery,Coffee Shop,Counter Service,Dessert,Snacks,Tea House","482014503001",4
25344142,"restaurant_78","TX","Snack and Nonalcoholic Beverage Bars","Bakery,Coffee Shop,Counter Service,Dessert,Snacks,Tea House","480396603003",4
25344143,"restaurant_78","TX","Snack and Nonalcoholic Beverage Bars","Bakery,Coffee Shop,Counter Service,Dessert,Snacks,Tea House","482014232023",4
25344144,"restaurant_78","TX","Snack and Nonalcoholic Beverage Bars","Bakery,Coffee Shop,Counter Service,Dessert,Snacks,Tea House","482013122002",4
25344145,"restaurant_78","TX","Snack and Nonalcoholic Beverage Bars","Bakery,Coffee Shop,Counter Service,Dessert,Snacks,Tea House","482013117002",4
25344146,"restaurant_78","TX","Snack and Nonalcoholic Beverage Bars","Bakery,Coffee Shop,Counter Service,Dessert,Snacks,Tea House","482014125002",4
25344147,"restaurant_78","TX","Snack and Nonalcoholic Beverage Bars","Bakery,Coffee Shop,Counter Service,Dessert,Snacks,Tea House","481576720022",4
25344148,"restaurant_78","TX","Snack and Nonalcoholic Beverage Bars","Bakery,Coffee Shop,Counter Service,Dessert,Snacks,Tea House","482019800001",4
25344149,"restaurant_78","TX","Snack and Nonalcoholic Beverage Bars","Bakery,Coffee Shop,Counter Service,Dessert,Snacks,Tea House","482014325001",4
25344150,"restaurant_78","TX","Snack and Nonalcoholic Beverage Bars","Bakery,Coffee Shop,Counter Service,Dessert,Snacks,Tea House","482014124003",4
25344151,"restaurant_78","TX","Snack and Nonalcoholic Beverage Bars","Bakery,Coffee Shop,Counter Service,Dessert,Snacks,Tea House","482015411002",4
25344152,"restaurant_78","TX","Snack and Nonalcoholic Beverage Bars","Bakery,Coffee Shop,Counter Service,Dessert,Snacks,Tea House","482014132011",4
25344153,"restaurant_78","TX","Snack and Nonalcoholic Beverage Bars","Bakery,Coffee Shop,Counter Service,Dessert,Snacks,Tea House","481576701021",4
25344154,"restaurant_78","TX","Snack and Nonalcoholic Beverage Bars","Bakery,Coffee Shop,Counter Service,Dessert,Snacks,Tea House","481576709011",4
25344155,"restaurant_78","TX","Snack and Nonalcoholic Beverage Bars","Bakery,Coffee Shop,Counter Service,Dessert,Snacks,Tea House","482014106002",4
25344156,"restaurant_78","TX","Snack and Nonalcoholic Beverage Bars","Bakery,Coffee Shop,Counter Service,Dessert,Snacks,Tea House","482013123001",4
25344157,"restaurant_78","TX","Snack and Nonalcoholic Beverage Bars","Bakery,Coffee Shop,Counter Service,Dessert,Snacks,Tea House","482013313004",4
25344158,"restaurant_78","TX","Snack and Nonalcoholic Beverage Bars","Bakery,Coffee Shop,Counter Service,Dessert,Snacks,Tea House","482014225003",4
25344159,"restaurant_78","TX","Snack and Nonalcoholic Beverage Bars","Bakery,Coffee Shop,Counter Service,Dessert,Snacks,Tea House","482013316012",4
25344160,"restaurant_78","TX","Snack and Nonalcoholic Beverage Bars","Bakery,Coffee Shop,Counter Service,Dessert,Snacks,Tea House","482013315004",4
25344161,"restaurant_78","TX","Snack and Nonalcoholic Beverage Bars","Bakery,Coffee Shop,Counter Service,Dessert,Snacks,Tea House","481576708003",4
25344162,"restaurant_78","TX","Snack and Nonalcoholic Beverage Bars","Bakery,Coffee Shop,Counter Service,Dessert,Snacks,Tea House","482013315002",4
25344163,"restaurant_78","TX","Snack and Nonalcoholic Beverage Bars","Bakery,Coffee Shop,Counter Service,Dessert,Snacks,Tea House","480396604001",4
25344164,"restaurant_78","TX","Snack and Nonalcoholic Beverage Bars","Bakery,Coffee Shop,Counter Service,Dessert,Snacks,Tea House","482012323011",4
25344165,"restaurant_78","TX","Snack and Nonalcoholic Beverage Bars","Bakery,Coffee Shop,Counter Service,Dessert,Snacks,Tea House","482014225002",4
25344166,"restaurant_78","TX","Snack and Nonalcoholic Beverage Bars","Bakery,Coffee Shop,Counter Service,Dessert,Snacks,Tea House","482013303023",4
25344167,"restaurant_78","TX","Snack and Nonalcoholic Beverage Bars","Bakery,Coffee Shop,Counter Service,Dessert,Snacks,Tea House","482013319001",4
25344168,"restaurant_78","TX","Snack and Nonalcoholic Beverage Bars","Bakery,Coffee Shop,Counter Service,Dessert,Snacks,Tea House","482013319003",4
25344169,"restaurant_78","TX","Snack and Nonalcoholic Beverage Bars","Bakery,Coffee Shop,Counter Service,Dessert,Snacks,Tea House","482014327021",4
25344170,"restaurant_78","TX","Snack and Nonalcoholic Beverage Bars","Bakery,Coffee Shop,Counter Service,Dessert,Snacks,Tea House","482014101001",4
25344171,"restaurant_78","TX","Snack and Nonalcoholic Beverage Bars","Bakery,Coffee Shop,Counter Service,Dessert,Snacks,Tea House","482012516002",4
25344172,"restaurant_78","TX","Snack and Nonalcoholic Beverage Bars","Bakery,Coffee Shop,Counter Service,Dessert,Snacks,Tea House","481576720014",4
25344173,"restaurant_78","TX","Snack and Nonalcoholic Beverage Bars","Bakery,Coffee Shop,Counter Service,Dessert,Snacks,Tea House","482014126003",4
25344174,"restaurant_78","TX","Snack and Nonalcoholic Beverage Bars","Bakery,Coffee Shop,Counter Service,Dessert,Snacks,Tea House","482014223021",4
25344175,"restaurant_78","TX","Snack and Nonalcoholic Beverage Bars","Bakery,Coffee Shop,Counter Service,Dessert,Snacks,Tea House","482013306002",4
25344176,"restaurant_78","TX","Snack and Nonalcoholic Beverage Bars","Bakery,Coffee Shop,Counter Service,Dessert,Snacks,Tea House","482014127001",4
25344177,"restaurant_78","TX","Snack and Nonalcoholic Beverage Bars","Bakery,Coffee Shop,Counter Service,Dessert,Snacks,Tea House","482014229002",4
25344178,"restaurant_78","TX","Snack and Nonalcoholic Beverage Bars","Bakery,Coffee Shop,Counter Service,Dessert,Snacks,Tea House","482015430031",4
25344179,"restaurant_78","TX","Snack and Nonalcoholic Beverage Bars","Bakery,Coffee Shop,Counter Service,Dessert,Snacks,Tea House","481576711001",4
25344180,"restaurant_78","TX","Snack and Nonalcoholic Beverage Bars","Bakery,Coffee Shop,Counter Service,Dessert,Snacks,Tea House","482015201001",4
25344181,"restaurant_78","TX","Snack and Nonalcoholic Beverage Bars","Bakery,Coffee Shop,Counter Service,Dessert,Snacks,Tea House","482014124004",4
25344182,"restaurant_78","TX","Snack and Nonalcoholic Beverage Bars","Bakery,Coffee Shop,Counter Service,Dessert,Snacks,Tea House","482013109002",4
25344183,"restaurant_78","TX","Snack and Nonalcoholic Beverage Bars","Bakery,Coffee Shop,Counter Service,Dessert,Snacks,Tea House","482013125001",4
25344184,"restaurant_78","TX","Snack and Nonalcoholic Beverage Bars","Bakery,Coffee Shop,Counter Service,Dessert,Snacks,Tea House","480396604002",4
25344185,"restaurant_78","TX","Snack and Nonalcoholic Beverage Bars","Bakery,Coffee Shop,Counter Service,Dessert,Snacks,Tea House","482013136001",4
25344186,"restaurant_78","TX","Snack and Nonalcoholic Beverage Bars","Bakery,Coffee Shop,Counter Service,Dessert,Snacks,Tea House","480610125042",4
25344187,"restaurant_78","TX","Snack and Nonalcoholic Beverage Bars","Bakery,Coffee Shop,Counter Service,Dessert,Snacks,Tea House","482013301002",4
25344188,"restaurant_78","TX","Snack and Nonalcoholic Beverage Bars","Bakery,Coffee Shop,Counter Service,Dessert,Snacks,Tea House","480396604003",4
25344189,"restaurant_78","TX","Snack and Nonalcoholic Beverage Bars","Bakery,Coffee Shop,Counter Service,Dessert,Snacks,Tea House","482013127002",4
25344190,"restaurant_78","TX","Snack and Nonalcoholic Beverage Bars","Bakery,Coffee Shop,Counter Service,Dessert,Snacks,Tea House","481576709021",4
25344191,"restaurant_78","TX","Snack and Nonalcoholic Beverage Bars","Bakery,Coffee Shop,Counter Service,Dessert,Snacks,Tea House","482013341001",4
25344192,"restaurant_78","TX","Snack and Nonalcoholic Beverage Bars","Bakery,Coffee Shop,Counter Service,Dessert,Snacks,Tea House","482014110003",4
25344193,"restaurant_78","TX","Snack and Nonalcoholic Beverage Bars","Bakery,Coffee Shop,Counter Service,Dessert,Snacks,Tea House","482013134001",4
25344194,"restaurant_78","TX","Snack and Nonalcoholic Beverage Bars","Bakery,Coffee Shop,Counter Service,Dessert,Snacks,Tea House","482013132002",4
25344195,"restaurant_78","TX","Snack and Nonalcoholic Beverage Bars","Bakery,Coffee Shop,Counter Service,Dessert,Snacks,Tea House","481576717003",4
25344196,"restaurant_78","TX","Snack and Nonalcoholic Beverage Bars","Bakery,Coffee Shop,Counter Service,Dessert,Snacks,Tea House","482012522002",4
25344197,"restaurant_78","TX","Snack and Nonalcoholic Beverage Bars","Bakery,Coffee Shop,Counter Service,Dessert,Snacks,Tea House","482013327002",4
25344198,"restaurant_78","TX","Snack and Nonalcoholic Beverage Bars","Bakery,Coffee Shop,Counter Service,Dessert,Snacks,Tea House","482013138002",4
25344199,"restaurant_78","TX","Snack and Nonalcoholic Beverage Bars","Bakery,Coffee Shop,Counter Service,Dessert,Snacks,Tea House","482015307002",4
25344200,"restaurant_78","TX","Snack and Nonalcoholic Beverage Bars","Bakery,Coffee Shop,Counter Service,Dessert,Snacks,Tea House","482014128001",4
25344201,"restaurant_78","TX","Snack and Nonalcoholic Beverage Bars","Bakery,Coffee Shop,Counter Service,Dessert,Snacks,Tea House","482013133001",4
25344202,"restaurant_78","TX","Snack and Nonalcoholic Beverage Bars","Bakery,Coffee Shop,Counter Service,Dessert,Snacks,Tea House","482013321001",4
25344203,"restaurant_78","TX","Snack and Nonalcoholic Beverage Bars","Bakery,Coffee Shop,Counter Service,Dessert,Snacks,Tea House","481576741003",4
25344204,"restaurant_78","TX","Snack and Nonalcoholic Beverage Bars","Bakery,Coffee Shop,Counter Service,Dessert,Snacks,Tea House","482013318001",4
25344205,"restaurant_78","TX","Snack and Nonalcoholic Beverage Bars","Bakery,Coffee Shop,Counter Service,Dessert,Snacks,Tea House","484910203182",4
25344206,"restaurant_78","TX","Snack and Nonalcoholic Beverage Bars","Bakery,Coffee Shop,Counter Service,Dessert,Snacks,Tea House","482013333001",4
25344207,"restaurant_78","TX","Snack and Nonalcoholic Beverage Bars","Bakery,Coffee Shop,Counter Service,Dessert,Snacks,Tea House","482015401003",4
25344208,"restaurant_78","TX","Snack and Nonalcoholic Beverage Bars","Bakery,Coffee Shop,Counter Service,Dessert,Snacks,Tea House","482013115003",4
25344209,"restaurant_78","TX","Snack and Nonalcoholic Beverage Bars","Bakery,Coffee Shop,Counter Service,Dessert,Snacks,Tea House","482012337011",4
25344210,"restaurant_78","TX","Snack and Nonalcoholic Beverage Bars","Bakery,Coffee Shop,Counter Service,Dessert,Snacks,Tea House","482013320003",4
25344211,"restaurant_78","TX","Snack and Nonalcoholic Beverage Bars","Bakery,Coffee Shop,Counter Service,Dessert,Snacks,Tea House","484391110171",4
25344212,"restaurant_78","TX","Snack and Nonalcoholic Beverage Bars","Bakery,Coffee Shop,Counter Service,Dessert,Snacks,Tea House","481576739013",4
25344213,"restaurant_78","TX","Snack and Nonalcoholic Beverage Bars","Bakery,Coffee Shop,Counter Service,Dessert,Snacks,Tea House","482012334001",4
25344214,"restaurant_78","TX","Snack and Nonalcoholic Beverage Bars","Bakery,Coffee Shop,Counter Service,Dessert,Snacks,Tea House","480610123011",4
25344215,"restaurant_78","TX","Snack and Nonalcoholic Beverage Bars","Bakery,Coffee Shop,Counter Service,Dessert,Snacks,Tea House","481576703001",4
25344216,"restaurant_78","TX","Snack and Nonalcoholic Beverage Bars","Bakery,Coffee Shop,Counter Service,Dessert,Snacks,Tea House","482013415011",4
25344217,"restaurant_78","TX","Snack and Nonalcoholic Beverage Bars","Bakery,Coffee Shop,Counter Service,Dessert,Snacks,Tea House","483396940001",4
25344218,"restaurant_78","TX","Snack and Nonalcoholic Beverage Bars","Bakery,Coffee Shop,Counter Service,Dessert,Snacks,Tea House","482015509001",4
25344219,"restaurant_78","TX","Snack and Nonalcoholic Beverage Bars","Bakery,Coffee Shop,Counter Service,Dessert,Snacks,Tea House","482014551021",4
25344220,"restaurant_78","TX","Snack and Nonalcoholic Beverage Bars","Bakery,Coffee Shop,Counter Service,Dessert,Snacks,Tea House","482013320001",4
25344221,"restaurant_78","TX","Snack and Nonalcoholic Beverage Bars","Bakery,Coffee Shop,Counter Service,Dessert,Snacks,Tea House","481576713001",4
25344222,"restaurant_78","TX","Snack and Nonalcoholic Beverage Bars","Bakery,Coffee Shop,Counter Service,Dessert,Snacks,Tea House","482013335003",4
25344223,"restaurant_78","TX","Snack and Nonalcoholic Beverage Bars","Bakery,Coffee Shop,Counter Service,Dessert,Snacks,Tea House","482013301001",4
25344224,"restaurant_78","TX","Snack and Nonalcoholic Beverage Bars","Bakery,Coffee Shop,Counter Service,Dessert,Snacks,Tea House","481576702005",4
25344225,"restaurant_78","TX","Snack and Nonalcoholic Beverage Bars","Bakery,Coffee Shop,Counter Service,Dessert,Snacks,Tea House","482014123004",4
25344226,"restaurant_78","TX","Snack and Nonalcoholic Beverage Bars","Bakery,Coffee Shop,Counter Service,Dessert,Snacks,Tea House","482013437003",4
25344227,"restaurant_78","TX","Snack and Nonalcoholic Beverage Bars","Bakery,Coffee Shop,Counter Service,Dessert,Snacks,Tea House","482014104022",4
25344228,"restaurant_78","TX","Snack and Nonalcoholic Beverage Bars","Bakery,Coffee Shop,Counter Service,Dessert,Snacks,Tea House","481576707002",4
25344229,"restaurant_78","TX","Snack and Nonalcoholic Beverage Bars","Bakery,Coffee Shop,Counter Service,Dessert,Snacks,Tea House","482013325002",4
25344230,"restaurant_78","TX","Snack and Nonalcoholic Beverage Bars","Bakery,Coffee Shop,Counter Service,Dessert,Snacks,Tea House","482014514031",4
25344231,"restaurant_78","TX","Snack and Nonalcoholic Beverage Bars","Bakery,Coffee Shop,Counter Service,Dessert,Snacks,Tea House","482014317002",4
25344232,"restaurant_78","TX","Snack and Nonalcoholic Beverage Bars","Bakery,Coffee Shop,Counter Service,Dessert,Snacks,Tea House","482014548002",4
25344233,"restaurant_78","TX","Snack and Nonalcoholic Beverage Bars","Bakery,Coffee Shop,Counter Service,Dessert,Snacks,Tea House","482014206002",4
25344234,"restaurant_78","TX","Snack and Nonalcoholic Beverage Bars","Bakery,Coffee Shop,Counter Service,Dessert,Snacks,Tea House","482090109061",4
25344235,"restaurant_78","TX","Snack and Nonalcoholic Beverage Bars","Bakery,Coffee Shop,Counter Service,Dessert,Snacks,Tea House","482012310001",4
25344236,"restaurant_78","TX","Snack and Nonalcoholic Beverage Bars","Bakery,Coffee Shop,Counter Service,Dessert,Snacks,Tea House","482014217002",4
25344237,"restaurant_78","TX","Snack and Nonalcoholic Beverage Bars","Bakery,Coffee Shop,Counter Service,Dessert,Snacks,Tea House","480259502013",4
25344238,"restaurant_78","TX","Snack and Nonalcoholic Beverage Bars","Bakery,Coffee Shop,Counter Service,Dessert,Snacks,Tea House","371619601002",4
25344239,"restaurant_78","TX","Snack and Nonalcoholic Beverage Bars","Bakery,Coffee Shop,Counter Service,Dessert,Snacks,Tea House","482015408003",4
25344240,"restaurant_78","TX","Snack and Nonalcoholic Beverage Bars","Bakery,Coffee Shop,Counter Service,Dessert,Snacks,Tea House","482013309003",4
25344241,"restaurant_78","TX","Snack and Nonalcoholic Beverage Bars","Bakery,Coffee Shop,Counter Service,Dessert,Snacks,Tea House","481576709013",4
25344242,"restaurant_78","TX","Snack and Nonalcoholic Beverage Bars","Bakery,Coffee Shop,Counter Service,Dessert,Snacks,Tea House","400890985003",4
25344243,"restaurant_78","TX","Snack and Nonalcoholic Beverage Bars","Bakery,Coffee Shop,Counter Service,Dessert,Snacks,Tea House","482014331001",4
25344244,"restaurant_78","TX","Snack and Nonalcoholic Beverage Bars","Bakery,Coffee Shop,Counter Service,Dessert,Snacks,Tea House","482012106004",4
25344245,"restaurant_78","TX","Snack and Nonalcoholic Beverage Bars","Bakery,Coffee Shop,Counter Service,Dessert,Snacks,Tea House","320030067001",4
25344246,"restaurant_78","TX","Snack and Nonalcoholic Beverage Bars","Bakery,Coffee Shop,Counter Service,Dessert,Snacks,Tea House","482014315011",4
25344247,"restaurant_78","TX","Snack and Nonalcoholic Beverage Bars","Bakery,Coffee Shop,Counter Service,Dessert,Snacks,Tea House","482015526011",4
25344248,"restaurant_78","TX","Snack and Nonalcoholic Beverage Bars","Bakery,Coffee Shop,Counter Service,Dessert,Snacks,Tea House","482012504021",4
25344249,"restaurant_78","TX","Snack and Nonalcoholic Beverage Bars","Bakery,Coffee Shop,Counter Service,Dessert,Snacks,Tea House","482014307002",4
25344250,"restaurant_78","TX","Snack and Nonalcoholic Beverage Bars","Bakery,Coffee Shop,Counter Service,Dessert,Snacks,Tea House","481130141303",4
25344251,"restaurant_78","TX","Snack and Nonalcoholic Beverage Bars","Bakery,Coffee Shop,Counter Service,Dessert,Snacks,Tea House","482015401001",4
25344252,"restaurant_78","TX","Snack and Nonalcoholic Beverage Bars","Bakery,Coffee Shop,Counter Service,Dessert,Snacks,Tea House","482013307002",4
25344253,"restaurant_78","TX","Snack and Nonalcoholic Beverage Bars","Bakery,Coffee Shop,Counter Service,Dessert,Snacks,Tea House","482013308001",4
25344254,"restaurant_78","TX","Snack and Nonalcoholic Beverage Bars","Bakery,Coffee Shop,Counter Service,Dessert,Snacks,Tea House","482013128002",4
25344255,"restaurant_78","TX","Snack and Nonalcoholic Beverage Bars","Bakery,Coffee Shop,Counter Service,Dessert,Snacks,Tea House","481576721002",4
25344256,"restaurant_78","TX","Snack and Nonalcoholic Beverage Bars","Bakery,Coffee Shop,Counter Service,Dessert,Snacks,Tea House","220190018013",4
25344257,"restaurant_78","TX","Snack and Nonalcoholic Beverage Bars","Bakery,Coffee Shop,Counter Service,Dessert,Snacks,Tea House","482015301004",4
25344258,"restaurant_78","TX","Snack and Nonalcoholic Beverage Bars","Bakery,Coffee Shop,Counter Service,Dessert,Snacks,Tea House","482012113004",4
25344259,"restaurant_78","TX","Snack and Nonalcoholic Beverage Bars","Bakery,Coffee Shop,Counter Service,Dessert,Snacks,Tea House","481576734002",4
25344260,"restaurant_78","TX","Snack and Nonalcoholic Beverage Bars","Bakery,Coffee Shop,Counter Service,Dessert,Snacks,Tea House","482014336004",4
25344261,"restaurant_78","TX","Snack and Nonalcoholic Beverage Bars","Bakery,Coffee Shop,Counter Service,Dessert,Snacks,Tea House","482014108002",4
25344262,"restaurant_78","TX","Snack and Nonalcoholic Beverage Bars","Bakery,Coffee Shop,Counter Service,Dessert,Snacks,Tea House","482014216003",4
25344263,"restaurant_78","TX","Snack and Nonalcoholic Beverage Bars","Bakery,Coffee Shop,Counter Service,Dessert,Snacks,Tea House","482014328011",4
25344264,"restaurant_78","TX","Snack and Nonalcoholic Beverage Bars","Bakery,Coffee Shop,Counter Service,Dessert,Snacks,Tea House","482012308001",4
25344265,"restaurant_78","TX","Snack and Nonalcoholic Beverage Bars","Bakery,Coffee Shop,Counter Service,Dessert,Snacks,Tea House","482013240002",4
25344266,"restaurant_78","TX","Snack and Nonalcoholic Beverage Bars","Bakery,Coffee Shop,Counter Service,Dessert,Snacks,Tea House","482013134002",4
25344267,"restaurant_78","TX","Snack and Nonalcoholic Beverage Bars","Bakery,Coffee Shop,Counter Service,Dessert,Snacks,Tea House","484910203283",4
25344268,"restaurant_78","TX","Snack and Nonalcoholic Beverage Bars","Bakery,Coffee Shop,Counter Service,Dessert,Snacks,Tea House","481576701014",4
25344269,"restaurant_78","TX","Snack and Nonalcoholic Beverage Bars","Bakery,Coffee Shop,Counter Service,Dessert,Snacks,Tea House","482013429002",4
25344270,"restaurant_78","TX","Snack and Nonalcoholic Beverage Bars","Bakery,Coffee Shop,Counter Service,Dessert,Snacks,Tea House","482014308001",4
25344271,"restaurant_78","TX","Snack and Nonalcoholic Beverage Bars","Bakery,Coffee Shop,Counter Service,Dessert,Snacks,Tea House","482013332022",4
25344272,"restaurant_78","TX","Snack and Nonalcoholic Beverage Bars","Bakery,Coffee Shop,Counter Service,Dessert,Snacks,Tea House","482014211012",4
25344273,"restaurant_78","TX","Snack and Nonalcoholic Beverage Bars","Bakery,Coffee Shop,Counter Service,Dessert,Snacks,Tea House","482013316013",4
25344274,"restaurant_78","TX","Snack and Nonalcoholic Beverage Bars","Bakery,Coffee Shop,Counter Service,Dessert,Snacks,Tea House","482012520001",4
25344275,"restaurant_78","TX","Snack and Nonalcoholic Beverage Bars","Bakery,Coffee Shop,Counter Service,Dessert,Snacks,Tea House","482014233021",4
25344276,"restaurant_78","TX","Snack and Nonalcoholic Beverage Bars","Bakery,Coffee Shop,Counter Service,Dessert,Snacks,Tea House","482013412022",4
25344277,"restaurant_78","TX","Snack and Nonalcoholic Beverage Bars","Bakery,Coffee Shop,Counter Service,Dessert,Snacks,Tea House","482013304002",4
25344278,"restaurant_78","TX","Snack and Nonalcoholic Beverage Bars","Bakery,Coffee Shop,Counter Service,Dessert,Snacks,Tea House","482013501002",4
25344279,"restaurant_78","TX","Snack and Nonalcoholic Beverage Bars","Bakery,Coffee Shop,Counter Service,Dessert,Snacks,Tea House","482012328001",4
25344280,"restaurant_78","TX","Snack and Nonalcoholic Beverage Bars","Bakery,Coffee Shop,Counter Service,Dessert,Snacks,Tea House","482019801001",4
25344281,"restaurant_78","TX","Snack and Nonalcoholic Beverage Bars","Bakery,Coffee Shop,Counter Service,Dessert,Snacks,Tea House","482013207002",4
25344282,"restaurant_78","TX","Snack and Nonalcoholic Beverage Bars","Bakery,Coffee Shop,Counter Service,Dessert,Snacks,Tea House","482014214033",4
25344283,"restaurant_78","TX","Snack and Nonalcoholic Beverage Bars","Bakery,Coffee Shop,Counter Service,Dessert,Snacks,Tea House","482014234011",4
25344284,"restaurant_78","TX","Snack and Nonalcoholic Beverage Bars","Bakery,Coffee Shop,Counter Service,Dessert,Snacks,Tea House","482013135002",4
25344285,"restaurant_78","TX","Snack and Nonalcoholic Beverage Bars","Bakery,Coffee Shop,Counter Service,Dessert,Snacks,Tea House","481576734001",4
25344286,"restaurant_78","TX","Snack and Nonalcoholic Beverage Bars","Bakery,Coffee Shop,Counter Service,Dessert,Snacks,Tea House","482015410031",4
25344287,"restaurant_78","TX","Snack and Nonalcoholic Beverage Bars","Bakery,Coffee Shop,Counter Service,Dessert,Snacks,Tea House","482013321002",4
25344288,"restaurant_78","TX","Snack and Nonalcoholic Beverage Bars","Bakery,Coffee Shop,Counter Service,Dessert,Snacks,Tea House","482013306001",4
25344289,"restaurant_78","TX","Snack and Nonalcoholic Beverage Bars","Bakery,Coffee Shop,Counter Service,Dessert,Snacks,Tea House","482014233012",4
25344290,"restaurant_78","TX","Snack and Nonalcoholic Beverage Bars","Bakery,Coffee Shop,Counter Service,Dessert,Snacks,Tea House","480291210001",4
25344291,"restaurant_78","TX","Snack and Nonalcoholic Beverage Bars","Bakery,Coffee Shop,Counter Service,Dessert,Snacks,Tea House","482012104002",4
25344292,"restaurant_78","TX","Snack and Nonalcoholic Beverage Bars","Bakery,Coffee Shop,Counter Service,Dessert,Snacks,Tea House","482015111002",4
25344293,"restaurant_78","TX","Snack and Nonalcoholic Beverage Bars","Bakery,Coffee Shop,Counter Service,Dessert,Snacks,Tea House","482013326002",4
25344294,"restaurant_78","TX","Snack and Nonalcoholic Beverage Bars","Bakery,Coffee Shop,Counter Service,Dessert,Snacks,Tea House","051059529002",4
25344295,"restaurant_78","TX","Snack and Nonalcoholic Beverage Bars","Bakery,Coffee Shop,Counter Service,Dessert,Snacks,Tea House","482013107001",4
25344296,"restaurant_78","TX","Snack and Nonalcoholic Beverage Bars","Bakery,Coffee Shop,Counter Service,Dessert,Snacks,Tea House","320030068004",4
25344297,"restaurant_78","TX","Snack and Nonalcoholic Beverage Bars","Bakery,Coffee Shop,Counter Service,Dessert,Snacks,Tea House","483217305014",4
25344298,"restaurant_78","TX","Snack and Nonalcoholic Beverage Bars","Bakery,Coffee Shop,Counter Service,Dessert,Snacks,Tea House","481576715014",4
25344299,"restaurant_78","TX","Snack and Nonalcoholic Beverage Bars","Bakery,Coffee Shop,Counter Service,Dessert,Snacks,Tea House","482013206021",4
25344300,"restaurant_78","TX","Snack and Nonalcoholic Beverage Bars","Bakery,Coffee Shop,Counter Service,Dessert,Snacks,Tea House","481410102211",4
25344301,"restaurant_78","TX","Snack and Nonalcoholic Beverage Bars","Bakery,Coffee Shop,Counter Service,Dessert,Snacks,Tea House","010890109012",4
25344302,"restaurant_78","TX","Snack and Nonalcoholic Beverage Bars","Bakery,Coffee Shop,Counter Service,Dessert,Snacks,Tea House","480396607022",4
25344303,"restaurant_78","TX","Snack and Nonalcoholic Beverage Bars","Bakery,Coffee Shop,Counter Service,Dessert,Snacks,Tea House","051310006001",4
25344304,"restaurant_78","TX","Snack and Nonalcoholic Beverage Bars","Bakery,Coffee Shop,Counter Service,Dessert,Snacks,Tea House","481576707001",4
25344305,"restaurant_78","TX","Snack and Nonalcoholic Beverage Bars","Bakery,Coffee Shop,Counter Service,Dessert,Snacks,Tea House","482013329001",4
25344306,"restaurant_78","TX","Snack and Nonalcoholic Beverage Bars","Bakery,Coffee Shop,Counter Service,Dessert,Snacks,Tea House","484530006012",4
25344307,"restaurant_78","TX","Snack and Nonalcoholic Beverage Bars","Bakery,Coffee Shop,Counter Service,Dessert,Snacks,Tea House","482013216003",4
25344308,"restaurant_78","TX","Snack and Nonalcoholic Beverage Bars","Bakery,Coffee Shop,Counter Service,Dessert,Snacks,Tea House","482013130003",4
25344309,"restaurant_78","TX","Snack and Nonalcoholic Beverage Bars","Bakery,Coffee Shop,Counter Service,Dessert,Snacks,Tea House","480157605021",4
25344310,"restaurant_78","TX","Snack and Nonalcoholic Beverage Bars","Bakery,Coffee Shop,Counter Service,Dessert,Snacks,Tea House","482015412012",4
25344311,"restaurant_78","TX","Snack and Nonalcoholic Beverage Bars","Bakery,Coffee Shop,Counter Service,Dessert,Snacks,Tea House","482013324002",4
25344312,"restaurant_78","TX","Snack and Nonalcoholic Beverage Bars","Bakery,Coffee Shop,Counter Service,Dessert,Snacks,Tea House","482014328012",4
25344313,"restaurant_78","TX","Snack and Nonalcoholic Beverage Bars","Bakery,Coffee Shop,Counter Service,Dessert,Snacks,Tea House","482014123005",4
25344314,"restaurant_78","TX","Snack and Nonalcoholic Beverage Bars","Bakery,Coffee Shop,Counter Service,Dessert,Snacks,Tea House","482012523021",4
25344315,"restaurant_78","TX","Snack and Nonalcoholic Beverage Bars","Bakery,Coffee Shop,Counter Service,Dessert,Snacks,Tea House","481130141201",4
25344316,"restaurant_78","TX","Snack and Nonalcoholic Beverage Bars","Bakery,Coffee Shop,Counter Service,Dessert,Snacks,Tea House","482015325013",4
25344317,"restaurant_78","TX","Snack and Nonalcoholic Beverage Bars","Bakery,Coffee Shop,Counter Service,Dessert,Snacks,Tea House","482014336003",4
25344318,"restaurant_78","TX","Snack and Nonalcoholic Beverage Bars","Bakery,Coffee Shop,Counter Service,Dessert,Snacks,Tea House","482014119001",4
25344319,"restaurant_78","TX","Snack and Nonalcoholic Beverage Bars","Bakery,Coffee Shop,Counter Service,Dessert,Snacks,Tea House","482013411001",4
25344320,"restaurant_78","TX","Snack and Nonalcoholic Beverage Bars","Bakery,Coffee Shop,Counter Service,Dessert,Snacks,Tea House","482014226003",4
25344321,"restaurant_78","TX","Snack and Nonalcoholic Beverage Bars","Bakery,Coffee Shop,Counter Service,Dessert,Snacks,Tea House","483396924003",4
25344322,"restaurant_78","TX","Snack and Nonalcoholic Beverage Bars","Bakery,Coffee Shop,Counter Service,Dessert,Snacks,Tea House","483396918005",4
25344323,"restaurant_78","TX","Snack and Nonalcoholic Beverage Bars","Bakery,Coffee Shop,Counter Service,Dessert,Snacks,Tea House","482014115012",4
25344324,"restaurant_78","TX","Snack and Nonalcoholic Beverage Bars","Bakery,Coffee Shop,Counter Service,Dessert,Snacks,Tea House","482014234022",4
25344325,"restaurant_78","TX","Snack and Nonalcoholic Beverage Bars","Bakery,Coffee Shop,Counter Service,Dessert,Snacks,Tea House","481576706013",4
25344326,"restaurant_78","TX","Snack and Nonalcoholic Beverage Bars","Bakery,Coffee Shop,Counter Service,Dessert,Snacks,Tea House","482012504023",4
25344327,"restaurant_78","TX","Snack and Nonalcoholic Beverage Bars","Bakery,Coffee Shop,Counter Service,Dessert,Snacks,Tea House","482012526004",4
25344328,"restaurant_78","TX","Snack and Nonalcoholic Beverage Bars","Bakery,Coffee Shop,Counter Service,Dessert,Snacks,Tea House","482014105001",4
25344329,"restaurant_78","TX","Snack and Nonalcoholic Beverage Bars","Bakery,Coffee Shop,Counter Service,Dessert,Snacks,Tea House","482014115013",4
25344330,"restaurant_78","TX","Snack and Nonalcoholic Beverage Bars","Bakery,Coffee Shop,Counter Service,Dessert,Snacks,Tea House","482012308002",4
25344331,"restaurant_78","TX","Snack and Nonalcoholic Beverage Bars","Bakery,Coffee Shop,Counter Service,Dessert,Snacks,Tea House","480291918102",4
25344332,"restaurant_78","TX","Snack and Nonalcoholic Beverage Bars","Bakery,Coffee Shop,Counter Service,Dessert,Snacks,Tea House","481576715021",4
25344333,"restaurant_78","TX","Snack and Nonalcoholic Beverage Bars","Bakery,Coffee Shop,Counter Service,Dessert,Snacks,Tea House","482014319002",4
25344334,"restaurant_78","TX","Snack and Nonalcoholic Beverage Bars","Bakery,Coffee Shop,Counter Service,Dessert,Snacks,Tea House","480079501002",4
25344335,"restaurant_78","TX","Snack and Nonalcoholic Beverage Bars","Bakery,Coffee Shop,Counter Service,Dessert,Snacks,Tea House","482014105003",4
25344336,"restaurant_78","TX","Snack and Nonalcoholic Beverage Bars","Bakery,Coffee Shop,Counter Service,Dessert,Snacks,Tea House","482013207001",4
25344337,"restaurant_78","TX","Snack and Nonalcoholic Beverage Bars","Bakery,Coffee Shop,Counter Service,Dessert,Snacks,Tea House","482014228001",4
25344338,"restaurant_78","TX","Snack and Nonalcoholic Beverage Bars","Bakery,Coffee Shop,Counter Service,Dessert,Snacks,Tea House","482015526021",4
25344339,"restaurant_78","TX","Snack and Nonalcoholic Beverage Bars","Bakery,Coffee Shop,Counter Service,Dessert,Snacks,Tea House","482013136002",4
25344340,"restaurant_78","TX","Snack and Nonalcoholic Beverage Bars","Bakery,Coffee Shop,Counter Service,Dessert,Snacks,Tea House","480039502003",4
25344341,"restaurant_78","TX","Snack and Nonalcoholic Beverage Bars","Bakery,Coffee Shop,Counter Service,Dessert,Snacks,Tea House","484771705004",4
25344342,"restaurant_78","TX","Snack and Nonalcoholic Beverage Bars","Bakery,Coffee Shop,Counter Service,Dessert,Snacks,Tea House","482013316011",4
25344343,"restaurant_78","TX","Snack and Nonalcoholic Beverage Bars","Bakery,Coffee Shop,Counter Service,Dessert,Snacks,Tea House","482014109002",4
25344344,"restaurant_78","TX","Snack and Nonalcoholic Beverage Bars","Bakery,Coffee Shop,Counter Service,Dessert,Snacks,Tea House","481576755001",4
25344345,"restaurant_78","TX","Snack and Nonalcoholic Beverage Bars","Bakery,Coffee Shop,Counter Service,Dessert,Snacks,Tea House","482013305003",4
25344346,"restaurant_78","TX","Snack and Nonalcoholic Beverage Bars","Bakery,Coffee Shop,Counter Service,Dessert,Snacks,Tea House","481210203054",4
25344347,"restaurant_78","TX","Snack and Nonalcoholic Beverage Bars","Bakery,Coffee Shop,Counter Service,Dessert,Snacks,Tea House","482015422001",4
25344348,"restaurant_78","TX","Snack and Nonalcoholic Beverage Bars","Bakery,Coffee Shop,Counter Service,Dessert,Snacks,Tea House","482014223012",4
25344349,"restaurant_78","TX","Snack and Nonalcoholic Beverage Bars","Bakery,Coffee Shop,Counter Service,Dessert,Snacks,Tea House","221059537004",4
25344350,"restaurant_78","TX","Snack and Nonalcoholic Beverage Bars","Bakery,Coffee Shop,Counter Service,Dessert,Snacks,Tea House","480610123042",4
25344351,"restaurant_78","TX","Snack and Nonalcoholic Beverage Bars","Bakery,Coffee Shop,Counter Service,Dessert,Snacks,Tea House","482014220001",4
25344352,"restaurant_78","TX","Snack and Nonalcoholic Beverage Bars","Bakery,Coffee Shop,Counter Service,Dessert,Snacks,Tea House","482015116003",4
25344353,"restaurant_78","TX","Snack and Nonalcoholic Beverage Bars","Bakery,Coffee Shop,Counter Service,Dessert,Snacks,Tea House","482014204003",4
25344354,"restaurant_78","TX","Snack and Nonalcoholic Beverage Bars","Bakery,Coffee Shop,Counter Service,Dessert,Snacks,Tea House","482013130001",4
25344355,"restaurant_78","TX","Snack and Nonalcoholic Beverage Bars","Bakery,Coffee Shop,Counter Service,Dessert,Snacks,Tea House","482014102001",4
25344356,"restaurant_78","TX","Snack and Nonalcoholic Beverage Bars","Bakery,Coffee Shop,Counter Service,Dessert,Snacks,Tea House","481576731012",4
25344357,"restaurant_78","TX","Snack and Nonalcoholic Beverage Bars","Bakery,Coffee Shop,Counter Service,Dessert,Snacks,Tea House","482012407021",4
25344358,"restaurant_78","TX","Snack and Nonalcoholic Beverage Bars","Bakery,Coffee Shop,Counter Service,Dessert,Snacks,Tea House","482012116002",4
25344359,"restaurant_78","TX","Snack and Nonalcoholic Beverage Bars","Bakery,Coffee Shop,Counter Service,Dessert,Snacks,Tea House","482015533002",4
25344360,"restaurant_78","TX","Snack and Nonalcoholic Beverage Bars","Bakery,Coffee Shop,Counter Service,Dessert,Snacks,Tea House","482014123003",4
25344361,"restaurant_78","TX","Snack and Nonalcoholic Beverage Bars","Bakery,Coffee Shop,Counter Service,Dessert,Snacks,Tea House","482014221001",4
25344362,"restaurant_78","TX","Snack and Nonalcoholic Beverage Bars","Bakery,Coffee Shop,Counter Service,Dessert,Snacks,Tea House","482013407004",4
25344363,"restaurant_78","TX","Snack and Nonalcoholic Beverage Bars","Bakery,Coffee Shop,Counter Service,Dessert,Snacks,Tea House","401430076133",4
25344364,"restaurant_78","TX","Snack and Nonalcoholic Beverage Bars","Bakery,Coffee Shop,Counter Service,Dessert,Snacks,Tea House","482012329002",4
25344365,"restaurant_78","TX","Snack and Nonalcoholic Beverage Bars","Bakery,Coffee Shop,Counter Service,Dessert,Snacks,Tea House","480396607011",4
25344366,"restaurant_78","TX","Snack and Nonalcoholic Beverage Bars","Bakery,Coffee Shop,Counter Service,Dessert,Snacks,Tea House","482013324001",4
25344367,"restaurant_78","TX","Snack and Nonalcoholic Beverage Bars","Bakery,Coffee Shop,Counter Service,Dessert,Snacks,Tea House","482014115021",4
25344368,"restaurant_78","TX","Snack and Nonalcoholic Beverage Bars","Bakery,Coffee Shop,Counter Service,Dessert,Snacks,Tea House","482015552002",4
25344369,"restaurant_78","TX","Snack and Nonalcoholic Beverage Bars","Bakery,Coffee Shop,Counter Service,Dessert,Snacks,Tea House","482013118002",4
25344370,"restaurant_78","TX","Snack and Nonalcoholic Beverage Bars","Bakery,Coffee Shop,Counter Service,Dessert,Snacks,Tea House","482015332003",4
25344371,"restaurant_78","TX","Snack and Nonalcoholic Beverage Bars","Bakery,Coffee Shop,Counter Service,Dessert,Snacks,Tea House","482014327022",4
25344372,"restaurant_78","TX","Snack and Nonalcoholic Beverage Bars","Bakery,Coffee Shop,Counter Service,Dessert,Snacks,Tea House","120950189005",4
25344373,"restaurant_78","TX","Snack and Nonalcoholic Beverage Bars","Bakery,Coffee Shop,Counter Service,Dessert,Snacks,Tea House","483610213001",4
25344374,"restaurant_78","TX","Snack and Nonalcoholic Beverage Bars","Bakery,Coffee Shop,Counter Service,Dessert,Snacks,Tea House","482014208002",4
25344375,"restaurant_78","TX","Snack and Nonalcoholic Beverage Bars","Bakery,Coffee Shop,Counter Service,Dessert,Snacks,Tea House","482150235092",4
25344376,"restaurant_78","TX","Snack and Nonalcoholic Beverage Bars","Bakery,Coffee Shop,Counter Service,Dessert,Snacks,Tea House","482014224021",4
25344377,"restaurant_78","TX","Snack and Nonalcoholic Beverage Bars","Bakery,Coffee Shop,Counter Service,Dessert,Snacks,Tea House","482013432001",4
25344378,"restaurant_78","TX","Snack and Nonalcoholic Beverage Bars","Bakery,Coffee Shop,Counter Service,Dessert,Snacks,Tea House","483090020001",4
25344379,"restaurant_78","TX","Snack and Nonalcoholic Beverage Bars","Bakery,Coffee Shop,Counter Service,Dessert,Snacks,Tea House","482015432001",4
25344380,"restaurant_78","TX","Snack and Nonalcoholic Beverage Bars","Bakery,Coffee Shop,Counter Service,Dessert,Snacks,Tea House","481210217512",4
25344381,"restaurant_78","TX","Snack and Nonalcoholic Beverage Bars","Bakery,Coffee Shop,Counter Service,Dessert,Snacks,Tea House","481576710023",4
25344382,"restaurant_78","TX","Snack and Nonalcoholic Beverage Bars","Bakery,Coffee Shop,Counter Service,Dessert,Snacks,Tea House","050419505002",4
25344383,"restaurant_78","TX","Snack and Nonalcoholic Beverage Bars","Bakery,Coffee Shop,Counter Service,Dessert,Snacks,Tea House","482012536003",4
25344384,"restaurant_78","TX","Snack and Nonalcoholic Beverage Bars","Bakery,Coffee Shop,Counter Service,Dessert,Snacks,Tea House","482015418001",4
25371489,"restaurant_61","MS","Limited-Service Restaurants","Counter Service,Dinner,Fast Food,Fried Chicken,Lunch","280490102032",5
25371490,"restaurant_61","MS","Limited-Service Restaurants","Counter Service,Dinner,Fast Food,Fried Chicken,Lunch","280490009001",4
25371491,"restaurant_61","MS","Limited-Service Restaurants","Counter Service,Dinner,Fast Food,Fried Chicken,Lunch","280490009002",4
25371492,"restaurant_61","MS","Limited-Service Restaurants","Counter Service,Dinner,Fast Food,Fried Chicken,Lunch","280490010001",4
25371493,"restaurant_61","MS","Limited-Service Restaurants","Counter Service,Dinner,Fast Food,Fried Chicken,Lunch","280490008002",4
25371494,"restaurant_61","MS","Limited-Service Restaurants","Counter Service,Dinner,Fast Food,Fried Chicken,Lunch","280490103013",4
25371495,"restaurant_61","MS","Limited-Service Restaurants","Counter Service,Dinner,Fast Food,Fried Chicken,Lunch","280490103011",4
25371496,"restaurant_61","MS","Limited-Service Restaurants","Counter Service,Dinner,Fast Food,Fried Chicken,Lunch","280490006001",4
25371497,"restaurant_61","MS","Limited-Service Restaurants","Counter Service,Dinner,Fast Food,Fried Chicken,Lunch","280490005001",4
25371498,"restaurant_61","MS","Limited-Service Restaurants","Counter Service,Dinner,Fast Food,Fried Chicken,Lunch","280490008003",4
25416519,"restaurant_25","GA","Limited-Service Restaurants","Breakfast,Burgers,Counter Service,Dinner,Drive Through,Fast Food,Lunch","130670302301",39
25416520,"restaurant_25","GA","Limited-Service Restaurants","Breakfast,Burgers,Counter Service,Dinner,Drive Through,Fast Food,Lunch","130670302302",12
25416521,"restaurant_25","GA","Limited-Service Restaurants","Breakfast,Burgers,Counter Service,Dinner,Drive Through,Fast Food,Lunch","130670302154",8
25416522,"restaurant_25","GA","Limited-Service Restaurants","Breakfast,Burgers,Counter Service,Dinner,Drive Through,Fast Food,Lunch","130670306013",8
25416523,"restaurant_25","GA","Limited-Service Restaurants","Breakfast,Burgers,Counter Service,Dinner,Drive Through,Fast Food,Lunch","130670302151",7
25416524,"restaurant_25","GA","Limited-Service Restaurants","Breakfast,Burgers,Counter Service,Dinner,Drive Through,Fast Food,Lunch","130670302152",6
25416525,"restaurant_25","GA","Limited-Service Restaurants","Breakfast,Burgers,Counter Service,Dinner,Drive Through,Fast Food,Lunch","130670302181",5
25416526,"restaurant_25","GA","Limited-Service Restaurants","Breakfast,Burgers,Counter Service,Dinner,Drive Through,Fast Food,Lunch","130670302143",5
25416527,"restaurant_25","GA","Limited-Service Restaurants","Breakfast,Burgers,Counter Service,Dinner,Drive Through,Fast Food,Lunch","130670302182",5
25416528,"restaurant_25","GA","Limited-Service Restaurants","Breakfast,Burgers,Counter Service,Dinner,Drive Through,Fast Food,Lunch","130670302292",5
25416529,"restaurant_25","GA","Limited-Service Restaurants","Breakfast,Burgers,Counter Service,Dinner,Drive Through,Fast Food,Lunch","130670302273",4
25416530,"restaurant_25","GA","Limited-Service Restaurants","Breakfast,Burgers,Counter Service,Dinner,Drive Through,Fast Food,Lunch","130670302291",4
25416531,"restaurant_25","GA","Limited-Service Restaurants","Breakfast,Burgers,Counter Service,Dinner,Drive Through,Fast Food,Lunch","132231201032",4
25416532,"restaurant_25","GA","Limited-Service Restaurants","Breakfast,Burgers,Counter Service,Dinner,Drive Through,Fast Food,Lunch","130670309015",4
25416533,"restaurant_25","GA","Limited-Service Restaurants","Breakfast,Burgers,Counter Service,Dinner,Drive Through,Fast Food,Lunch","130670302241",4
25416534,"restaurant_25","GA","Limited-Service Restaurants","Breakfast,Burgers,Counter Service,Dinner,Drive Through,Fast Food,Lunch","130670302153",4
25416535,"restaurant_25","GA","Limited-Service Restaurants","Breakfast,Burgers,Counter Service,Dinner,Drive Through,Fast Food,Lunch","130670302092",4
25416536,"restaurant_25","GA","Limited-Service Restaurants","Breakfast,Burgers,Counter Service,Dinner,Drive Through,Fast Food,Lunch","130670301033",4
25416537,"restaurant_25","GA","Limited-Service Restaurants","Breakfast,Burgers,Counter Service,Dinner,Drive Through,Fast Food,Lunch","130670303364",4
25416538,"restaurant_25","GA","Limited-Service Restaurants","Breakfast,Burgers,Counter Service,Dinner,Drive Through,Fast Food,Lunch","132231201011",4
25416539,"restaurant_25","GA","Limited-Service Restaurants","Breakfast,Burgers,Counter Service,Dinner,Drive Through,Fast Food,Lunch","130670302261",4
25416540,"restaurant_25","GA","Limited-Service Restaurants","Breakfast,Burgers,Counter Service,Dinner,Drive Through,Fast Food,Lunch","130670315032",4
25416541,"restaurant_25","GA","Limited-Service Restaurants","Breakfast,Burgers,Counter Service,Dinner,Drive Through,Fast Food,Lunch","132231203023",4
25416542,"restaurant_25","GA","Limited-Service Restaurants","Breakfast,Burgers,Counter Service,Dinner,Drive Through,Fast Food,Lunch","132231201013",4
25416543,"restaurant_25","GA","Limited-Service Restaurants","Breakfast,Burgers,Counter Service,Dinner,Drive Through,Fast Food,Lunch","130670306022",4
25416544,"restaurant_25","GA","Limited-Service Restaurants","Breakfast,Burgers,Counter Service,Dinner,Drive Through,Fast Food,Lunch","132231201012",4
25416545,"restaurant_25","GA","Limited-Service Restaurants","Breakfast,Burgers,Counter Service,Dinner,Drive Through,Fast Food,Lunch","130670314063",4
25416546,"restaurant_25","GA","Limited-Service Restaurants","Breakfast,Burgers,Counter Service,Dinner,Drive Through,Fast Food,Lunch","130670307001",4
25416547,"restaurant_25","GA","Limited-Service Restaurants","Breakfast,Burgers,Counter Service,Dinner,Drive Through,Fast Food,Lunch","130670309013",4
25416548,"restaurant_25","GA","Limited-Service Restaurants","Breakfast,Burgers,Counter Service,Dinner,Drive Through,Fast Food,Lunch","130670302393",4
25416549,"restaurant_25","GA","Limited-Service Restaurants","Breakfast,Burgers,Counter Service,Dinner,Drive Through,Fast Food,Lunch","130670302272",4
25416550,"restaurant_25","GA","Limited-Service Restaurants","Breakfast,Burgers,Counter Service,Dinner,Drive Through,Fast Food,Lunch","130670306024",4
25416551,"restaurant_25","GA","Limited-Service Restaurants","Breakfast,Burgers,Counter Service,Dinner,Drive Through,Fast Food,Lunch","130670305061",4
25416552,"restaurant_25","GA","Limited-Service Restaurants","Breakfast,Burgers,Counter Service,Dinner,Drive Through,Fast Food,Lunch","130670305054",4
25416553,"restaurant_25","GA","Limited-Service Restaurants","Breakfast,Burgers,Counter Service,Dinner,Drive Through,Fast Food,Lunch","130630405162",4
25416554,"restaurant_25","GA","Limited-Service Restaurants","Breakfast,Burgers,Counter Service,Dinner,Drive Through,Fast Food,Lunch","130670302282",4
25416555,"restaurant_25","GA","Limited-Service Restaurants","Breakfast,Burgers,Counter Service,Dinner,Drive Through,Fast Food,Lunch","130670302312",4
25416556,"restaurant_25","GA","Limited-Service Restaurants","Breakfast,Burgers,Counter Service,Dinner,Drive Through,Fast Food,Lunch","130670302381",4
25416557,"restaurant_25","GA","Limited-Service Restaurants","Breakfast,Burgers,Counter Service,Dinner,Drive Through,Fast Food,Lunch","130570910084",4
25416558,"restaurant_25","GA","Limited-Service Restaurants","Breakfast,Burgers,Counter Service,Dinner,Drive Through,Fast Food,Lunch","130670302271",4
25416559,"restaurant_25","GA","Limited-Service Restaurants","Breakfast,Burgers,Counter Service,Dinner,Drive Through,Fast Food,Lunch","130159606005",4
25416560,"restaurant_25","GA","Limited-Service Restaurants","Breakfast,Burgers,Counter Service,Dinner,Drive Through,Fast Food,Lunch","130670301032",4
25416561,"restaurant_25","GA","Limited-Service Restaurants","Breakfast,Burgers,Counter Service,Dinner,Drive Through,Fast Food,Lunch","130159609021",4
25416562,"restaurant_25","GA","Limited-Service Restaurants","Breakfast,Burgers,Counter Service,Dinner,Drive Through,Fast Food,Lunch","130670302314",4
25737388,"restaurant_51","FL","Full-Service Restaurants","Bar or Pub,Late Night,Mexican Food","120890503013",22
25737389,"restaurant_51","FL","Full-Service Restaurants","Bar or Pub,Late Night,Mexican Food","120890503032",16
25737390,"restaurant_51","FL","Full-Service Restaurants","Bar or Pub,Late Night,Mexican Food","120890503023",11
25737391,"restaurant_51","FL","Full-Service Restaurants","Bar or Pub,Late Night,Mexican Food","120890503031",10
25737392,"restaurant_51","FL","Full-Service Restaurants","Bar or Pub,Late Night,Mexican Food","120890503033",9
25737393,"restaurant_51","FL","Full-Service Restaurants","Bar or Pub,Late Night,Mexican Food","120890503011",7
25737394,"restaurant_51","FL","Full-Service Restaurants","Bar or Pub,Late Night,Mexican Food","120890503021",5
25737395,"restaurant_51","FL","Full-Service Restaurants","Bar or Pub,Late Night,Mexican Food","120890503022",4
25737396,"restaurant_51","FL","Full-Service Restaurants","Bar or Pub,Late Night,Mexican Food","120310103012",4
25737397,"restaurant_51","FL","Full-Service Restaurants","Bar or Pub,Late Night,Mexican Food","120890504004",4
25737398,"restaurant_51","FL","Full-Service Restaurants","Bar or Pub,Late Night,Mexican Food","120890501015",4
25737399,"restaurant_51","FL","Full-Service Restaurants","Bar or Pub,Late Night,Mexican Food","120310103041",4
25737400,"restaurant_51","FL","Full-Service Restaurants","Bar or Pub,Late Night,Mexican Food","120890503012",4
25737401,"restaurant_51","FL","Full-Service Restaurants","Bar or Pub,Late Night,Mexican Food","120890501021",4
25737402,"restaurant_51","FL","Full-Service Restaurants","Bar or Pub,Late Night,Mexican Food","120890505031",4
25737403,"restaurant_51","FL","Full-Service Restaurants","Bar or Pub,Late Night,Mexican Food","120890501011",4
25737404,"restaurant_51","FL","Full-Service Restaurants","Bar or Pub,Late Night,Mexican Food","120890502024",4
25737405,"restaurant_51","FL","Full-Service Restaurants","Bar or Pub,Late Night,Mexican Food","120890502022",4
25737406,"restaurant_51","FL","Full-Service Restaurants","Bar or Pub,Late Night,Mexican Food","120310143321",4
25737407,"restaurant_51","FL","Full-Service Restaurants","Bar or Pub,Late Night,Mexican Food","120310101012",4
25737408,"restaurant_51","FL","Full-Service Restaurants","Bar or Pub,Late Night,Mexican Food","120890502032",4
25737409,"restaurant_51","FL","Full-Service Restaurants","Bar or Pub,Late Night,Mexican Food","120890502021",4
25737410,"restaurant_51","FL","Full-Service Restaurants","Bar or Pub,Late Night,Mexican Food","120890505033",4
25737411,"restaurant_51","FL","Full-Service Restaurants","Bar or Pub,Late Night,Mexican Food","120310103031",4
25884068,"restaurant_46","FL","Limited-Service Restaurants","Bar or Pub,Burgers,Deli,Late Night","120090646022",25
25884069,"restaurant_46","FL","Limited-Service Restaurants","Bar or Pub,Burgers,Deli,Late Night","120090646012",10
25884070,"restaurant_46","FL","Limited-Service Restaurants","Bar or Pub,Burgers,Deli,Late Night","120090644003",8
25884071,"restaurant_46","FL","Limited-Service Restaurants","Bar or Pub,Burgers,Deli,Late Night","120090641022",8
25884072,"restaurant_46","FL","Limited-Service Restaurants","Bar or Pub,Burgers,Deli,Late Night","120090644001",7
25884073,"restaurant_46","FL","Limited-Service Restaurants","Bar or Pub,Burgers,Deli,Late Night","120090713391",7
25884074,"restaurant_46","FL","Limited-Service Restaurants","Bar or Pub,Burgers,Deli,Late Night","120090646011",7
25884075,"restaurant_46","FL","Limited-Service Restaurants","Bar or Pub,Burgers,Deli,Late Night","120090713362",6
25884076,"restaurant_46","FL","Limited-Service Restaurants","Bar or Pub,Burgers,Deli,Late Night","120090650011",6
25884077,"restaurant_46","FL","Limited-Service Restaurants","Bar or Pub,Burgers,Deli,Late Night","120090650221",6
25884078,"restaurant_46","FL","Limited-Service Restaurants","Bar or Pub,Burgers,Deli,Late Night","120090641252",5
25884079,"restaurant_46","FL","Limited-Service Restaurants","Bar or Pub,Burgers,Deli,Late Night","120090713321",5
25884080,"restaurant_46","FL","Limited-Service Restaurants","Bar or Pub,Burgers,Deli,Late Night","120090641261",5
25884081,"restaurant_46","FL","Limited-Service Restaurants","Bar or Pub,Burgers,Deli,Late Night","120090644002",5
25884082,"restaurant_46","FL","Limited-Service Restaurants","Bar or Pub,Burgers,Deli,Late Night","120090641251",4
25884083,"restaurant_46","FL","Limited-Service Restaurants","Bar or Pub,Burgers,Deli,Late Night","120090650212",4
25884084,"restaurant_46","FL","Limited-Service Restaurants","Bar or Pub,Burgers,Deli,Late Night","120090645002",4
25884085,"restaurant_46","FL","Limited-Service Restaurants","Bar or Pub,Burgers,Deli,Late Night","120090645001",4
25884086,"restaurant_46","FL","Limited-Service Restaurants","Bar or Pub,Burgers,Deli,Late Night","120090652021",4
25884087,"restaurant_46","FL","Limited-Service Restaurants","Bar or Pub,Burgers,Deli,Late Night","120090641233",4
25884088,"restaurant_46","FL","Limited-Service Restaurants","Bar or Pub,Burgers,Deli,Late Night","120090641242",4
25884089,"restaurant_46","FL","Limited-Service Restaurants","Bar or Pub,Burgers,Deli,Late Night","120090713404",4
25884090,"restaurant_46","FL","Limited-Service Restaurants","Bar or Pub,Burgers,Deli,Late Night","120090647002",4
25884091,"restaurant_46","FL","Limited-Service Restaurants","Bar or Pub,Burgers,Deli,Late Night","120090713341",4
25884092,"restaurant_46","FL","Limited-Service Restaurants","Bar or Pub,Burgers,Deli,Late Night","120090631073",4
25884093,"restaurant_46","FL","Limited-Service Restaurants","Bar or Pub,Burgers,Deli,Late Night","120090643013",4
25884094,"restaurant_46","FL","Limited-Service Restaurants","Bar or Pub,Burgers,Deli,Late Night","120090664003",4
25884095,"restaurant_46","FL","Limited-Service Restaurants","Bar or Pub,Burgers,Deli,Late Night","120090713363",4
25884096,"restaurant_46","FL","Limited-Service Restaurants","Bar or Pub,Burgers,Deli,Late Night","120090669004",4
25884097,"restaurant_46","FL","Limited-Service Restaurants","Bar or Pub,Burgers,Deli,Late Night","120090641241",4
25884098,"restaurant_46","FL","Limited-Service Restaurants","Bar or Pub,Burgers,Deli,Late Night","120090713351",4
25884099,"restaurant_46","FL","Limited-Service Restaurants","Bar or Pub,Burgers,Deli,Late Night","120090651241",4
25884100,"restaurant_46","FL","Limited-Service Restaurants","Bar or Pub,Burgers,Deli,Late Night","120090641021",4
25884101,"restaurant_46","FL","Limited-Service Restaurants","Bar or Pub,Burgers,Deli,Late Night","120090643021",4
25884102,"restaurant_46","FL","Limited-Service Restaurants","Bar or Pub,Burgers,Deli,Late Night","120090641231",4
25884103,"restaurant_46","FL","Limited-Service Restaurants","Bar or Pub,Burgers,Deli,Late Night","120090713222",4
25884104,"restaurant_46","FL","Limited-Service Restaurants","Bar or Pub,Burgers,Deli,Late Night","120090661031",4
25884105,"restaurant_46","FL","Limited-Service Restaurants","Bar or Pub,Burgers,Deli,Late Night","120090642021",4
25884106,"restaurant_46","FL","Limited-Service Restaurants","Bar or Pub,Burgers,Deli,Late Night","120090651212",4
25884107,"restaurant_46","FL","Limited-Service Restaurants","Bar or Pub,Burgers,Deli,Late Night","120090646013",4
25884108,"restaurant_46","FL","Limited-Service Restaurants","Bar or Pub,Burgers,Deli,Late Night","120090641274",4
25884109,"restaurant_46","FL","Limited-Service Restaurants","Bar or Pub,Burgers,Deli,Late Night","120970433021",4
25884110,"restaurant_46","FL","Limited-Service Restaurants","Bar or Pub,Burgers,Deli,Late Night","120090713382",4
25884111,"restaurant_46","FL","Limited-Service Restaurants","Bar or Pub,Burgers,Deli,Late Night","120090713352",4
25884112,"restaurant_46","FL","Limited-Service Restaurants","Bar or Pub,Burgers,Deli,Late Night","120090641272",4
25884113,"restaurant_46","FL","Limited-Service Restaurants","Bar or Pub,Burgers,Deli,Late Night","120090713403",4
25884114,"restaurant_46","FL","Limited-Service Restaurants","Bar or Pub,Burgers,Deli,Late Night","120090714003",4
25884115,"restaurant_46","FL","Limited-Service Restaurants","Bar or Pub,Burgers,Deli,Late Night","120090666002",4
25884116,"restaurant_46","FL","Limited-Service Restaurants","Bar or Pub,Burgers,Deli,Late Night","120090631052",4
27091385,"restaurant_99","IA","Limited-Service Restaurants","Breakfast,Burgers,Counter Service,Dinner,Drive Through,Fast Food,Lunch","191279504002",9
27091386,"restaurant_99","IA","Limited-Service Restaurants","Breakfast,Burgers,Counter Service,Dinner,Drive Through,Fast Food,Lunch","191279508001",9
27091387,"restaurant_99","IA","Limited-Service Restaurants","Breakfast,Burgers,Counter Service,Dinner,Drive Through,Fast Food,Lunch","191279508006",7
27091388,"restaurant_99","IA","Limited-Service Restaurants","Breakfast,Burgers,Counter Service,Dinner,Drive Through,Fast Food,Lunch","191279508004",6
27091389,"restaurant_99","IA","Limited-Service Restaurants","Breakfast,Burgers,Counter Service,Dinner,Drive Through,Fast Food,Lunch","191279510003",6
27091390,"restaurant_99","IA","Limited-Service Restaurants","Breakfast,Burgers,Counter Service,Dinner,Drive Through,Fast Food,Lunch","191279509004",5
27091391,"restaurant_99","IA","Limited-Service Restaurants","Breakfast,Burgers,Counter Service,Dinner,Drive Through,Fast Food,Lunch","191279508005",5
27091392,"restaurant_99","IA","Limited-Service Restaurants","Breakfast,Burgers,Counter Service,Dinner,Drive Through,Fast Food,Lunch","191279501003",4
27091393,"restaurant_99","IA","Limited-Service Restaurants","Breakfast,Burgers,Counter Service,Dinner,Drive Through,Fast Food,Lunch","191712904002",4
27091394,"restaurant_99","IA","Limited-Service Restaurants","Breakfast,Burgers,Counter Service,Dinner,Drive Through,Fast Food,Lunch","191279503004",4
27091395,"restaurant_99","IA","Limited-Service Restaurants","Breakfast,Burgers,Counter Service,Dinner,Drive Through,Fast Food,Lunch","191712904003",4
27091396,"restaurant_99","IA","Limited-Service Restaurants","Breakfast,Burgers,Counter Service,Dinner,Drive Through,Fast Food,Lunch","191279504003",4
27091397,"restaurant_99","IA","Limited-Service Restaurants","Breakfast,Burgers,Counter Service,Dinner,Drive Through,Fast Food,Lunch","191279506002",4
27091398,"restaurant_99","IA","Limited-Service Restaurants","Breakfast,Burgers,Counter Service,Dinner,Drive Through,Fast Food,Lunch","190759604002",4
27091399,"restaurant_99","IA","Limited-Service Restaurants","Breakfast,Burgers,Counter Service,Dinner,Drive Through,Fast Food,Lunch","191279501002",4
27091400,"restaurant_99","IA","Limited-Service Restaurants","Breakfast,Burgers,Counter Service,Dinner,Drive Through,Fast Food,Lunch","191279509002",4
27091401,"restaurant_99","IA","Limited-Service Restaurants","Breakfast,Burgers,Counter Service,Dinner,Drive Through,Fast Food,Lunch","191279507004",4
27091402,"restaurant_99","IA","Limited-Service Restaurants","Breakfast,Burgers,Counter Service,Dinner,Drive Through,Fast Food,Lunch","191279504001",4
27091403,"restaurant_99","IA","Limited-Service Restaurants","Breakfast,Burgers,Counter Service,Dinner,Drive Through,Fast Food,Lunch","191279506005",4
27091404,"restaurant_99","IA","Limited-Service Restaurants","Breakfast,Burgers,Counter Service,Dinner,Drive Through,Fast Food,Lunch","191279507001",4
27091405,"restaurant_99","IA","Limited-Service Restaurants","Breakfast,Burgers,Counter Service,Dinner,Drive Through,Fast Food,Lunch","191712905001",4
27091406,"restaurant_99","IA","Limited-Service Restaurants","Breakfast,Burgers,Counter Service,Dinner,Drive Through,Fast Food,Lunch","191573704003",4
27091407,"restaurant_99","IA","Limited-Service Restaurants","Breakfast,Burgers,Counter Service,Dinner,Drive Through,Fast Food,Lunch","191279505003",4
27091408,"restaurant_99","IA","Limited-Service Restaurants","Breakfast,Burgers,Counter Service,Dinner,Drive Through,Fast Food,Lunch","191279509003",4
27091409,"restaurant_99","IA","Limited-Service Restaurants","Breakfast,Burgers,Counter Service,Dinner,Drive Through,Fast Food,Lunch","191712903001",4
27091410,"restaurant_99","IA","Limited-Service Restaurants","Breakfast,Burgers,Counter Service,Dinner,Drive Through,Fast Food,Lunch","190759604001",4
27091411,"restaurant_99","IA","Limited-Service Restaurants","Breakfast,Burgers,Counter Service,Dinner,Drive Through,Fast Food,Lunch","191573702001",4
27091412,"restaurant_99","IA","Limited-Service Restaurants","Breakfast,Burgers,Counter Service,Dinner,Drive Through,Fast Food,Lunch","190990401004",4
27091413,"restaurant_99","IA","Limited-Service Restaurants","Breakfast,Burgers,Counter Service,Dinner,Drive Through,Fast Food,Lunch","191279505002",4
27091414,"restaurant_99","IA","Limited-Service Restaurants","Breakfast,Burgers,Counter Service,Dinner,Drive Through,Fast Food,Lunch","191279502002",4
27091415,"restaurant_99","IA","Limited-Service Restaurants","Breakfast,Burgers,Counter Service,Dinner,Drive Through,Fast Food,Lunch","191279504004",4
27557752,"restaurant_81","FL","Full-Service Restaurants","Chicken Wings,Pizza,Sandwich Shop","120810020133",25
27557753,"restaurant_81","FL","Full-Service Restaurants","Chicken Wings,Pizza,Sandwich Shop","120810020112",14
27557754,"restaurant_81","FL","Full-Service Restaurants","Chicken Wings,Pizza,Sandwich Shop","120810020111",9
27557755,"restaurant_81","FL","Full-Service Restaurants","Chicken Wings,Pizza,Sandwich Shop","120810020033",8
27557756,"restaurant_81","FL","Full-Service Restaurants","Chicken Wings,Pizza,Sandwich Shop","120810020141",7
27557757,"restaurant_81","FL","Full-Service Restaurants","Chicken Wings,Pizza,Sandwich Shop","120810020031",7
27557758,"restaurant_81","FL","Full-Service Restaurants","Chicken Wings,Pizza,Sandwich Shop","120810020071",6
27557759,"restaurant_81","FL","Full-Service Restaurants","Chicken Wings,Pizza,Sandwich Shop","120810020032",6
27557760,"restaurant_81","FL","Full-Service Restaurants","Chicken Wings,Pizza,Sandwich Shop","120810020151",5
27557761,"restaurant_81","FL","Full-Service Restaurants","Chicken Wings,Pizza,Sandwich Shop","120810020131",5
27557762,"restaurant_81","FL","Full-Service Restaurants","Chicken Wings,Pizza,Sandwich Shop","120810016013",5
27557763,"restaurant_81","FL","Full-Service Restaurants","Chicken Wings,Pizza,Sandwich Shop","120810019122",4
27557764,"restaurant_81","FL","Full-Service Restaurants","Chicken Wings,Pizza,Sandwich Shop","120810020122",4
27557765,"restaurant_81","FL","Full-Service Restaurants","Chicken Wings,Pizza,Sandwich Shop","120810012022",4
27557766,"restaurant_81","FL","Full-Service Restaurants","Chicken Wings,Pizza,Sandwich Shop","120810007051",4
27557767,"restaurant_81","FL","Full-Service Restaurants","Chicken Wings,Pizza,Sandwich Shop","120570140021",4
27557768,"restaurant_81","FL","Full-Service Restaurants","Chicken Wings,Pizza,Sandwich Shop","120810020072",4
27557769,"restaurant_81","FL","Full-Service Restaurants","Chicken Wings,Pizza,Sandwich Shop","120810019101",4
27557770,"restaurant_81","FL","Full-Service Restaurants","Chicken Wings,Pizza,Sandwich Shop","121150014012",4
27557771,"restaurant_81","FL","Full-Service Restaurants","Chicken Wings,Pizza,Sandwich Shop","120860182001",4
27557772,"restaurant_81","FL","Full-Service Restaurants","Chicken Wings,Pizza,Sandwich Shop","120810014031",4
27557773,"restaurant_81","FL","Full-Service Restaurants","Chicken Wings,Pizza,Sandwich Shop","120810003071",4
27557774,"restaurant_81","FL","Full-Service Restaurants","Chicken Wings,Pizza,Sandwich Shop","120810007032",4
27557775,"restaurant_81","FL","Full-Service Restaurants","Chicken Wings,Pizza,Sandwich Shop","120810004032",4
27557776,"restaurant_81","FL","Full-Service Restaurants","Chicken Wings,Pizza,Sandwich Shop","120810020142",4
27557777,"restaurant_81","FL","Full-Service Restaurants","Chicken Wings,Pizza,Sandwich Shop","120810020171",4
27557778,"restaurant_81","FL","Full-Service Restaurants","Chicken Wings,Pizza,Sandwich Shop","120810019073",4
27557779,"restaurant_81","FL","Full-Service Restaurants","Chicken Wings,Pizza,Sandwich Shop","120810005013",4
27557780,"restaurant_81","FL","Full-Service Restaurants","Chicken Wings,Pizza,Sandwich Shop","120810020051",4
27557781,"restaurant_81","FL","Full-Service Restaurants","Chicken Wings,Pizza,Sandwich Shop","120570138071",4
27557782,"restaurant_81","FL","Full-Service Restaurants","Chicken Wings,Pizza,Sandwich Shop","120810001053",4
27557783,"restaurant_81","FL","Full-Service Restaurants","Chicken Wings,Pizza,Sandwich Shop","120810020082",4
27557784,"restaurant_81","FL","Full-Service Restaurants","Chicken Wings,Pizza,Sandwich Shop","121150012041",4
27557785,"restaurant_81","FL","Full-Service Restaurants","Chicken Wings,Pizza,Sandwich Shop","120810019082",4
27557786,"restaurant_81","FL","Full-Service Restaurants","Chicken Wings,Pizza,Sandwich Shop","120810007042",4
27557787,"restaurant_81","FL","Full-Service Restaurants","Chicken Wings,Pizza,Sandwich Shop","120810013001",4
27557788,"restaurant_81","FL","Full-Service Restaurants","Chicken Wings,Pizza,Sandwich Shop","120499704003",4
27557789,"restaurant_81","FL","Full-Service Restaurants","Chicken Wings,Pizza,Sandwich Shop","120810005011",4
27557790,"restaurant_81","FL","Full-Service Restaurants","Chicken Wings,Pizza,Sandwich Shop","120810020081",4
27686619,"restaurant_15","TX","Full-Service Restaurants","BBQ and Southern Food,Burgers","481872108031",4
28028652,"restaurant_94","TX","Snack and Nonalcoholic Beverage Bars","Bakery,Cafeteria,Catering,Counter Service,Dessert,Snacks","481677256003",10
28028653,"restaurant_94","TX","Snack and Nonalcoholic Beverage Bars","Bakery,Cafeteria,Catering,Counter Service,Dessert,Snacks","481677257001",8
28028654,"restaurant_94","TX","Snack and Nonalcoholic Beverage Bars","Bakery,Cafeteria,Catering,Counter Service,Dessert,Snacks","481677261002",5
28028655,"restaurant_94","TX","Snack and Nonalcoholic Beverage Bars","Bakery,Cafeteria,Catering,Counter Service,Dessert,Snacks","481677241011",4
28028656,"restaurant_94","TX","Snack and Nonalcoholic Beverage Bars","Bakery,Cafeteria,Catering,Counter Service,Dessert,Snacks","481677257002",4
28028657,"restaurant_94","TX","Snack and Nonalcoholic Beverage Bars","Bakery,Cafeteria,Catering,Counter Service,Dessert,Snacks","481677258003",4
28028658,"restaurant_94","TX","Snack and Nonalcoholic Beverage Bars","Bakery,Cafeteria,Catering,Counter Service,Dessert,Snacks","481677245001",4
28028659,"restaurant_94","TX","Snack and Nonalcoholic Beverage Bars","Bakery,Cafeteria,Catering,Counter Service,Dessert,Snacks","481677259001",4
28028660,"restaurant_94","TX","Snack and Nonalcoholic Beverage Bars","Bakery,Cafeteria,Catering,Counter Service,Dessert,Snacks","481677261001",4
28028661,"restaurant_94","TX","Snack and Nonalcoholic Beverage Bars","Bakery,Cafeteria,Catering,Counter Service,Dessert,Snacks","481677254002",4
28028662,"restaurant_94","TX","Snack and Nonalcoholic Beverage Bars","Bakery,Cafeteria,Catering,Counter Service,Dessert,Snacks","481677240001",4
28028663,"restaurant_94","TX","Snack and Nonalcoholic Beverage Bars","Bakery,Cafeteria,Catering,Counter Service,Dessert,Snacks","480610102033",4
28028664,"restaurant_94","TX","Snack and Nonalcoholic Beverage Bars","Bakery,Cafeteria,Catering,Counter Service,Dessert,Snacks","481677243004",4
28028665,"restaurant_94","TX","Snack and Nonalcoholic Beverage Bars","Bakery,Cafeteria,Catering,Counter Service,Dessert,Snacks","481677220012",4
28028666,"restaurant_94","TX","Snack and Nonalcoholic Beverage Bars","Bakery,Cafeteria,Catering,Counter Service,Dessert,Snacks","481677253001",4
28028667,"restaurant_94","TX","Snack and Nonalcoholic Beverage Bars","Bakery,Cafeteria,Catering,Counter Service,Dessert,Snacks","481677248002",4
28028668,"restaurant_94","TX","Snack and Nonalcoholic Beverage Bars","Bakery,Cafeteria,Catering,Counter Service,Dessert,Snacks","481677250001",4
28028669,"restaurant_94","TX","Snack and Nonalcoholic Beverage Bars","Bakery,Cafeteria,Catering,Counter Service,Dessert,Snacks","481677258002",4
28028670,"restaurant_94","TX","Snack and Nonalcoholic Beverage Bars","Bakery,Cafeteria,Catering,Counter Service,Dessert,Snacks","481677256002",4
28028671,"restaurant_94","TX","Snack and Nonalcoholic Beverage Bars","Bakery,Cafeteria,Catering,Counter Service,Dessert,Snacks","481677235024",4
28028672,"restaurant_94","TX","Snack and Nonalcoholic Beverage Bars","Bakery,Cafeteria,Catering,Counter Service,Dessert,Snacks","481677217006",4
28028673,"restaurant_94","TX","Snack and Nonalcoholic Beverage Bars","Bakery,Cafeteria,Catering,Counter Service,Dessert,Snacks","483610223001",4
28028674,"restaurant_94","TX","Snack and Nonalcoholic Beverage Bars","Bakery,Cafeteria,Catering,Counter Service,Dessert,Snacks","481677256004",4
28028675,"restaurant_94","TX","Snack and Nonalcoholic Beverage Bars","Bakery,Cafeteria,Catering,Counter Service,Dessert,Snacks","481677254003",4
28028676,"restaurant_94","TX","Snack and Nonalcoholic Beverage Bars","Bakery,Cafeteria,Catering,Counter Service,Dessert,Snacks","481677241012",4
28028677,"restaurant_94","TX","Snack and Nonalcoholic Beverage Bars","Bakery,Cafeteria,Catering,Counter Service,Dessert,Snacks","481677227004",4
28028678,"restaurant_94","TX","Snack and Nonalcoholic Beverage Bars","Bakery,Cafeteria,Catering,Counter Service,Dessert,Snacks","482013340033",4
28028679,"restaurant_94","TX","Snack and Nonalcoholic Beverage Bars","Bakery,Cafeteria,Catering,Counter Service,Dessert,Snacks","481677259002",4
28028680,"restaurant_94","TX","Snack and Nonalcoholic Beverage Bars","Bakery,Cafeteria,Catering,Counter Service,Dessert,Snacks","481677252001",4
28533360,"restaurant_23","SC","Snack and Nonalcoholic Beverage Bars","Donut Shop","450130021073",4
28912441,"restaurant_85","CA","Limited-Service Restaurants","Breakfast,Burgers,Counter Service,Dinner,Drive Through,Fast Food,Lunch","060610216031",21
28912442,"restaurant_85","CA","Limited-Service Restaurants","Breakfast,Burgers,Counter Service,Dinner,Drive Through,Fast Food,Lunch","060610215012",20
28912443,"restaurant_85","CA","Limited-Service Restaurants","Breakfast,Burgers,Counter Service,Dinner,Drive Through,Fast Food,Lunch","060610218022",18
28912444,"restaurant_85","CA","Limited-Service Restaurants","Breakfast,Burgers,Counter Service,Dinner,Drive Through,Fast Food,Lunch","060610218021",14
28912445,"restaurant_85","CA","Limited-Service Restaurants","Breakfast,Burgers,Counter Service,Dinner,Drive Through,Fast Food,Lunch","060610215021",12
28912446,"restaurant_85","CA","Limited-Service Restaurants","Breakfast,Burgers,Counter Service,Dinner,Drive Through,Fast Food,Lunch","060610216042",8
28912447,"restaurant_85","CA","Limited-Service Restaurants","Breakfast,Burgers,Counter Service,Dinner,Drive Through,Fast Food,Lunch","060610203001",8
28912448,"restaurant_85","CA","Limited-Service Restaurants","Breakfast,Burgers,Counter Service,Dinner,Drive Through,Fast Food,Lunch","060610218024",8
28912449,"restaurant_85","CA","Limited-Service Restaurants","Breakfast,Burgers,Counter Service,Dinner,Drive Through,Fast Food,Lunch","060570001022",8
28912450,"restaurant_85","CA","Limited-Service Restaurants","Breakfast,Burgers,Counter Service,Dinner,Drive Through,Fast Food,Lunch","060570001036",7
28912451,"restaurant_85","CA","Limited-Service Restaurants","Breakfast,Burgers,Counter Service,Dinner,Drive Through,Fast Food,Lunch","060610203003",6
28912452,"restaurant_85","CA","Limited-Service Restaurants","Breakfast,Burgers,Counter Service,Dinner,Drive Through,Fast Food,Lunch","060610216032",6
28912453,"restaurant_85","CA","Limited-Service Restaurants","Breakfast,Burgers,Counter Service,Dinner,Drive Through,Fast Food,Lunch","060610219022",6
28912454,"restaurant_85","CA","Limited-Service Restaurants","Breakfast,Burgers,Counter Service,Dinner,Drive Through,Fast Food,Lunch","060570001053",5
28912455,"restaurant_85","CA","Limited-Service Restaurants","Breakfast,Burgers,Counter Service,Dinner,Drive Through,Fast Food,Lunch","060610218023",5
28912456,"restaurant_85","CA","Limited-Service Restaurants","Breakfast,Burgers,Counter Service,Dinner,Drive Through,Fast Food,Lunch","060570001037",5
28912457,"restaurant_85","CA","Limited-Service Restaurants","Breakfast,Burgers,Counter Service,Dinner,Drive Through,Fast Food,Lunch","060570001035",5
28912458,"restaurant_85","CA","Limited-Service Restaurants","Breakfast,Burgers,Counter Service,Dinner,Drive Through,Fast Food,Lunch","060610220023",5
28912459,"restaurant_85","CA","Limited-Service Restaurants","Breakfast,Burgers,Counter Service,Dinner,Drive Through,Fast Food,Lunch","060570001042",5
28912460,"restaurant_85","CA","Limited-Service Restaurants","Breakfast,Burgers,Counter Service,Dinner,Drive Through,Fast Food,Lunch","060610204011",5
28912461,"restaurant_85","CA","Limited-Service Restaurants","Breakfast,Burgers,Counter Service,Dinner,Drive Through,Fast Food,Lunch","060570002002",5
28912462,"restaurant_85","CA","Limited-Service Restaurants","Breakfast,Burgers,Counter Service,Dinner,Drive Through,Fast Food,Lunch","060170306011",5
28912463,"restaurant_85","CA","Limited-Service Restaurants","Breakfast,Burgers,Counter Service,Dinner,Drive Through,Fast Food,Lunch","060570001033",5
28912464,"restaurant_85","CA","Limited-Service Restaurants","Breakfast,Burgers,Counter Service,Dinner,Drive Through,Fast Food,Lunch","060610202001",5
28912465,"restaurant_85","CA","Limited-Service Restaurants","Breakfast,Burgers,Counter Service,Dinner,Drive Through,Fast Food,Lunch","060570001023",4
28912466,"restaurant_85","CA","Limited-Service Restaurants","Breakfast,Burgers,Counter Service,Dinner,Drive Through,Fast Food,Lunch","060610219021",4
28912467,"restaurant_85","CA","Limited-Service Restaurants","Breakfast,Burgers,Counter Service,Dinner,Drive Through,Fast Food,Lunch","060570004022",4
28912468,"restaurant_85","CA","Limited-Service Restaurants","Breakfast,Burgers,Counter Service,Dinner,Drive Through,Fast Food,Lunch","060170306012",4
28912469,"restaurant_85","CA","Limited-Service Restaurants","Breakfast,Burgers,Counter Service,Dinner,Drive Through,Fast Food,Lunch","060610220022",4
28912470,"restaurant_85","CA","Limited-Service Restaurants","Breakfast,Burgers,Counter Service,Dinner,Drive Through,Fast Food,Lunch","060610203002",4
28912471,"restaurant_85","CA","Limited-Service Restaurants","Breakfast,Burgers,Counter Service,Dinner,Drive Through,Fast Food,Lunch","060570001024",4
28912472,"restaurant_85","CA","Limited-Service Restaurants","Breakfast,Burgers,Counter Service,Dinner,Drive Through,Fast Food,Lunch","060816046001",4
28912473,"restaurant_85","CA","Limited-Service Restaurants","Breakfast,Burgers,Counter Service,Dinner,Drive Through,Fast Food,Lunch","060570001034",4
28912474,"restaurant_85","CA","Limited-Service Restaurants","Breakfast,Burgers,Counter Service,Dinner,Drive Through,Fast Food,Lunch","060570001043",4
28912475,"restaurant_85","CA","Limited-Service Restaurants","Breakfast,Burgers,Counter Service,Dinner,Drive Through,Fast Food,Lunch","060610218012",4
28912476,"restaurant_85","CA","Limited-Service Restaurants","Breakfast,Burgers,Counter Service,Dinner,Drive Through,Fast Food,Lunch","060570006001",4
28912477,"restaurant_85","CA","Limited-Service Restaurants","Breakfast,Burgers,Counter Service,Dinner,Drive Through,Fast Food,Lunch","060570002001",4
28912478,"restaurant_85","CA","Limited-Service Restaurants","Breakfast,Burgers,Counter Service,Dinner,Drive Through,Fast Food,Lunch","060610220131",4
28912479,"restaurant_85","CA","Limited-Service Restaurants","Breakfast,Burgers,Counter Service,Dinner,Drive Through,Fast Food,Lunch","060610207171",4
28912480,"restaurant_85","CA","Limited-Service Restaurants","Breakfast,Burgers,Counter Service,Dinner,Drive Through,Fast Food,Lunch","060290005052",4
28912481,"restaurant_85","CA","Limited-Service Restaurants","Breakfast,Burgers,Counter Service,Dinner,Drive Through,Fast Food,Lunch","060610204022",4
28912482,"restaurant_85","CA","Limited-Service Restaurants","Breakfast,Burgers,Counter Service,Dinner,Drive Through,Fast Food,Lunch","060610219011",4
28912483,"restaurant_85","CA","Limited-Service Restaurants","Breakfast,Burgers,Counter Service,Dinner,Drive Through,Fast Food,Lunch","060570006002",4
28912484,"restaurant_85","CA","Limited-Service Restaurants","Breakfast,Burgers,Counter Service,Dinner,Drive Through,Fast Food,Lunch","060610218011",4
28912485,"restaurant_85","CA","Limited-Service Restaurants","Breakfast,Burgers,Counter Service,Dinner,Drive Through,Fast Food,Lunch","060610211062",4
28912486,"restaurant_85","CA","Limited-Service Restaurants","Breakfast,Burgers,Counter Service,Dinner,Drive Through,Fast Food,Lunch","060570004021",4
28912487,"restaurant_85","CA","Limited-Service Restaurants","Breakfast,Burgers,Counter Service,Dinner,Drive Through,Fast Food,Lunch","060170306024",4
28912488,"restaurant_85","CA","Limited-Service Restaurants","Breakfast,Burgers,Counter Service,Dinner,Drive Through,Fast Food,Lunch","060610213043",4
28912489,"restaurant_85","CA","Limited-Service Restaurants","Breakfast,Burgers,Counter Service,Dinner,Drive Through,Fast Food,Lunch","060170306022",4
28912490,"restaurant_85","CA","Limited-Service Restaurants","Breakfast,Burgers,Counter Service,Dinner,Drive Through,Fast Food,Lunch","060610202002",4
28912491,"restaurant_85","CA","Limited-Service Restaurants","Breakfast,Burgers,Counter Service,Dinner,Drive Through,Fast Food,Lunch","060570008022",4
28912492,"restaurant_85","CA","Limited-Service Restaurants","Breakfast,Burgers,Counter Service,Dinner,Drive Through,Fast Food,Lunch","060610219012",4
28912493,"restaurant_85","CA","Limited-Service Restaurants","Breakfast,Burgers,Counter Service,Dinner,Drive Through,Fast Food,Lunch","060610202004",4
28912494,"restaurant_85","CA","Limited-Service Restaurants","Breakfast,Burgers,Counter Service,Dinner,Drive Through,Fast Food,Lunch","060610218014",4
28912495,"restaurant_85","CA","Limited-Service Restaurants","Breakfast,Burgers,Counter Service,Dinner,Drive Through,Fast Food,Lunch","060610215013",4
28912496,"restaurant_85","CA","Limited-Service Restaurants","Breakfast,Burgers,Counter Service,Dinner,Drive Through,Fast Food,Lunch","060610211031",4
28912497,"restaurant_85","CA","Limited-Service Restaurants","Breakfast,Burgers,Counter Service,Dinner,Drive Through,Fast Food,Lunch","060610220021",4
28912498,"restaurant_85","CA","Limited-Service Restaurants","Breakfast,Burgers,Counter Service,Dinner,Drive Through,Fast Food,Lunch","060670055062",4
28912499,"restaurant_85","CA","Limited-Service Restaurants","Breakfast,Burgers,Counter Service,Dinner,Drive Through,Fast Food,Lunch","060610220133",4
28912500,"restaurant_85","CA","Limited-Service Restaurants","Breakfast,Burgers,Counter Service,Dinner,Drive Through,Fast Food,Lunch","060610216041",4
28912501,"restaurant_85","CA","Limited-Service Restaurants","Breakfast,Burgers,Counter Service,Dinner,Drive Through,Fast Food,Lunch","060610204021",4
28912502,"restaurant_85","CA","Limited-Service Restaurants","Breakfast,Burgers,Counter Service,Dinner,Drive Through,Fast Food,Lunch","060570001021",4
28912503,"restaurant_85","CA","Limited-Service Restaurants","Breakfast,Burgers,Counter Service,Dinner,Drive Through,Fast Food,Lunch","060670007001",4
28912504,"restaurant_85","CA","Limited-Service Restaurants","Breakfast,Burgers,Counter Service,Dinner,Drive Through,Fast Food,Lunch","060670081313",4
28912505,"restaurant_85","CA","Limited-Service Restaurants","Breakfast,Burgers,Counter Service,Dinner,Drive Through,Fast Food,Lunch","060670085042",4
28912506,"restaurant_85","CA","Limited-Service Restaurants","Breakfast,Burgers,Counter Service,Dinner,Drive Through,Fast Food,Lunch","060610210442",4
28912507,"restaurant_85","CA","Limited-Service Restaurants","Breakfast,Burgers,Counter Service,Dinner,Drive Through,Fast Food,Lunch","060670082111",4
28912508,"restaurant_85","CA","Limited-Service Restaurants","Breakfast,Burgers,Counter Service,Dinner,Drive Through,Fast Food,Lunch","060170306023",4
28912509,"restaurant_85","CA","Limited-Service Restaurants","Breakfast,Burgers,Counter Service,Dinner,Drive Through,Fast Food,Lunch","060570004014",4
28912510,"restaurant_85","CA","Limited-Service Restaurants","Breakfast,Burgers,Counter Service,Dinner,Drive Through,Fast Food,Lunch","060570005012",4
28912511,"restaurant_85","CA","Limited-Service Restaurants","Breakfast,Burgers,Counter Service,Dinner,Drive Through,Fast Food,Lunch","060610231002",4
28912512,"restaurant_85","CA","Limited-Service Restaurants","Breakfast,Burgers,Counter Service,Dinner,Drive Through,Fast Food,Lunch","060570008013",4
28912513,"restaurant_85","CA","Limited-Service Restaurants","Breakfast,Burgers,Counter Service,Dinner,Drive Through,Fast Food,Lunch","060610229001",4
29018233,"restaurant_7","NY","Snack and Nonalcoholic Beverage Bars","Breakfast,Coffee Shop,Counter Service,Dessert,Donut Shop,Lunch,Snacks","360594073011",6
29018234,"restaurant_7","NY","Snack and Nonalcoholic Beverage Bars","Breakfast,Coffee Shop,Counter Service,Dessert,Donut Shop,Lunch,Snacks","360594061001",5
29018235,"restaurant_7","NY","Snack and Nonalcoholic Beverage Bars","Breakfast,Coffee Shop,Counter Service,Dessert,Donut Shop,Lunch,Snacks","360594060012",4
29018236,"restaurant_7","NY","Snack and Nonalcoholic Beverage Bars","Breakfast,Coffee Shop,Counter Service,Dessert,Donut Shop,Lunch,Snacks","360594079004",4
29018237,"restaurant_7","NY","Snack and Nonalcoholic Beverage Bars","Breakfast,Coffee Shop,Counter Service,Dessert,Donut Shop,Lunch,Snacks","360594068022",4
29018238,"restaurant_7","NY","Snack and Nonalcoholic Beverage Bars","Breakfast,Coffee Shop,Counter Service,Dessert,Donut Shop,Lunch,Snacks","360594060011",4
29018239,"restaurant_7","NY","Snack and Nonalcoholic Beverage Bars","Breakfast,Coffee Shop,Counter Service,Dessert,Donut Shop,Lunch,Snacks","360594128001",4
29018240,"restaurant_7","NY","Snack and Nonalcoholic Beverage Bars","Breakfast,Coffee Shop,Counter Service,Dessert,Donut Shop,Lunch,Snacks","360594062011",4
29018241,"restaurant_7","NY","Snack and Nonalcoholic Beverage Bars","Breakfast,Coffee Shop,Counter Service,Dessert,Donut Shop,Lunch,Snacks","360594071012",4
29018242,"restaurant_7","NY","Snack and Nonalcoholic Beverage Bars","Breakfast,Coffee Shop,Counter Service,Dessert,Donut Shop,Lunch,Snacks","360594060022",4
29018243,"restaurant_7","NY","Snack and Nonalcoholic Beverage Bars","Breakfast,Coffee Shop,Counter Service,Dessert,Donut Shop,Lunch,Snacks","360594059003",4
29159265,"restaurant_93","VA","Limited-Service Restaurants",NA,"511430106002",23
29159266,"restaurant_93","VA","Limited-Service Restaurants",NA,"511430106001",18
29159267,"restaurant_93","VA","Limited-Service Restaurants",NA,"511430103003",15
29159268,"restaurant_93","VA","Limited-Service Restaurants",NA,"511430101003",14
29159269,"restaurant_93","VA","Limited-Service Restaurants",NA,"511430103001",9
29159270,"restaurant_93","VA","Limited-Service Restaurants",NA,"511430101002",6
29159271,"restaurant_93","VA","Limited-Service Restaurants",NA,"511430103004",4
29159272,"restaurant_93","VA","Limited-Service Restaurants",NA,"515900007003",4
29159273,"restaurant_93","VA","Limited-Service Restaurants",NA,"511430105002",4
29159274,"restaurant_93","VA","Limited-Service Restaurants",NA,"511430102003",4
29159275,"restaurant_93","VA","Limited-Service Restaurants",NA,"511430103002",4
29159276,"restaurant_93","VA","Limited-Service Restaurants",NA,"510310206002",4
29159277,"restaurant_93","VA","Limited-Service Restaurants",NA,"511430102002",4
29159278,"restaurant_93","VA","Limited-Service Restaurants",NA,"510310207003",4
29159279,"restaurant_93","VA","Limited-Service Restaurants",NA,"510190302023",4
29234896,"restaurant_38","TX","Snack and Nonalcoholic Beverage Bars","Breakfast,Burgers,Casual Dining,Dessert,Dinner,Drive Through,Ice Cream Shop,Lunch,Snacks","481210217175",19
29234897,"restaurant_38","TX","Snack and Nonalcoholic Beverage Bars","Breakfast,Burgers,Casual Dining,Dessert,Dinner,Drive Through,Ice Cream Shop,Lunch,Snacks","481210217174",17
29234898,"restaurant_38","TX","Snack and Nonalcoholic Beverage Bars","Breakfast,Burgers,Casual Dining,Dessert,Dinner,Drive Through,Ice Cream Shop,Lunch,Snacks","481210217423",17
29234899,"restaurant_38","TX","Snack and Nonalcoholic Beverage Bars","Breakfast,Burgers,Casual Dining,Dessert,Dinner,Drive Through,Ice Cream Shop,Lunch,Snacks","481210217521",15
29234900,"restaurant_38","TX","Snack and Nonalcoholic Beverage Bars","Breakfast,Burgers,Casual Dining,Dessert,Dinner,Drive Through,Ice Cream Shop,Lunch,Snacks","481210217221",14
29234901,"restaurant_38","TX","Snack and Nonalcoholic Beverage Bars","Breakfast,Burgers,Casual Dining,Dessert,Dinner,Drive Through,Ice Cream Shop,Lunch,Snacks","481210217222",13
29234902,"restaurant_38","TX","Snack and Nonalcoholic Beverage Bars","Breakfast,Burgers,Casual Dining,Dessert,Dinner,Drive Through,Ice Cream Shop,Lunch,Snacks","481210203053",12
29234903,"restaurant_38","TX","Snack and Nonalcoholic Beverage Bars","Breakfast,Burgers,Casual Dining,Dessert,Dinner,Drive Through,Ice Cream Shop,Lunch,Snacks","481210217212",10
29234904,"restaurant_38","TX","Snack and Nonalcoholic Beverage Bars","Breakfast,Burgers,Casual Dining,Dessert,Dinner,Drive Through,Ice Cream Shop,Lunch,Snacks","481210217242",10
29234905,"restaurant_38","TX","Snack and Nonalcoholic Beverage Bars","Breakfast,Burgers,Casual Dining,Dessert,Dinner,Drive Through,Ice Cream Shop,Lunch,Snacks","481210217502",9
29234906,"restaurant_38","TX","Snack and Nonalcoholic Beverage Bars","Breakfast,Burgers,Casual Dining,Dessert,Dinner,Drive Through,Ice Cream Shop,Lunch,Snacks","481210217532",9
29234907,"restaurant_38","TX","Snack and Nonalcoholic Beverage Bars","Breakfast,Burgers,Casual Dining,Dessert,Dinner,Drive Through,Ice Cream Shop,Lunch,Snacks","481210217202",9
29234908,"restaurant_38","TX","Snack and Nonalcoholic Beverage Bars","Breakfast,Burgers,Casual Dining,Dessert,Dinner,Drive Through,Ice Cream Shop,Lunch,Snacks","481210217192",8
29234909,"restaurant_38","TX","Snack and Nonalcoholic Beverage Bars","Breakfast,Burgers,Casual Dining,Dessert,Dinner,Drive Through,Ice Cream Shop,Lunch,Snacks","481210215141",8
29234910,"restaurant_38","TX","Snack and Nonalcoholic Beverage Bars","Breakfast,Burgers,Casual Dining,Dessert,Dinner,Drive Through,Ice Cream Shop,Lunch,Snacks","481210217421",8
29234911,"restaurant_38","TX","Snack and Nonalcoholic Beverage Bars","Breakfast,Burgers,Casual Dining,Dessert,Dinner,Drive Through,Ice Cream Shop,Lunch,Snacks","481210217461",7
29234912,"restaurant_38","TX","Snack and Nonalcoholic Beverage Bars","Breakfast,Burgers,Casual Dining,Dessert,Dinner,Drive Through,Ice Cream Shop,Lunch,Snacks","481210217512",7
29234913,"restaurant_38","TX","Snack and Nonalcoholic Beverage Bars","Breakfast,Burgers,Casual Dining,Dessert,Dinner,Drive Through,Ice Cream Shop,Lunch,Snacks","481210215051",7
29234914,"restaurant_38","TX","Snack and Nonalcoholic Beverage Bars","Breakfast,Burgers,Casual Dining,Dessert,Dinner,Drive Through,Ice Cream Shop,Lunch,Snacks","481210217472",7
29234915,"restaurant_38","TX","Snack and Nonalcoholic Beverage Bars","Breakfast,Burgers,Casual Dining,Dessert,Dinner,Drive Through,Ice Cream Shop,Lunch,Snacks","481210217261",7
29234916,"restaurant_38","TX","Snack and Nonalcoholic Beverage Bars","Breakfast,Burgers,Casual Dining,Dessert,Dinner,Drive Through,Ice Cream Shop,Lunch,Snacks","481210217471",7
29234917,"restaurant_38","TX","Snack and Nonalcoholic Beverage Bars","Breakfast,Burgers,Casual Dining,Dessert,Dinner,Drive Through,Ice Cream Shop,Lunch,Snacks","481210217522",7
29234918,"restaurant_38","TX","Snack and Nonalcoholic Beverage Bars","Breakfast,Burgers,Casual Dining,Dessert,Dinner,Drive Through,Ice Cream Shop,Lunch,Snacks","481210217173",7
29234919,"restaurant_38","TX","Snack and Nonalcoholic Beverage Bars","Breakfast,Burgers,Casual Dining,Dessert,Dinner,Drive Through,Ice Cream Shop,Lunch,Snacks","481210215142",7
29234920,"restaurant_38","TX","Snack and Nonalcoholic Beverage Bars","Breakfast,Burgers,Casual Dining,Dessert,Dinner,Drive Through,Ice Cream Shop,Lunch,Snacks","481210217501",7
29234921,"restaurant_38","TX","Snack and Nonalcoholic Beverage Bars","Breakfast,Burgers,Casual Dining,Dessert,Dinner,Drive Through,Ice Cream Shop,Lunch,Snacks","481210217152",7
29234922,"restaurant_38","TX","Snack and Nonalcoholic Beverage Bars","Breakfast,Burgers,Casual Dining,Dessert,Dinner,Drive Through,Ice Cream Shop,Lunch,Snacks","481210203032",6
29234923,"restaurant_38","TX","Snack and Nonalcoholic Beverage Bars","Breakfast,Burgers,Casual Dining,Dessert,Dinner,Drive Through,Ice Cream Shop,Lunch,Snacks","481210217511",6
29234924,"restaurant_38","TX","Snack and Nonalcoholic Beverage Bars","Breakfast,Burgers,Casual Dining,Dessert,Dinner,Drive Through,Ice Cream Shop,Lunch,Snacks","481210217251",6
29234925,"restaurant_38","TX","Snack and Nonalcoholic Beverage Bars","Breakfast,Burgers,Casual Dining,Dessert,Dinner,Drive Through,Ice Cream Shop,Lunch,Snacks","481210217153",6
29234926,"restaurant_38","TX","Snack and Nonalcoholic Beverage Bars","Breakfast,Burgers,Casual Dining,Dessert,Dinner,Drive Through,Ice Cream Shop,Lunch,Snacks","481210217201",6
29234927,"restaurant_38","TX","Snack and Nonalcoholic Beverage Bars","Breakfast,Burgers,Casual Dining,Dessert,Dinner,Drive Through,Ice Cream Shop,Lunch,Snacks","481210217183",6
29234928,"restaurant_38","TX","Snack and Nonalcoholic Beverage Bars","Breakfast,Burgers,Casual Dining,Dessert,Dinner,Drive Through,Ice Cream Shop,Lunch,Snacks","481210217491",6
29234929,"restaurant_38","TX","Snack and Nonalcoholic Beverage Bars","Breakfast,Burgers,Casual Dining,Dessert,Dinner,Drive Through,Ice Cream Shop,Lunch,Snacks","481210217211",6
29234930,"restaurant_38","TX","Snack and Nonalcoholic Beverage Bars","Breakfast,Burgers,Casual Dining,Dessert,Dinner,Drive Through,Ice Cream Shop,Lunch,Snacks","481210217311",6
29234931,"restaurant_38","TX","Snack and Nonalcoholic Beverage Bars","Breakfast,Burgers,Casual Dining,Dessert,Dinner,Drive Through,Ice Cream Shop,Lunch,Snacks","481210217492",5
29234932,"restaurant_38","TX","Snack and Nonalcoholic Beverage Bars","Breakfast,Burgers,Casual Dining,Dessert,Dinner,Drive Through,Ice Cream Shop,Lunch,Snacks","481210217432",5
29234933,"restaurant_38","TX","Snack and Nonalcoholic Beverage Bars","Breakfast,Burgers,Casual Dining,Dessert,Dinner,Drive Through,Ice Cream Shop,Lunch,Snacks","481210216183",5
29234934,"restaurant_38","TX","Snack and Nonalcoholic Beverage Bars","Breakfast,Burgers,Casual Dining,Dessert,Dinner,Drive Through,Ice Cream Shop,Lunch,Snacks","481210217411",5
29234935,"restaurant_38","TX","Snack and Nonalcoholic Beverage Bars","Breakfast,Burgers,Casual Dining,Dessert,Dinner,Drive Through,Ice Cream Shop,Lunch,Snacks","481210217291",5
29234936,"restaurant_38","TX","Snack and Nonalcoholic Beverage Bars","Breakfast,Burgers,Casual Dining,Dessert,Dinner,Drive Through,Ice Cream Shop,Lunch,Snacks","481210217243",5
29234937,"restaurant_38","TX","Snack and Nonalcoholic Beverage Bars","Breakfast,Burgers,Casual Dining,Dessert,Dinner,Drive Through,Ice Cream Shop,Lunch,Snacks","481210215053",5
29234938,"restaurant_38","TX","Snack and Nonalcoholic Beverage Bars","Breakfast,Burgers,Casual Dining,Dessert,Dinner,Drive Through,Ice Cream Shop,Lunch,Snacks","481210214052",5
29234939,"restaurant_38","TX","Snack and Nonalcoholic Beverage Bars","Breakfast,Burgers,Casual Dining,Dessert,Dinner,Drive Through,Ice Cream Shop,Lunch,Snacks","481130200002",5
29234940,"restaurant_38","TX","Snack and Nonalcoholic Beverage Bars","Breakfast,Burgers,Casual Dining,Dessert,Dinner,Drive Through,Ice Cream Shop,Lunch,Snacks","481210217403",5
29234941,"restaurant_38","TX","Snack and Nonalcoholic Beverage Bars","Breakfast,Burgers,Casual Dining,Dessert,Dinner,Drive Through,Ice Cream Shop,Lunch,Snacks","481210203071",5
29234942,"restaurant_38","TX","Snack and Nonalcoholic Beverage Bars","Breakfast,Burgers,Casual Dining,Dessert,Dinner,Drive Through,Ice Cream Shop,Lunch,Snacks","481210217422",4
29234943,"restaurant_38","TX","Snack and Nonalcoholic Beverage Bars","Breakfast,Burgers,Casual Dining,Dessert,Dinner,Drive Through,Ice Cream Shop,Lunch,Snacks","481210215133",4
29234944,"restaurant_38","TX","Snack and Nonalcoholic Beverage Bars","Breakfast,Burgers,Casual Dining,Dessert,Dinner,Drive Through,Ice Cream Shop,Lunch,Snacks","481210217482",4
29234945,"restaurant_38","TX","Snack and Nonalcoholic Beverage Bars","Breakfast,Burgers,Casual Dining,Dessert,Dinner,Drive Through,Ice Cream Shop,Lunch,Snacks","481210217241",4
29234946,"restaurant_38","TX","Snack and Nonalcoholic Beverage Bars","Breakfast,Burgers,Casual Dining,Dessert,Dinner,Drive Through,Ice Cream Shop,Lunch,Snacks","481210217172",4
29234947,"restaurant_38","TX","Snack and Nonalcoholic Beverage Bars","Breakfast,Burgers,Casual Dining,Dessert,Dinner,Drive Through,Ice Cream Shop,Lunch,Snacks","481210217164",4
29234948,"restaurant_38","TX","Snack and Nonalcoholic Beverage Bars","Breakfast,Burgers,Casual Dining,Dessert,Dinner,Drive Through,Ice Cream Shop,Lunch,Snacks","481210217462",4
29234949,"restaurant_38","TX","Snack and Nonalcoholic Beverage Bars","Breakfast,Burgers,Casual Dining,Dessert,Dinner,Drive Through,Ice Cream Shop,Lunch,Snacks","481210217252",4
29234950,"restaurant_38","TX","Snack and Nonalcoholic Beverage Bars","Breakfast,Burgers,Casual Dining,Dessert,Dinner,Drive Through,Ice Cream Shop,Lunch,Snacks","481210217431",4
29234951,"restaurant_38","TX","Snack and Nonalcoholic Beverage Bars","Breakfast,Burgers,Casual Dining,Dessert,Dinner,Drive Through,Ice Cream Shop,Lunch,Snacks","481210217481",4
29234952,"restaurant_38","TX","Snack and Nonalcoholic Beverage Bars","Breakfast,Burgers,Casual Dining,Dessert,Dinner,Drive Through,Ice Cream Shop,Lunch,Snacks","481210214071",4
29234953,"restaurant_38","TX","Snack and Nonalcoholic Beverage Bars","Breakfast,Burgers,Casual Dining,Dessert,Dinner,Drive Through,Ice Cream Shop,Lunch,Snacks","481410103073",4
29234954,"restaurant_38","TX","Snack and Nonalcoholic Beverage Bars","Breakfast,Burgers,Casual Dining,Dessert,Dinner,Drive Through,Ice Cream Shop,Lunch,Snacks","481210217271",4
29234955,"restaurant_38","TX","Snack and Nonalcoholic Beverage Bars","Breakfast,Burgers,Casual Dining,Dessert,Dinner,Drive Through,Ice Cream Shop,Lunch,Snacks","481210216281",4
29234956,"restaurant_38","TX","Snack and Nonalcoholic Beverage Bars","Breakfast,Burgers,Casual Dining,Dessert,Dinner,Drive Through,Ice Cream Shop,Lunch,Snacks","481210214082",4
29234957,"restaurant_38","TX","Snack and Nonalcoholic Beverage Bars","Breakfast,Burgers,Casual Dining,Dessert,Dinner,Drive Through,Ice Cream Shop,Lunch,Snacks","481210217451",4
29234958,"restaurant_38","TX","Snack and Nonalcoholic Beverage Bars","Breakfast,Burgers,Casual Dining,Dessert,Dinner,Drive Through,Ice Cream Shop,Lunch,Snacks","481210217452",4
29234959,"restaurant_38","TX","Snack and Nonalcoholic Beverage Bars","Breakfast,Burgers,Casual Dining,Dessert,Dinner,Drive Through,Ice Cream Shop,Lunch,Snacks","481210217301",4
29234960,"restaurant_38","TX","Snack and Nonalcoholic Beverage Bars","Breakfast,Burgers,Casual Dining,Dessert,Dinner,Drive Through,Ice Cream Shop,Lunch,Snacks","481210217433",4
29234961,"restaurant_38","TX","Snack and Nonalcoholic Beverage Bars","Breakfast,Burgers,Casual Dining,Dessert,Dinner,Drive Through,Ice Cream Shop,Lunch,Snacks","481210214031",4
29234962,"restaurant_38","TX","Snack and Nonalcoholic Beverage Bars","Breakfast,Burgers,Casual Dining,Dessert,Dinner,Drive Through,Ice Cream Shop,Lunch,Snacks","481210217272",4
29234963,"restaurant_38","TX","Snack and Nonalcoholic Beverage Bars","Breakfast,Burgers,Casual Dining,Dessert,Dinner,Drive Through,Ice Cream Shop,Lunch,Snacks","481210217312",4
29234964,"restaurant_38","TX","Snack and Nonalcoholic Beverage Bars","Breakfast,Burgers,Casual Dining,Dessert,Dinner,Drive Through,Ice Cream Shop,Lunch,Snacks","481210217232",4
29234965,"restaurant_38","TX","Snack and Nonalcoholic Beverage Bars","Breakfast,Burgers,Casual Dining,Dessert,Dinner,Drive Through,Ice Cream Shop,Lunch,Snacks","481210214083",4
29234966,"restaurant_38","TX","Snack and Nonalcoholic Beverage Bars","Breakfast,Burgers,Casual Dining,Dessert,Dinner,Drive Through,Ice Cream Shop,Lunch,Snacks","481210217162",4
29234967,"restaurant_38","TX","Snack and Nonalcoholic Beverage Bars","Breakfast,Burgers,Casual Dining,Dessert,Dinner,Drive Through,Ice Cream Shop,Lunch,Snacks","481210217262",4
29234968,"restaurant_38","TX","Snack and Nonalcoholic Beverage Bars","Breakfast,Burgers,Casual Dining,Dessert,Dinner,Drive Through,Ice Cream Shop,Lunch,Snacks","481210215021",4
29234969,"restaurant_38","TX","Snack and Nonalcoholic Beverage Bars","Breakfast,Burgers,Casual Dining,Dessert,Dinner,Drive Through,Ice Cream Shop,Lunch,Snacks","481210217163",4
29234970,"restaurant_38","TX","Snack and Nonalcoholic Beverage Bars","Breakfast,Burgers,Casual Dining,Dessert,Dinner,Drive Through,Ice Cream Shop,Lunch,Snacks","481210217231",4
29234971,"restaurant_38","TX","Snack and Nonalcoholic Beverage Bars","Breakfast,Burgers,Casual Dining,Dessert,Dinner,Drive Through,Ice Cream Shop,Lunch,Snacks","481210203101",4
29234972,"restaurant_38","TX","Snack and Nonalcoholic Beverage Bars","Breakfast,Burgers,Casual Dining,Dessert,Dinner,Drive Through,Ice Cream Shop,Lunch,Snacks","484391138031",4
29234973,"restaurant_38","TX","Snack and Nonalcoholic Beverage Bars","Breakfast,Burgers,Casual Dining,Dessert,Dinner,Drive Through,Ice Cream Shop,Lunch,Snacks","481210214093",4
29234974,"restaurant_38","TX","Snack and Nonalcoholic Beverage Bars","Breakfast,Burgers,Casual Dining,Dessert,Dinner,Drive Through,Ice Cream Shop,Lunch,Snacks","481210215121",4
29234975,"restaurant_38","TX","Snack and Nonalcoholic Beverage Bars","Breakfast,Burgers,Casual Dining,Dessert,Dinner,Drive Through,Ice Cream Shop,Lunch,Snacks","484391141035",4
29234976,"restaurant_38","TX","Snack and Nonalcoholic Beverage Bars","Breakfast,Burgers,Casual Dining,Dessert,Dinner,Drive Through,Ice Cream Shop,Lunch,Snacks","481210217161",4
29234977,"restaurant_38","TX","Snack and Nonalcoholic Beverage Bars","Breakfast,Burgers,Casual Dining,Dessert,Dinner,Drive Through,Ice Cream Shop,Lunch,Snacks","080310041022",4
29234978,"restaurant_38","TX","Snack and Nonalcoholic Beverage Bars","Breakfast,Burgers,Casual Dining,Dessert,Dinner,Drive Through,Ice Cream Shop,Lunch,Snacks","481210217412",4
29234979,"restaurant_38","TX","Snack and Nonalcoholic Beverage Bars","Breakfast,Burgers,Casual Dining,Dessert,Dinner,Drive Through,Ice Cream Shop,Lunch,Snacks","481210217531",4
29234980,"restaurant_38","TX","Snack and Nonalcoholic Beverage Bars","Breakfast,Burgers,Casual Dining,Dessert,Dinner,Drive Through,Ice Cream Shop,Lunch,Snacks","481130141342",4
29234981,"restaurant_38","TX","Snack and Nonalcoholic Beverage Bars","Breakfast,Burgers,Casual Dining,Dessert,Dinner,Drive Through,Ice Cream Shop,Lunch,Snacks","481210215122",4
29234982,"restaurant_38","TX","Snack and Nonalcoholic Beverage Bars","Breakfast,Burgers,Casual Dining,Dessert,Dinner,Drive Through,Ice Cream Shop,Lunch,Snacks","481210217442",4
29234983,"restaurant_38","TX","Snack and Nonalcoholic Beverage Bars","Breakfast,Burgers,Casual Dining,Dessert,Dinner,Drive Through,Ice Cream Shop,Lunch,Snacks","481210217171",4
29234984,"restaurant_38","TX","Snack and Nonalcoholic Beverage Bars","Breakfast,Burgers,Casual Dining,Dessert,Dinner,Drive Through,Ice Cream Shop,Lunch,Snacks","481210215202",4
29234985,"restaurant_38","TX","Snack and Nonalcoholic Beverage Bars","Breakfast,Burgers,Casual Dining,Dessert,Dinner,Drive Through,Ice Cream Shop,Lunch,Snacks","481210201033",4
29234986,"restaurant_38","TX","Snack and Nonalcoholic Beverage Bars","Breakfast,Burgers,Casual Dining,Dessert,Dinner,Drive Through,Ice Cream Shop,Lunch,Snacks","481210217292",4
29234987,"restaurant_38","TX","Snack and Nonalcoholic Beverage Bars","Breakfast,Burgers,Casual Dining,Dessert,Dinner,Drive Through,Ice Cream Shop,Lunch,Snacks","481210211001",4
29234988,"restaurant_38","TX","Snack and Nonalcoholic Beverage Bars","Breakfast,Burgers,Casual Dining,Dessert,Dinner,Drive Through,Ice Cream Shop,Lunch,Snacks","481210217154",4
29234989,"restaurant_38","TX","Snack and Nonalcoholic Beverage Bars","Breakfast,Burgers,Casual Dining,Dessert,Dinner,Drive Through,Ice Cream Shop,Lunch,Snacks","484391137032",4
29464331,"restaurant_80","IL","Full-Service Restaurants","Bar or Pub,Late Night,Mexican Food","170438465222",5
29464332,"restaurant_80","IL","Full-Service Restaurants","Bar or Pub,Late Night,Mexican Food","170438464121",4
29464333,"restaurant_80","IL","Full-Service Restaurants","Bar or Pub,Late Night,Mexican Food","170438464123",4
29464334,"restaurant_80","IL","Full-Service Restaurants","Bar or Pub,Late Night,Mexican Food","170938901011",4
29464335,"restaurant_80","IL","Full-Service Restaurants","Bar or Pub,Late Night,Mexican Food","171978803101",4
29464336,"restaurant_80","IL","Full-Service Restaurants","Bar or Pub,Late Night,Mexican Food","170438465192",4
29464337,"restaurant_80","IL","Full-Service Restaurants","Bar or Pub,Late Night,Mexican Food","170438464043",4
29464338,"restaurant_80","IL","Full-Service Restaurants","Bar or Pub,Late Night,Mexican Food","170438416073",4
29464339,"restaurant_80","IL","Full-Service Restaurants","Bar or Pub,Late Night,Mexican Food","170438464091",4
29464340,"restaurant_80","IL","Full-Service Restaurants","Bar or Pub,Late Night,Mexican Food","170438464102",4
29464341,"restaurant_80","IL","Full-Service Restaurants","Bar or Pub,Late Night,Mexican Food","170438465044",4
29464342,"restaurant_80","IL","Full-Service Restaurants","Bar or Pub,Late Night,Mexican Food","171194025001",4
29464343,"restaurant_80","IL","Full-Service Restaurants","Bar or Pub,Late Night,Mexican Food","170438464131",4
29464344,"restaurant_80","IL","Full-Service Restaurants","Bar or Pub,Late Night,Mexican Food","170898545032",4
29464345,"restaurant_80","IL","Full-Service Restaurants","Bar or Pub,Late Night,Mexican Food","170438464052",4
29464346,"restaurant_80","IL","Full-Service Restaurants","Bar or Pub,Late Night,Mexican Food","170438462014",4
29464347,"restaurant_80","IL","Full-Service Restaurants","Bar or Pub,Late Night,Mexican Food","170938904002",4
29464348,"restaurant_80","IL","Full-Service Restaurants","Bar or Pub,Late Night,Mexican Food","170438465243",4
29464349,"restaurant_80","IL","Full-Service Restaurants","Bar or Pub,Late Night,Mexican Food","170438465042",4
29464350,"restaurant_80","IL","Full-Service Restaurants","Bar or Pub,Late Night,Mexican Food","170438464112",4
29464351,"restaurant_80","IL","Full-Service Restaurants","Bar or Pub,Late Night,Mexican Food","170438464044",4
29464352,"restaurant_80","IL","Full-Service Restaurants","Bar or Pub,Late Night,Mexican Food","170938903024",4
29464353,"restaurant_80","IL","Full-Service Restaurants","Bar or Pub,Late Night,Mexican Food","170438461061",4
29464354,"restaurant_80","IL","Full-Service Restaurants","Bar or Pub,Late Night,Mexican Food","171978803131",4
29464355,"restaurant_80","IL","Full-Service Restaurants","Bar or Pub,Late Night,Mexican Food","170438465172",4
29464356,"restaurant_80","IL","Full-Service Restaurants","Bar or Pub,Late Night,Mexican Food","170438465111",4
29464357,"restaurant_80","IL","Full-Service Restaurants","Bar or Pub,Late Night,Mexican Food","170438463131",4
29464358,"restaurant_80","IL","Full-Service Restaurants","Bar or Pub,Late Night,Mexican Food","171978803031",4
29464359,"restaurant_80","IL","Full-Service Restaurants","Bar or Pub,Late Night,Mexican Food","170438465183",4
29464360,"restaurant_80","IL","Full-Service Restaurants","Bar or Pub,Late Night,Mexican Food","171978803043",4
29464361,"restaurant_80","IL","Full-Service Restaurants","Bar or Pub,Late Night,Mexican Food","170438465154",4
29464362,"restaurant_80","IL","Full-Service Restaurants","Bar or Pub,Late Night,Mexican Food","171978803072",4
29464363,"restaurant_80","IL","Full-Service Restaurants","Bar or Pub,Late Night,Mexican Food","170438462021",4
29464364,"restaurant_80","IL","Full-Service Restaurants","Bar or Pub,Late Night,Mexican Food","170438461033",4
29464365,"restaurant_80","IL","Full-Service Restaurants","Bar or Pub,Late Night,Mexican Food","170318045071",4
29464366,"restaurant_80","IL","Full-Service Restaurants","Bar or Pub,Late Night,Mexican Food","170438465152",4
29464367,"restaurant_80","IL","Full-Service Restaurants","Bar or Pub,Late Night,Mexican Food","170938901025",4
29464368,"restaurant_80","IL","Full-Service Restaurants","Bar or Pub,Late Night,Mexican Food","170438465141",4
29464369,"restaurant_80","IL","Full-Service Restaurants","Bar or Pub,Late Night,Mexican Food","170438464042",4
29464370,"restaurant_80","IL","Full-Service Restaurants","Bar or Pub,Late Night,Mexican Food","170438416072",4
29464371,"restaurant_80","IL","Full-Service Restaurants","Bar or Pub,Late Night,Mexican Food","171978803121",4
29464372,"restaurant_80","IL","Full-Service Restaurants","Bar or Pub,Late Night,Mexican Food","170438416041",4
29464373,"restaurant_80","IL","Full-Service Restaurants","Bar or Pub,Late Night,Mexican Food","170438465071",4
29530201,"restaurant_83","OK","Full-Service Restaurants","Asian Food,Chinese Food,Thai Food","401430075241",4
29530202,"restaurant_83","OK","Full-Service Restaurants","Asian Food,Chinese Food,Thai Food","401430075201",4
29530203,"restaurant_83","OK","Full-Service Restaurants","Asian Food,Chinese Food,Thai Food","401430076301",4
29530204,"restaurant_83","OK","Full-Service Restaurants","Asian Food,Chinese Food,Thai Food","401430075181",4
29530205,"restaurant_83","OK","Full-Service Restaurants","Asian Food,Chinese Food,Thai Food","401430076352",4
29530206,"restaurant_83","OK","Full-Service Restaurants","Asian Food,Chinese Food,Thai Food","401430075202",4
29530207,"restaurant_83","OK","Full-Service Restaurants","Asian Food,Chinese Food,Thai Food","401430076182",4
30331481,"restaurant_52","GA","Full-Service Restaurants","Japanese Food,Steak House,Sushi","130670303141",35
30331482,"restaurant_52","GA","Full-Service Restaurants","Japanese Food,Steak House,Sushi","130670303402",8
30331483,"restaurant_52","GA","Full-Service Restaurants","Japanese Food,Steak House,Sushi","130670303143",7
30331484,"restaurant_52","GA","Full-Service Restaurants","Japanese Food,Steak House,Sushi","130670303411",6
30331485,"restaurant_52","GA","Full-Service Restaurants","Japanese Food,Steak House,Sushi","130670303422",5
30331486,"restaurant_52","GA","Full-Service Restaurants","Japanese Food,Steak House,Sushi","130670303111",4
30331487,"restaurant_52","GA","Full-Service Restaurants","Japanese Food,Steak House,Sushi","130670303222",4
30331488,"restaurant_52","GA","Full-Service Restaurants","Japanese Food,Steak House,Sushi","130670303121",4
30331489,"restaurant_52","GA","Full-Service Restaurants","Japanese Food,Steak House,Sushi","130670303261",4
30331490,"restaurant_52","GA","Full-Service Restaurants","Japanese Food,Steak House,Sushi","130670303262",4
30331491,"restaurant_52","GA","Full-Service Restaurants","Japanese Food,Steak House,Sushi","130670303311",4
30331492,"restaurant_52","GA","Full-Service Restaurants","Japanese Food,Steak House,Sushi","130670303242",4
30331493,"restaurant_52","GA","Full-Service Restaurants","Japanese Food,Steak House,Sushi","130670303401",4
30331494,"restaurant_52","GA","Full-Service Restaurants","Japanese Food,Steak House,Sushi","130670303131",4
30331495,"restaurant_52","GA","Full-Service Restaurants","Japanese Food,Steak House,Sushi","130670303142",4
30331496,"restaurant_52","GA","Full-Service Restaurants","Japanese Food,Steak House,Sushi","130670303291",4
30331497,"restaurant_52","GA","Full-Service Restaurants","Japanese Food,Steak House,Sushi","130670303281",4
30331498,"restaurant_52","GA","Full-Service Restaurants","Japanese Food,Steak House,Sushi","130670303421",4
30331499,"restaurant_52","GA","Full-Service Restaurants","Japanese Food,Steak House,Sushi","130670303271",4
30331500,"restaurant_52","GA","Full-Service Restaurants","Japanese Food,Steak House,Sushi","130670303263",4
30331501,"restaurant_52","GA","Full-Service Restaurants","Japanese Food,Steak House,Sushi","130670303272",4
30331502,"restaurant_52","GA","Full-Service Restaurants","Japanese Food,Steak House,Sushi","130670303302",4
30341188,"restaurant_43","CO","Full-Service Restaurants","Mexican Food","080310014013",8
30341189,"restaurant_43","CO","Full-Service Restaurants","Mexican Food","080310014014",8
30341190,"restaurant_43","CO","Full-Service Restaurants","Mexican Food","080310013012",7
30341191,"restaurant_43","CO","Full-Service Restaurants","Mexican Food","080310013021",5
30341192,"restaurant_43","CO","Full-Service Restaurants","Mexican Food","080310013022",5
30341193,"restaurant_43","CO","Full-Service Restaurants","Mexican Food","080590104033",4
30341194,"restaurant_43","CO","Full-Service Restaurants","Mexican Food","080310046021",4
30341195,"restaurant_43","CO","Full-Service Restaurants","Mexican Food","080310045051",4
30341196,"restaurant_43","CO","Full-Service Restaurants","Mexican Food","080310046022",4
30341197,"restaurant_43","CO","Full-Service Restaurants","Mexican Food","080310014021",4
30341198,"restaurant_43","CO","Full-Service Restaurants","Mexican Food","080310013011",4
30341199,"restaurant_43","CO","Full-Service Restaurants","Mexican Food","080310156002",4
30548143,"restaurant_55","MN","Full-Service Restaurants","Brunch,Coffee Shop,Diner","270530273003",9
30548144,"restaurant_55","MN","Full-Service Restaurants","Brunch,Coffee Shop,Diner","270530272022",5
30548145,"restaurant_55","MN","Full-Service Restaurants","Brunch,Coffee Shop,Diner","270530273002",5
30548146,"restaurant_55","MN","Full-Service Restaurants","Brunch,Coffee Shop,Diner","270530266062",4
30548147,"restaurant_55","MN","Full-Service Restaurants","Brunch,Coffee Shop,Diner","270530262022",4
30548148,"restaurant_55","MN","Full-Service Restaurants","Brunch,Coffee Shop,Diner","270530266121",4
30548149,"restaurant_55","MN","Full-Service Restaurants","Brunch,Coffee Shop,Diner","270530276014",4
30548150,"restaurant_55","MN","Full-Service Restaurants","Brunch,Coffee Shop,Diner","270530274002",4
30548151,"restaurant_55","MN","Full-Service Restaurants","Brunch,Coffee Shop,Diner","270530272015",4
30548152,"restaurant_55","MN","Full-Service Restaurants","Brunch,Coffee Shop,Diner","270530275013",4
30548153,"restaurant_55","MN","Full-Service Restaurants","Brunch,Coffee Shop,Diner","270530275011",4
30548154,"restaurant_55","MN","Full-Service Restaurants","Brunch,Coffee Shop,Diner","270530267152",4
30548155,"restaurant_55","MN","Full-Service Restaurants","Brunch,Coffee Shop,Diner","270530272012",4
30548156,"restaurant_55","MN","Full-Service Restaurants","Brunch,Coffee Shop,Diner","270530272013",4
30548157,"restaurant_55","MN","Full-Service Restaurants","Brunch,Coffee Shop,Diner","270530273001",4
30548158,"restaurant_55","MN","Full-Service Restaurants","Brunch,Coffee Shop,Diner","270530274001",4
30548159,"restaurant_55","MN","Full-Service Restaurants","Brunch,Coffee Shop,Diner","270530262072",4
30548160,"restaurant_55","MN","Full-Service Restaurants","Brunch,Coffee Shop,Diner","270530277001",4
30548161,"restaurant_55","MN","Full-Service Restaurants","Brunch,Coffee Shop,Diner","270530267141",4
30548162,"restaurant_55","MN","Full-Service Restaurants","Brunch,Coffee Shop,Diner","270530271013",4
30548163,"restaurant_55","MN","Full-Service Restaurants","Brunch,Coffee Shop,Diner","481210214082",4
30548164,"restaurant_55","MN","Full-Service Restaurants","Brunch,Coffee Shop,Diner","270530270023",4
30548165,"restaurant_55","MN","Full-Service Restaurants","Brunch,Coffee Shop,Diner","270190905011",4
30548166,"restaurant_55","MN","Full-Service Restaurants","Brunch,Coffee Shop,Diner","270530240061",4
30548167,"restaurant_55","MN","Full-Service Restaurants","Brunch,Coffee Shop,Diner","270530266104",4
30548168,"restaurant_55","MN","Full-Service Restaurants","Brunch,Coffee Shop,Diner","270530263023",4
30548169,"restaurant_55","MN","Full-Service Restaurants","Brunch,Coffee Shop,Diner","270530264041",4
30548170,"restaurant_55","MN","Full-Service Restaurants","Brunch,Coffee Shop,Diner","270530272016",4
30548171,"restaurant_55","MN","Full-Service Restaurants","Brunch,Coffee Shop,Diner","270190905032",4
30548172,"restaurant_55","MN","Full-Service Restaurants","Brunch,Coffee Shop,Diner","270530262053",4
30548173,"restaurant_55","MN","Full-Service Restaurants","Brunch,Coffee Shop,Diner","270530266114",4
30548174,"restaurant_55","MN","Full-Service Restaurants","Brunch,Coffee Shop,Diner","270530263011",4
30548175,"restaurant_55","MN","Full-Service Restaurants","Brunch,Coffee Shop,Diner","270190911001",4
30548176,"restaurant_55","MN","Full-Service Restaurants","Brunch,Coffee Shop,Diner","270530272011",4
30548177,"restaurant_55","MN","Full-Service Restaurants","Brunch,Coffee Shop,Diner","270530272032",4
30548178,"restaurant_55","MN","Full-Service Restaurants","Brunch,Coffee Shop,Diner","270530262012",4
30548179,"restaurant_55","MN","Full-Service Restaurants","Brunch,Coffee Shop,Diner","270530277004",4
30548180,"restaurant_55","MN","Full-Service Restaurants","Brunch,Coffee Shop,Diner","270530264043",4
30548181,"restaurant_55","MN","Full-Service Restaurants","Brunch,Coffee Shop,Diner","270190905021",4
30548182,"restaurant_55","MN","Full-Service Restaurants","Brunch,Coffee Shop,Diner","270530271011",4
30548183,"restaurant_55","MN","Full-Service Restaurants","Brunch,Coffee Shop,Diner","270530266122",4
30609192,"restaurant_79","NY","Full-Service Restaurants","Latin American Food","360810212002",8
30609193,"restaurant_79","NY","Full-Service Restaurants","Latin American Food","360810142021",4
30609194,"restaurant_79","NY","Full-Service Restaurants","Latin American Food","360810214003",4
30609195,"restaurant_79","NY","Full-Service Restaurants","Latin American Food","360470449004",4
30609196,"restaurant_79","NY","Full-Service Restaurants","Latin American Food","360810142011",4
30609197,"restaurant_79","NY","Full-Service Restaurants","Latin American Food","360810126012",4
30609198,"restaurant_79","NY","Full-Service Restaurants","Latin American Food","360811529012",4
30609199,"restaurant_79","NY","Full-Service Restaurants","Latin American Food","360810019001",4
30609200,"restaurant_79","NY","Full-Service Restaurants","Latin American Food","360810683002",4
31019992,"restaurant_84","MN","Snack and Nonalcoholic Beverage Bars","Coffee Shop,Sandwich Shop","271119617003",4
31019993,"restaurant_84","MN","Snack and Nonalcoholic Beverage Bars","Coffee Shop,Sandwich Shop","271119608002",4
31019994,"restaurant_84","MN","Snack and Nonalcoholic Beverage Bars","Coffee Shop,Sandwich Shop","271119617002",4
31019995,"restaurant_84","MN","Snack and Nonalcoholic Beverage Bars","Coffee Shop,Sandwich Shop","271119611004",4
31019996,"restaurant_84","MN","Snack and Nonalcoholic Beverage Bars","Coffee Shop,Sandwich Shop","271119612002",4
31019997,"restaurant_84","MN","Snack and Nonalcoholic Beverage Bars","Coffee Shop,Sandwich Shop","271119610003",4
31157364,"restaurant_70","IL","Snack and Nonalcoholic Beverage Bars","Bakery,Coffee Shop,Counter Service,Dessert,Snacks,Tea House","170898545042",238
31157365,"restaurant_70","IL","Snack and Nonalcoholic Beverage Bars","Bakery,Coffee Shop,Counter Service,Dessert,Snacks,Tea House","170898545034",124
31157366,"restaurant_70","IL","Snack and Nonalcoholic Beverage Bars","Bakery,Coffee Shop,Counter Service,Dessert,Snacks,Tea House","170898545041",89
31157367,"restaurant_70","IL","Snack and Nonalcoholic Beverage Bars","Bakery,Coffee Shop,Counter Service,Dessert,Snacks,Tea House","170938904001",73
31157368,"restaurant_70","IL","Snack and Nonalcoholic Beverage Bars","Bakery,Coffee Shop,Counter Service,Dessert,Snacks,Tea House","170898545031",69
31157369,"restaurant_70","IL","Snack and Nonalcoholic Beverage Bars","Bakery,Coffee Shop,Counter Service,Dessert,Snacks,Tea House","170370017002",63
31157370,"restaurant_70","IL","Snack and Nonalcoholic Beverage Bars","Bakery,Coffee Shop,Counter Service,Dessert,Snacks,Tea House","170898545013",54
31157371,"restaurant_70","IL","Snack and Nonalcoholic Beverage Bars","Bakery,Coffee Shop,Counter Service,Dessert,Snacks,Tea House","170898524035",37
31157372,"restaurant_70","IL","Snack and Nonalcoholic Beverage Bars","Bakery,Coffee Shop,Counter Service,Dessert,Snacks,Tea House","170938905006",36
31157373,"restaurant_70","IL","Snack and Nonalcoholic Beverage Bars","Bakery,Coffee Shop,Counter Service,Dessert,Snacks,Tea House","170898524033",26
31157374,"restaurant_70","IL","Snack and Nonalcoholic Beverage Bars","Bakery,Coffee Shop,Counter Service,Dessert,Snacks,Tea House","170898524034",25
31157375,"restaurant_70","IL","Snack and Nonalcoholic Beverage Bars","Bakery,Coffee Shop,Counter Service,Dessert,Snacks,Tea House","170370018002",21
31157376,"restaurant_70","IL","Snack and Nonalcoholic Beverage Bars","Bakery,Coffee Shop,Counter Service,Dessert,Snacks,Tea House","170898545012",21
31157377,"restaurant_70","IL","Snack and Nonalcoholic Beverage Bars","Bakery,Coffee Shop,Counter Service,Dessert,Snacks,Tea House","170898545032",20
31157378,"restaurant_70","IL","Snack and Nonalcoholic Beverage Bars","Bakery,Coffee Shop,Counter Service,Dessert,Snacks,Tea House","170938904002",20
31157379,"restaurant_70","IL","Snack and Nonalcoholic Beverage Bars","Bakery,Coffee Shop,Counter Service,Dessert,Snacks,Tea House","170898545033",16
31157380,"restaurant_70","IL","Snack and Nonalcoholic Beverage Bars","Bakery,Coffee Shop,Counter Service,Dessert,Snacks,Tea House","170938905004",13
31157381,"restaurant_70","IL","Snack and Nonalcoholic Beverage Bars","Bakery,Coffee Shop,Counter Service,Dessert,Snacks,Tea House","170898524023",11
31157382,"restaurant_70","IL","Snack and Nonalcoholic Beverage Bars","Bakery,Coffee Shop,Counter Service,Dessert,Snacks,Tea House","170938906001",9
31157383,"restaurant_70","IL","Snack and Nonalcoholic Beverage Bars","Bakery,Coffee Shop,Counter Service,Dessert,Snacks,Tea House","170898545011",8
31157384,"restaurant_70","IL","Snack and Nonalcoholic Beverage Bars","Bakery,Coffee Shop,Counter Service,Dessert,Snacks,Tea House","170370017001",8
31157385,"restaurant_70","IL","Snack and Nonalcoholic Beverage Bars","Bakery,Coffee Shop,Counter Service,Dessert,Snacks,Tea House","170898530011",7
31157386,"restaurant_70","IL","Snack and Nonalcoholic Beverage Bars","Bakery,Coffee Shop,Counter Service,Dessert,Snacks,Tea House","170370018001",7
31157387,"restaurant_70","IL","Snack and Nonalcoholic Beverage Bars","Bakery,Coffee Shop,Counter Service,Dessert,Snacks,Tea House","170370020002",6
31157388,"restaurant_70","IL","Snack and Nonalcoholic Beverage Bars","Bakery,Coffee Shop,Counter Service,Dessert,Snacks,Tea House","170898548002",6
31157389,"restaurant_70","IL","Snack and Nonalcoholic Beverage Bars","Bakery,Coffee Shop,Counter Service,Dessert,Snacks,Tea House","170938906003",6
31157390,"restaurant_70","IL","Snack and Nonalcoholic Beverage Bars","Bakery,Coffee Shop,Counter Service,Dessert,Snacks,Tea House","170898524031",6
31157391,"restaurant_70","IL","Snack and Nonalcoholic Beverage Bars","Bakery,Coffee Shop,Counter Service,Dessert,Snacks,Tea House","170999617022",5
31157392,"restaurant_70","IL","Snack and Nonalcoholic Beverage Bars","Bakery,Coffee Shop,Counter Service,Dessert,Snacks,Tea House","170938904003",5
31157393,"restaurant_70","IL","Snack and Nonalcoholic Beverage Bars","Bakery,Coffee Shop,Counter Service,Dessert,Snacks,Tea House","170898530051",5
31157394,"restaurant_70","IL","Snack and Nonalcoholic Beverage Bars","Bakery,Coffee Shop,Counter Service,Dessert,Snacks,Tea House","170999617013",5
31157395,"restaurant_70","IL","Snack and Nonalcoholic Beverage Bars","Bakery,Coffee Shop,Counter Service,Dessert,Snacks,Tea House","170898528071",5
31157396,"restaurant_70","IL","Snack and Nonalcoholic Beverage Bars","Bakery,Coffee Shop,Counter Service,Dessert,Snacks,Tea House","170370020003",5
31157397,"restaurant_70","IL","Snack and Nonalcoholic Beverage Bars","Bakery,Coffee Shop,Counter Service,Dessert,Snacks,Tea House","170999617021",4
31157398,"restaurant_70","IL","Snack and Nonalcoholic Beverage Bars","Bakery,Coffee Shop,Counter Service,Dessert,Snacks,Tea House","170938905003",4
31157399,"restaurant_70","IL","Snack and Nonalcoholic Beverage Bars","Bakery,Coffee Shop,Counter Service,Dessert,Snacks,Tea House","170938901011",4
31157400,"restaurant_70","IL","Snack and Nonalcoholic Beverage Bars","Bakery,Coffee Shop,Counter Service,Dessert,Snacks,Tea House","170898540012",4
31157401,"restaurant_70","IL","Snack and Nonalcoholic Beverage Bars","Bakery,Coffee Shop,Counter Service,Dessert,Snacks,Tea House","170938905001",4
31157402,"restaurant_70","IL","Snack and Nonalcoholic Beverage Bars","Bakery,Coffee Shop,Counter Service,Dessert,Snacks,Tea House","171030009001",4
31157403,"restaurant_70","IL","Snack and Nonalcoholic Beverage Bars","Bakery,Coffee Shop,Counter Service,Dessert,Snacks,Tea House","170898529062",4
31157404,"restaurant_70","IL","Snack and Nonalcoholic Beverage Bars","Bakery,Coffee Shop,Counter Service,Dessert,Snacks,Tea House","170438446011",4
31157405,"restaurant_70","IL","Snack and Nonalcoholic Beverage Bars","Bakery,Coffee Shop,Counter Service,Dessert,Snacks,Tea House","170370016001",4
31157406,"restaurant_70","IL","Snack and Nonalcoholic Beverage Bars","Bakery,Coffee Shop,Counter Service,Dessert,Snacks,Tea House","170370021002",4
31157407,"restaurant_70","IL","Snack and Nonalcoholic Beverage Bars","Bakery,Coffee Shop,Counter Service,Dessert,Snacks,Tea House","170898524032",4
31157408,"restaurant_70","IL","Snack and Nonalcoholic Beverage Bars","Bakery,Coffee Shop,Counter Service,Dessert,Snacks,Tea House","170938904004",4
31157409,"restaurant_70","IL","Snack and Nonalcoholic Beverage Bars","Bakery,Coffee Shop,Counter Service,Dessert,Snacks,Tea House","170898530052",4
31157410,"restaurant_70","IL","Snack and Nonalcoholic Beverage Bars","Bakery,Coffee Shop,Counter Service,Dessert,Snacks,Tea House","170938903023",4
31157411,"restaurant_70","IL","Snack and Nonalcoholic Beverage Bars","Bakery,Coffee Shop,Counter Service,Dessert,Snacks,Tea House","170370020001",4
31157412,"restaurant_70","IL","Snack and Nonalcoholic Beverage Bars","Bakery,Coffee Shop,Counter Service,Dessert,Snacks,Tea House","170898530043",4
31157413,"restaurant_70","IL","Snack and Nonalcoholic Beverage Bars","Bakery,Coffee Shop,Counter Service,Dessert,Snacks,Tea House","170938903012",4
31157414,"restaurant_70","IL","Snack and Nonalcoholic Beverage Bars","Bakery,Coffee Shop,Counter Service,Dessert,Snacks,Tea House","170438464131",4
31157415,"restaurant_70","IL","Snack and Nonalcoholic Beverage Bars","Bakery,Coffee Shop,Counter Service,Dessert,Snacks,Tea House","170898522021",4
31157416,"restaurant_70","IL","Snack and Nonalcoholic Beverage Bars","Bakery,Coffee Shop,Counter Service,Dessert,Snacks,Tea House","170898530063",4
31157417,"restaurant_70","IL","Snack and Nonalcoholic Beverage Bars","Bakery,Coffee Shop,Counter Service,Dessert,Snacks,Tea House","170999617011",4
31157418,"restaurant_70","IL","Snack and Nonalcoholic Beverage Bars","Bakery,Coffee Shop,Counter Service,Dessert,Snacks,Tea House","170438465113",4
31157419,"restaurant_70","IL","Snack and Nonalcoholic Beverage Bars","Bakery,Coffee Shop,Counter Service,Dessert,Snacks,Tea House","170898531001",4
31157420,"restaurant_70","IL","Snack and Nonalcoholic Beverage Bars","Bakery,Coffee Shop,Counter Service,Dessert,Snacks,Tea House","170938901023",4
31157421,"restaurant_70","IL","Snack and Nonalcoholic Beverage Bars","Bakery,Coffee Shop,Counter Service,Dessert,Snacks,Tea House","171030008004",4
31157422,"restaurant_70","IL","Snack and Nonalcoholic Beverage Bars","Bakery,Coffee Shop,Counter Service,Dessert,Snacks,Tea House","170438464112",4
31157423,"restaurant_70","IL","Snack and Nonalcoholic Beverage Bars","Bakery,Coffee Shop,Counter Service,Dessert,Snacks,Tea House","170438461042",4
31157424,"restaurant_70","IL","Snack and Nonalcoholic Beverage Bars","Bakery,Coffee Shop,Counter Service,Dessert,Snacks,Tea House","170370015003",4
31157425,"restaurant_70","IL","Snack and Nonalcoholic Beverage Bars","Bakery,Coffee Shop,Counter Service,Dessert,Snacks,Tea House","170898547003",4
31157426,"restaurant_70","IL","Snack and Nonalcoholic Beverage Bars","Bakery,Coffee Shop,Counter Service,Dessert,Snacks,Tea House","360630211001",4
31157427,"restaurant_70","IL","Snack and Nonalcoholic Beverage Bars","Bakery,Coffee Shop,Counter Service,Dessert,Snacks,Tea House","245101102002",4
31157428,"restaurant_70","IL","Snack and Nonalcoholic Beverage Bars","Bakery,Coffee Shop,Counter Service,Dessert,Snacks,Tea House","170898507012",4
31157429,"restaurant_70","IL","Snack and Nonalcoholic Beverage Bars","Bakery,Coffee Shop,Counter Service,Dessert,Snacks,Tea House","170318378002",4
31157430,"restaurant_70","IL","Snack and Nonalcoholic Beverage Bars","Bakery,Coffee Shop,Counter Service,Dessert,Snacks,Tea House","170438465172",4
31157431,"restaurant_70","IL","Snack and Nonalcoholic Beverage Bars","Bakery,Coffee Shop,Counter Service,Dessert,Snacks,Tea House","170370019002",4
31157432,"restaurant_70","IL","Snack and Nonalcoholic Beverage Bars","Bakery,Coffee Shop,Counter Service,Dessert,Snacks,Tea House","170898520021",4
31157433,"restaurant_70","IL","Snack and Nonalcoholic Beverage Bars","Bakery,Coffee Shop,Counter Service,Dessert,Snacks,Tea House","170898540011",4
31157434,"restaurant_70","IL","Snack and Nonalcoholic Beverage Bars","Bakery,Coffee Shop,Counter Service,Dessert,Snacks,Tea House","170898507014",4
31157435,"restaurant_70","IL","Snack and Nonalcoholic Beverage Bars","Bakery,Coffee Shop,Counter Service,Dessert,Snacks,Tea House","171030009002",4
31157436,"restaurant_70","IL","Snack and Nonalcoholic Beverage Bars","Bakery,Coffee Shop,Counter Service,Dessert,Snacks,Tea House","170999618002",4
31157437,"restaurant_70","IL","Snack and Nonalcoholic Beverage Bars","Bakery,Coffee Shop,Counter Service,Dessert,Snacks,Tea House","170370019001",4
31157438,"restaurant_70","IL","Snack and Nonalcoholic Beverage Bars","Bakery,Coffee Shop,Counter Service,Dessert,Snacks,Tea House","170898528083",4
31157439,"restaurant_70","IL","Snack and Nonalcoholic Beverage Bars","Bakery,Coffee Shop,Counter Service,Dessert,Snacks,Tea House","170370006004",4
31157440,"restaurant_70","IL","Snack and Nonalcoholic Beverage Bars","Bakery,Coffee Shop,Counter Service,Dessert,Snacks,Tea House","171978804142",4
31157441,"restaurant_70","IL","Snack and Nonalcoholic Beverage Bars","Bakery,Coffee Shop,Counter Service,Dessert,Snacks,Tea House","170438465091",4
31157442,"restaurant_70","IL","Snack and Nonalcoholic Beverage Bars","Bakery,Coffee Shop,Counter Service,Dessert,Snacks,Tea House","170898527006",4
31157443,"restaurant_70","IL","Snack and Nonalcoholic Beverage Bars","Bakery,Coffee Shop,Counter Service,Dessert,Snacks,Tea House","170370004001",4
31157444,"restaurant_70","IL","Snack and Nonalcoholic Beverage Bars","Bakery,Coffee Shop,Counter Service,Dessert,Snacks,Tea House","170898520013",4
31157445,"restaurant_70","IL","Snack and Nonalcoholic Beverage Bars","Bakery,Coffee Shop,Counter Service,Dessert,Snacks,Tea House","170898531002",4
31157446,"restaurant_70","IL","Snack and Nonalcoholic Beverage Bars","Bakery,Coffee Shop,Counter Service,Dessert,Snacks,Tea House","170898548001",4
31157447,"restaurant_70","IL","Snack and Nonalcoholic Beverage Bars","Bakery,Coffee Shop,Counter Service,Dessert,Snacks,Tea House","170898507013",4
31157448,"restaurant_70","IL","Snack and Nonalcoholic Beverage Bars","Bakery,Coffee Shop,Counter Service,Dessert,Snacks,Tea House","170318419002",4
31157449,"restaurant_70","IL","Snack and Nonalcoholic Beverage Bars","Bakery,Coffee Shop,Counter Service,Dessert,Snacks,Tea House","170898528063",4
31157450,"restaurant_70","IL","Snack and Nonalcoholic Beverage Bars","Bakery,Coffee Shop,Counter Service,Dessert,Snacks,Tea House","170898540024",4
31157451,"restaurant_70","IL","Snack and Nonalcoholic Beverage Bars","Bakery,Coffee Shop,Counter Service,Dessert,Snacks,Tea House","170370021001",4
31157452,"restaurant_70","IL","Snack and Nonalcoholic Beverage Bars","Bakery,Coffee Shop,Counter Service,Dessert,Snacks,Tea House","170898529032",4
31157453,"restaurant_70","IL","Snack and Nonalcoholic Beverage Bars","Bakery,Coffee Shop,Counter Service,Dessert,Snacks,Tea House","170999634001",4
31157454,"restaurant_70","IL","Snack and Nonalcoholic Beverage Bars","Bakery,Coffee Shop,Counter Service,Dessert,Snacks,Tea House","170898539001",4
31157455,"restaurant_70","IL","Snack and Nonalcoholic Beverage Bars","Bakery,Coffee Shop,Counter Service,Dessert,Snacks,Tea House","170898539005",4
31157456,"restaurant_70","IL","Snack and Nonalcoholic Beverage Bars","Bakery,Coffee Shop,Counter Service,Dessert,Snacks,Tea House","170938902012",4
31157457,"restaurant_70","IL","Snack and Nonalcoholic Beverage Bars","Bakery,Coffee Shop,Counter Service,Dessert,Snacks,Tea House","170898530061",4
31157458,"restaurant_70","IL","Snack and Nonalcoholic Beverage Bars","Bakery,Coffee Shop,Counter Service,Dessert,Snacks,Tea House","171978803132",4
31157459,"restaurant_70","IL","Snack and Nonalcoholic Beverage Bars","Bakery,Coffee Shop,Counter Service,Dessert,Snacks,Tea House","170999623002",4
31157460,"restaurant_70","IL","Snack and Nonalcoholic Beverage Bars","Bakery,Coffee Shop,Counter Service,Dessert,Snacks,Tea House","170438413122",4
31157461,"restaurant_70","IL","Snack and Nonalcoholic Beverage Bars","Bakery,Coffee Shop,Counter Service,Dessert,Snacks,Tea House","171030001004",4
31157462,"restaurant_70","IL","Snack and Nonalcoholic Beverage Bars","Bakery,Coffee Shop,Counter Service,Dessert,Snacks,Tea House","170318180003",4
31157463,"restaurant_70","IL","Snack and Nonalcoholic Beverage Bars","Bakery,Coffee Shop,Counter Service,Dessert,Snacks,Tea House","170938906004",4
31157464,"restaurant_70","IL","Snack and Nonalcoholic Beverage Bars","Bakery,Coffee Shop,Counter Service,Dessert,Snacks,Tea House","170898521024",4
31157465,"restaurant_70","IL","Snack and Nonalcoholic Beverage Bars","Bakery,Coffee Shop,Counter Service,Dessert,Snacks,Tea House","170898545014",4
31270874,"restaurant_95","OH","Limited-Service Restaurants","Chicken,Chicken Wings","390351311032",7
31270875,"restaurant_95","OH","Limited-Service Restaurants","Chicken,Chicken Wings","390351311033",7
31270876,"restaurant_95","OH","Limited-Service Restaurants","Chicken,Chicken Wings","390351311034",7
31270877,"restaurant_95","OH","Limited-Service Restaurants","Chicken,Chicken Wings","390351311042",6
31270878,"restaurant_95","OH","Limited-Service Restaurants","Chicken,Chicken Wings","390351702011",5
31270879,"restaurant_95","OH","Limited-Service Restaurants","Chicken,Chicken Wings","390351852022",5
31270880,"restaurant_95","OH","Limited-Service Restaurants","Chicken,Chicken Wings","390351871061",5
31270881,"restaurant_95","OH","Limited-Service Restaurants","Chicken,Chicken Wings","390351834021",5
31270882,"restaurant_95","OH","Limited-Service Restaurants","Chicken,Chicken Wings","390351871051",4
31270883,"restaurant_95","OH","Limited-Service Restaurants","Chicken,Chicken Wings","390351871063",4
31270884,"restaurant_95","OH","Limited-Service Restaurants","Chicken,Chicken Wings","390351551012",4
31270885,"restaurant_95","OH","Limited-Service Restaurants","Chicken,Chicken Wings","390351311021",4
31270886,"restaurant_95","OH","Limited-Service Restaurants","Chicken,Chicken Wings","390351702022",4
31270887,"restaurant_95","OH","Limited-Service Restaurants","Chicken,Chicken Wings","390351791012",4
31270888,"restaurant_95","OH","Limited-Service Restaurants","Chicken,Chicken Wings","390351702024",4
31270889,"restaurant_95","OH","Limited-Service Restaurants","Chicken,Chicken Wings","390351722022",4
31270890,"restaurant_95","OH","Limited-Service Restaurants","Chicken,Chicken Wings","390351311041",4
31270891,"restaurant_95","OH","Limited-Service Restaurants","Chicken,Chicken Wings","390351833005",4
31270892,"restaurant_95","OH","Limited-Service Restaurants","Chicken,Chicken Wings","390351852023",4
31270893,"restaurant_95","OH","Limited-Service Restaurants","Chicken,Chicken Wings","390351417001",4
31270894,"restaurant_95","OH","Limited-Service Restaurants","Chicken,Chicken Wings","390351791021",4
31270895,"restaurant_95","OH","Limited-Service Restaurants","Chicken,Chicken Wings","391535301045",4
31270896,"restaurant_95","OH","Limited-Service Restaurants","Chicken,Chicken Wings","390351404003",4
31270897,"restaurant_95","OH","Limited-Service Restaurants","Chicken,Chicken Wings","391336006022",4
31270898,"restaurant_95","OH","Limited-Service Restaurants","Chicken,Chicken Wings","390351791022",4
31270899,"restaurant_95","OH","Limited-Service Restaurants","Chicken,Chicken Wings","390351187001",4
31270900,"restaurant_95","OH","Limited-Service Restaurants","Chicken,Chicken Wings","390351162002",4
31270901,"restaurant_95","OH","Limited-Service Restaurants","Chicken,Chicken Wings","390351077011",4
31270902,"restaurant_95","OH","Limited-Service Restaurants","Chicken,Chicken Wings","390351963003",4
31270903,"restaurant_95","OH","Limited-Service Restaurants","Chicken,Chicken Wings","390351701021",4
31270904,"restaurant_95","OH","Limited-Service Restaurants","Chicken,Chicken Wings","390351408004",4
31270905,"restaurant_95","OH","Limited-Service Restaurants","Chicken,Chicken Wings","390351852031",4
31270906,"restaurant_95","OH","Limited-Service Restaurants","Chicken,Chicken Wings","390351871031",4
31270907,"restaurant_95","OH","Limited-Service Restaurants","Chicken,Chicken Wings","390351841062",4
31270908,"restaurant_95","OH","Limited-Service Restaurants","Chicken,Chicken Wings","390351881032",4
31270909,"restaurant_95","OH","Limited-Service Restaurants","Chicken,Chicken Wings","390351408001",4
31270910,"restaurant_95","OH","Limited-Service Restaurants","Chicken,Chicken Wings","390351851043",4
31270911,"restaurant_95","OH","Limited-Service Restaurants","Chicken,Chicken Wings","390351403022",4
31270912,"restaurant_95","OH","Limited-Service Restaurants","Chicken,Chicken Wings","390351071011",4
31270913,"restaurant_95","OH","Limited-Service Restaurants","Chicken,Chicken Wings","390351871043",4
31270914,"restaurant_95","OH","Limited-Service Restaurants","Chicken,Chicken Wings","390351415001",4
31270915,"restaurant_95","OH","Limited-Service Restaurants","Chicken,Chicken Wings","390852016002",4
31270916,"restaurant_95","OH","Limited-Service Restaurants","Chicken,Chicken Wings","390351833003",4
31270917,"restaurant_95","OH","Limited-Service Restaurants","Chicken,Chicken Wings","390351411003",4
31270918,"restaurant_95","OH","Limited-Service Restaurants","Chicken,Chicken Wings","390351721012",4
31270919,"restaurant_95","OH","Limited-Service Restaurants","Chicken,Chicken Wings","390351871062",4
31270920,"restaurant_95","OH","Limited-Service Restaurants","Chicken,Chicken Wings","390852040004",4
31270921,"restaurant_95","OH","Limited-Service Restaurants","Chicken,Chicken Wings","390351852011",4
31270922,"restaurant_95","OH","Limited-Service Restaurants","Chicken,Chicken Wings","390351526031",4
31270923,"restaurant_95","OH","Limited-Service Restaurants","Chicken,Chicken Wings","390351701024",4
31270924,"restaurant_95","OH","Limited-Service Restaurants","Chicken,Chicken Wings","390351311031",4
31270925,"restaurant_95","OH","Limited-Service Restaurants","Chicken,Chicken Wings","390553108001",4
31270926,"restaurant_95","OH","Limited-Service Restaurants","Chicken,Chicken Wings","391535327083",4
31270927,"restaurant_95","OH","Limited-Service Restaurants","Chicken,Chicken Wings","390351841085",4
31270928,"restaurant_95","OH","Limited-Service Restaurants","Chicken,Chicken Wings","390351833004",4
31270929,"restaurant_95","OH","Limited-Service Restaurants","Chicken,Chicken Wings","390351408003",4
31270930,"restaurant_95","OH","Limited-Service Restaurants","Chicken,Chicken Wings","390351171021",4
32142039,"restaurant_17","TN","Full-Service Restaurants","Mexican Food","471490409011",7
32142040,"restaurant_17","TN","Full-Service Restaurants","Mexican Food","471490414031",4
32142041,"restaurant_17","TN","Full-Service Restaurants","Mexican Food","471490409031",4
32142042,"restaurant_17","TN","Full-Service Restaurants","Mexican Food","471870502031",4
